{
    "time": 2.8594722747802734,
    "initial_pose": [
        0.36011839671379253,
        -0.3582603987291775,
        0.504291161426615,
        -2.02002218839498,
        -0.5798461036766788,
        1.982413717184097
    ],
    "best_delta": 165.47072418064346
}