{
    "time": 2.446949005126953,
    "initial_pose": [
        0.2529829979675807,
        -0.23998452561466077,
        0.5241277171409249,
        -0.5605749138239394,
        -2.0939986590999635,
        -1.1124316194519206
    ],
    "best_delta": 112.95938359789795
}