{
    "time": 10.972802877426147,
    "initial_pose": [
        -0.07531228175255256,
        -0.5370435007710588,
        0.29933936469656663,
        -2.3419708396230585,
        -3.030293467181147,
        1.6375147149218152
    ],
    "best_delta": 156.12023489681235
}