{
    "time": 4.975636005401611,
    "initial_pose": [
        0.4244354581924943,
        -0.47055956388711384,
        0.51730814732424,
        -0.36427004888104664,
        2.242539529377543,
        2.196114811179631
    ],
    "best_delta": 100.89736798891364
}