{
    "time": 3.0124101638793945,
    "initial_pose": [
        0.24753247325265693,
        -0.1368280391047929,
        0.29427408797470717,
        -1.783002534266458,
        -1.3978260947774188,
        3.0985131058844813
    ],
    "best_delta": 134.35914036407536
}