{
    "time": 333.84349393844604,
    "initial_pose": [
        -0.06367606950265858,
        0.2535942891814914,
        0.26850345759140354,
        0.8821584105144505,
        -0.217235303645472,
        0.224320207816866
    ]
}