{
    "time": 4.977621078491211,
    "initial_pose": [
        -0.1538518867497216,
        -0.5985508651275454,
        0.35713554393694424,
        -2.0383638269034274,
        0.10771841204237904,
        0.2934054232502779
    ],
    "best_delta": 169.72254662223335
}