{
    "time": 4.877904891967773,
    "initial_pose": [
        -0.023519425542969485,
        -0.5412402487760363,
        0.28212051542135735,
        0.8801618486204142,
        2.1374527519128907,
        1.498226594471335
    ],
    "best_delta": 111.89470045853368
}