{
    "time": 4.717959880828857,
    "initial_pose": [
        0.10395293618358814,
        -0.6831465779123618,
        0.3038417546959935,
        -1.9104520240566467,
        0.32591748704223283,
        -0.5781665575239255
    ],
    "best_delta": 156.1566162569323
}