{
    "time": 3.2364020347595215,
    "initial_pose": [
        0.49171810548483996,
        -0.16670272743415893,
        0.2080626196842244,
        3.027766670219587,
        -2.434287794141346,
        1.6828675347705304
    ],
    "best_delta": 381.7212284266867
}