{
    "time": 4.689861059188843,
    "initial_pose": [
        0.4336392357874421,
        -0.506221811529392,
        0.8289204087284237,
        1.8271909789734975,
        -0.5629562214718767,
        0.3972236923537336
    ],
    "best_delta": 227.11866599645097
}