{
    "number_of_trajectories": 1,
    "success_rate": 0.02,
    "average_time": 101.64161992073059,
    "average_length": 0.5077082064507861,
    "best_length": 0.5077082064507861,
    "worst_length": 0.5077082064507861
}