{
    "time": 2.625046730041504,
    "initial_pose": [
        -0.13098980683198425,
        -0.6364430779448678,
        0.3471797470943131,
        -1.7008975314268762,
        0.7274744606304238,
        0.4157895055210385
    ],
    "best_delta": 152.0359653116384
}