{
    "time": 4.887608051300049,
    "initial_pose": [
        0.38987411688700835,
        -0.325189154260916,
        0.47342114247086287,
        0.8465691691926588,
        -1.2820648023653605,
        0.4496338346453275
    ],
    "best_delta": 180.85673145003625
}