{
    "time": 3.5147228240966797,
    "initial_pose": [
        0.3828357057554447,
        -0.3353176144729213,
        0.8158110499399163,
        -3.0635550404357836,
        1.670145153148077,
        0.4759152263091533
    ],
    "best_delta": 113.63406267865174
}