{
    "number_of_trajectories": 1,
    "success_rate": 1.0,
    "average_time": 2.928510904312134,
    "average_length": 140.2101441164819,
    "best_length": 140.2101441164819,
    "worst_length": 140.2101441164819
}