{
    "time": 2.9669320583343506,
    "initial_pose": [
        0.03568190065643373,
        -0.2921050661350624,
        0.6172650166117917,
        -1.5190111045989632,
        -0.13883303354794607,
        -1.48870224104272
    ],
    "best_delta": 239.0313705871901
}