{
    "time": 4.036066055297852,
    "initial_pose": [
        -0.3511682066222215,
        -0.42668413146612605,
        0.4215813149611827,
        2.8511179251506156,
        1.4694791480335159,
        1.6312741599798712
    ],
    "best_delta": 204.60733022028685
}