{
    "time": 1.6893980503082275,
    "initial_pose": [
        0.21328429858189157,
        -0.5679640493008008,
        0.6186929924324248,
        -0.7685711990905909,
        2.3402588389701138,
        3.1053104094699733
    ],
    "best_delta": 279.06229523717076
}