{
    "time": 3.125710964202881,
    "initial_pose": [
        0.15689615732677198,
        -0.6676301968618501,
        0.22664042053280803,
        0.17055346529825743,
        1.6606901222307677,
        -2.646635701267541
    ],
    "best_delta": 342.2735815098122
}