{
    "time": 2.273253917694092,
    "initial_pose": [
        0.4604713028441244,
        -0.4019259584292123,
        0.36213234557319857,
        -1.924350972698051,
        -2.5937286309393817,
        -2.4993581067421835
    ],
    "best_delta": 168.38153444839412
}