{
    "time": 4.114296913146973,
    "initial_pose": [
        0.2307537989985443,
        -0.36901176349715836,
        0.4134318261916975,
        -2.0399473579588463,
        2.6327913939872163,
        2.609967732233469
    ],
    "best_delta": 147.46931218726954
}