{
    "number_of_trajectories": 1,
    "success_rate": 0.1111111111111111,
    "average_time": 132.34528732299805
}