{
    "time": 3.0391688346862793,
    "initial_pose": [
        0.21682413538541712,
        -0.5150731273303717,
        0.528793164472021,
        1.1757723398280782,
        2.798294613133498,
        1.75349307213566
    ],
    "best_delta": 82.68533459428832
}