{
    "time": 3.564675807952881,
    "initial_pose": [
        0.253469732888992,
        -0.23208005897924056,
        0.5813880730006707,
        2.2440901878723807,
        -0.038549148843137995,
        -1.1736051958886045
    ],
    "best_delta": 213.7155645963112
}