{
    "time": 2.386902093887329,
    "initial_pose": [
        0.33712437401268247,
        -0.5185246832660422,
        0.28695045043134576,
        1.3837578636175494,
        -1.2694904571865435,
        0.79250053996616
    ],
    "best_delta": 139.4742492960476
}