{
    "time": 48.2293119430542,
    "initial_pose": [
        0.2292808,
        -0.44744207,
        0.77738358,
        -1.77372786,
        1.0099987,
        2.8493291
    ],
    "best_delta": 3.2199983013406692
}