{
    "number_of_trajectories": 1,
    "success_rate": 0.09090909090909091,
    "average_time": 26.546210050582886,
    "average_length": 716.1471966968173,
    "best_length": 716.1471966968173,
    "worst_length": 716.1471966968173
}