{
    "time": 10.689591884613037,
    "initial_pose": [
        -0.04033915,
        -0.4775,
        0.47076135,
        -2.15655703,
        -1.07573117,
        1.06077852
    ]
}