{
    "time": 1.7331128120422363,
    "initial_pose": [
        0.3341863979590316,
        -0.5673057042805737,
        0.7832821272918493,
        1.58650990119958,
        2.368285208664727,
        -2.4500967084176524
    ],
    "best_delta": 249.3520694972678
}