{
    "time": 3.948721170425415,
    "initial_pose": [
        0.15766328709671795,
        -0.7097113537347243,
        0.472415000218297,
        -0.27662428836947883,
        1.1931404705946629,
        -2.660022194688026
    ],
    "best_delta": 81.01169259690913
}