{
    "time": 3.154888868331909,
    "initial_pose": [
        0.15537976902219852,
        -0.33223125409473964,
        0.47466648969699765,
        1.414179807951861,
        -0.9980820201806624,
        -1.2142265719469028
    ],
    "best_delta": 154.587698486774
}