{
    "time": 2.6298811435699463,
    "initial_pose": [
        0.02772862969831358,
        -0.6999517915290843,
        0.5542983063731495,
        -0.16716547510296242,
        0.8754691317751099,
        -1.974006346512763
    ],
    "best_delta": 99.38008541674307
}