{
    "time": 4.388585090637207,
    "initial_pose": [
        0.46027490732058585,
        -0.3878536587772482,
        0.5555883021736606,
        -0.6857732651737122,
        -1.410766835225012,
        2.701998246365991
    ],
    "best_delta": 125.8483731548333
}