{
    "time": 1.9908640384674072,
    "initial_pose": [
        -0.06250979886045027,
        -0.6041156967303777,
        0.7393751366294772,
        -1.0102813581569823,
        0.8601032109018614,
        -0.8552890226265457
    ],
    "best_delta": 111.39209824073566
}