{
  "number_of_trajectories": 50,
  "success_rate": 0.1694915254237288,
  "average_time": 4.275757632255554,
  "average_length": 115.6039407504378,
  "best_length": 71.69571084644602,
  "worst_length": 252.88737845627313
}
