{
    "time": 11.726191759109497,
    "initial_pose": [
        -0.04033915,
        -0.4775,
        0.37076135,
        -2.15655703,
        -1.07573117,
        1.06077852
    ]
}