{
    "time": 2.5571048259735107,
    "initial_pose": [
        -0.09675234094542007,
        -0.2964824405640476,
        0.37770033276215415,
        2.55053994433598,
        -0.7822672388926943,
        0.9575679862755173
    ],
    "best_delta": 165.95550862715643
}