{
    "time": 1.7435951232910156,
    "initial_pose": [
        -0.2687275076441753,
        -0.7758108411440895,
        0.6353625370522105,
        0.1571196323049079,
        -2.5983839175494663,
        -1.8142934276610114
    ],
    "best_delta": 167.2295299951597
}