{
    "time": 2.5824999809265137,
    "initial_pose": [
        -0.008513312957797337,
        -0.4188693756932007,
        0.21498279258944417,
        -0.7489943412362688,
        0.5942890701260372,
        0.5285841403290356
    ],
    "best_delta": 121.54363585746789
}