{
    "time": 6.351617097854614,
    "initial_pose": [
        0.2854679436441854,
        -0.35177992551058024,
        0.8603197982527444,
        -1.4367564184478698,
        -2.966552246389483,
        -2.312974554240163
    ],
    "best_delta": 142.8996987683205
}