{
    "time": 2.4055497646331787,
    "initial_pose": [
        0.30295142482949144,
        -0.44715862073039714,
        0.6347518556544046,
        -1.7690211281066155,
        -0.05830275402621858,
        0.5339641374321407
    ],
    "best_delta": 202.3950469597275
}