{
    "time": 3.9263150691986084,
    "initial_pose": [
        0.11112706361724356,
        -0.3615241657303824,
        0.3531103761913545,
        1.3061755769893653,
        -1.0640381272407102,
        0.5676341653430321
    ],
    "best_delta": 130.07024589418668
}