{
    "number_of_trajectories": 50,
    "success_rate": 0.13227513227513227,
    "average_time": 4.695737013816833,
    "average_length": 164.58975187596093,
    "best_length": 103.43709908079147,
    "worst_length": 381.7212284266867
}