{
    "time": 5.184005975723267,
    "initial_pose": [
        0.027385684100802332,
        -0.7281694651129118,
        0.4516491461007172,
        3.028083122541712,
        -0.471257006679402,
        2.0343390451684438
    ],
    "best_delta": 111.51887899134772
}