{
    "time": 3.7149369716644287,
    "initial_pose": [
        -0.062095220590756894,
        -0.48005486432147326,
        0.45809797600492563,
        1.7900353757637135,
        0.29156644075705457,
        -0.2816301469387871
    ],
    "best_delta": 126.46142055164253
}