{
    "time": 24.30396008491516,
    "initial_pose": [
        -0.06264888081790998,
        -0.583289621595308,
        0.6884828870491565,
        -0.5851465636416444,
        2.826455890614926,
        2.943033596808449
    ],
    "best_delta": 639.5222827483442
}