{
    "time": 2.2864439487457275,
    "initial_pose": [
        0.11290400949638613,
        -0.48747787558644906,
        0.39227174190738834,
        -2.0714384834464368,
        1.9634913860165817,
        -1.2840592198599825
    ],
    "best_delta": 112.29553016452549
}