{
    "time": 7.246741056442261,
    "initial_pose": [
        0.1224459783028512,
        -0.5524427808418773,
        0.2782955788807216,
        -3.0024060857546897,
        -2.8272759437970336,
        2.397971732578326
    ],
    "best_delta": 236.9813674779549
}