{
    "time": 2.999674081802368,
    "initial_pose": [
        0.4415596118329749,
        -0.4319664833832846,
        0.8998300915619859,
        -0.731155172636117,
        -2.221854052069483,
        -1.4551361530920524
    ],
    "best_delta": 97.00142297555865
}