{
    "time": 3.5731446743011475,
    "initial_pose": [
        0.19622357276696223,
        -0.03503712443514606,
        0.29755451536672856,
        2.8960229738702834,
        -2.1246276650948754,
        1.01825742851974
    ],
    "best_delta": 156.73035693245603
}