{
    "time": 2.969567060470581,
    "initial_pose": [
        0.07832424076635647,
        -0.26349003140172955,
        0.4328235073428991,
        0.936918342128267,
        -0.5715341581811879,
        -2.3667010876229297
    ],
    "best_delta": 140.85802250553664
}