{
    "time": 3.032504081726074,
    "initial_pose": [
        0.11847462898766037,
        -0.6238020240824602,
        0.43160941109637996,
        -2.3551850452453715,
        2.789743191999521,
        -1.1232692821597328
    ],
    "best_delta": 129.03989257829534
}