{
    "time": 2.6303811073303223,
    "initial_pose": [
        0.07076959421855655,
        -0.5592213327465707,
        0.20237804742729243,
        -2.742361270190407,
        -2.0973466046712907,
        1.5419985128623237
    ],
    "best_delta": 118.88702131862422
}