{
    "time": 6.690171718597412,
    "initial_pose": [
        0.208265724598667,
        -0.3510963572807395,
        0.2575369930334565,
        -1.9887740347159675,
        -2.5232509345231353,
        1.317699925390335
    ],
    "best_delta": 92.78053602962648
}