{
    "time": 4.990355014801025,
    "initial_pose": [
        0.12415766319729038,
        -0.6286529916752545,
        0.5091677502227046,
        -1.1997272857443348,
        -1.6022233130175687,
        2.702835842817913
    ],
    "best_delta": 109.28378885177683
}