{
    "time": 2.567460060119629,
    "initial_pose": [
        0.09492099634993356,
        -0.2023705607921169,
        0.6247418900290613,
        1.0339775492556287,
        0.09201539671756755,
        -0.8299000724473208
    ],
    "best_delta": 119.62692024416151
}