{
    "time": 3.107819080352783,
    "initial_pose": [
        -0.13643824104950242,
        -0.935965032056317,
        0.6182968089441984,
        2.0194306284223136,
        -0.16913515930195427,
        1.1460105791088309
    ],
    "best_delta": 294.8204440798491
}