{
    "time": 2.7558441162109375,
    "initial_pose": [
        0.2234661243941034,
        -0.456498098005348,
        0.7585292238615367,
        0.7478187804306864,
        2.0857808677662666,
        -1.5084227382391733
    ],
    "best_delta": 149.92982402777383
}