{
    "time": 3.6765942573547363,
    "initial_pose": [
        0.027618678645348393,
        -0.8084950992981769,
        0.5468928247717559,
        1.2470641940975384,
        1.211825406045139,
        2.003871041702523
    ],
    "best_delta": 159.58804610928033
}