{
    "time": 7.860087871551514,
    "initial_pose": [
        0.3979409191523463,
        -0.7234442879751174,
        0.2791809839962592,
        -2.851215239384643,
        2.4152398070571928,
        0.7762699966328673
    ],
    "best_delta": 252.88737845627313
}