{
    "time": 2.701591730117798,
    "initial_pose": [
        -0.025527705343401097,
        -0.8704114077873997,
        0.33565296466713834,
        0.11358969781886002,
        2.693289262254054,
        -2.2833233541233717
    ],
    "best_delta": 342.3639290875537
}