{
    "time": 13.750868797302246,
    "initial_pose": [
        0.34061987218788137,
        -0.342866824960369,
        0.42982651597047916,
        -1.4061422288500613,
        1.7347903581568132,
        1.995255256574672
    ],
    "best_delta": 129.45133526925204
}