{
    "time": 2.916816234588623,
    "initial_pose": [
        0.08162832082127336,
        -0.912498493281961,
        0.5855942627985178,
        0.44572134112648976,
        1.4177998518523673,
        -2.3591673309432735
    ],
    "best_delta": 97.47667872413372
}