{
    "time": 24.89223313331604,
    "initial_pose": [
        0.16369716654091537,
        -0.48050500248581307,
        0.6584377232412033,
        -1.5017749661759856,
        -2.1044107122453988,
        1.859463788845796
    ],
    "best_delta": 760.1741925561596
}