{
    "time": 4.397942066192627,
    "initial_pose": [
        0.0018601243436342507,
        -0.9794187297592749,
        0.562326028286577,
        -0.8829776889549062,
        2.792551540822221,
        -1.0247805386891462
    ],
    "best_delta": 131.91155722937654
}