{
    "time": 8.032424211502075,
    "initial_pose": [
        0.37225889553092284,
        -0.3012725897550804,
        0.2818579494805704,
        -0.36280083923943096,
        -1.8852850278921784,
        2.8457939226131446
    ],
    "best_delta": 100.1500104220347
}