{
    "number_of_trajectories": 1,
    "success_rate": 0.2,
    "average_time": 24.912506103515625,
    "average_length": 760.1741925561596,
    "best_length": 760.1741925561596,
    "worst_length": 760.1741925561596
}