{
    "time": 4.039322853088379,
    "initial_pose": [
        0.2712454158740688,
        -0.6663081716421335,
        0.500483282656494,
        -2.46146109221773,
        0.7155155314901471,
        -0.389262482909625
    ],
    "best_delta": 113.9687045104932
}