{
    "time": 4.25992488861084,
    "initial_pose": [
        -0.04464790650909689,
        -0.30859534277169265,
        0.564537295513631,
        -0.3539742561690526,
        -3.0168383102170115,
        -2.3679590846471337
    ],
    "best_delta": 165.78132552567854
}