{
    "time": 132.3382704257965,
    "initial_pose": [
        0.5256972715723665,
        -0.054395654715363895,
        0.3773588612548266,
        -2.2900845722764416,
        2.4014016606176143,
        -0.6742475644224997
    ]
}