{
    "time": 7.041465997695923,
    "initial_pose": [
        -0.09231969431613885,
        -0.5940912944028229,
        0.402757336511506,
        0.6884841907219237,
        0.11534714137291441,
        -1.9390571309283207
    ],
    "best_delta": 157.43673342710068
}