{
    "time": 1.8587350845336914,
    "initial_pose": [
        0.10902250330252838,
        -0.24540413699321384,
        0.4242888804050894,
        -2.2131037586398152,
        -3.0582763237656514,
        -2.6556907955331317
    ],
    "best_delta": 138.6263873060237
}