{
    "time": 2.675076961517334,
    "initial_pose": [
        0.41824031161189623,
        -0.445400732511249,
        0.6793316961642025,
        3.091041821797111,
        -1.817738509807917,
        2.451139959331048
    ],
    "best_delta": 92.78771236776805
}