{
    "number_of_trajectories": 1,
    "success_rate": 0.5,
    "average_time": 787.0617480278015,
    "average_length": 93.76525361505888,
    "best_length": 93.76525361505888,
    "worst_length": 93.76525361505888
}