{
    "time": 4.4058451652526855,
    "initial_pose": [
        0.34878766745951895,
        -0.3415497777245676,
        0.22314189048445562,
        0.20405642074083,
        1.3866720054464066,
        -2.484971733133101
    ],
    "best_delta": 124.05005581135914
}