{
    "time": 5.8663060665130615,
    "initial_pose": [
        0.117603079474496,
        -0.29434840886067315,
        0.7614703658155553,
        -1.569849975398605,
        -2.987229625043178,
        -2.8468136982510286
    ],
    "best_delta": 198.3592467783296
}