{
    "time": 4.367073059082031,
    "initial_pose": [
        0.04086114109207273,
        -0.8115735528666286,
        0.47648281024464273,
        3.002230897771674,
        -2.764052027078052,
        1.5355203603272953
    ],
    "best_delta": 175.81620522498963
}