{
    "time": 2.4781911373138428,
    "initial_pose": [
        -0.07541863029169427,
        -0.48567009617753,
        0.2780143681251982,
        1.3081085615768877,
        -0.09619904234422813,
        1.0273338076273366
    ],
    "best_delta": 174.03098483275934
}