{
    "time": 3.270477771759033,
    "initial_pose": [
        -0.05733100740651065,
        -0.475940479263139,
        0.5240169036196924,
        -1.1186588892260811,
        2.6642726649926187,
        -2.1367127159830175
    ],
    "best_delta": 132.28981747898032
}