{
    "time": 5.673682928085327,
    "initial_pose": [
        0.18021741336362218,
        -0.33771470278023796,
        0.279738906055549,
        -2.844243757424092,
        2.217594709534021,
        -2.8876634945273434
    ],
    "best_delta": 189.70988868502616
}