{
    "number_of_trajectories": 1,
    "success_rate": 1.0,
    "average_time": 24.3250150680542,
    "average_length": 639.5222827483442,
    "best_length": 639.5222827483442,
    "worst_length": 639.5222827483442
}