{
    "time": 3.474189043045044,
    "initial_pose": [
        0.28010399615855863,
        -0.6576968809748253,
        0.24533349244901387,
        -1.9465117881208298,
        1.845274724866318,
        0.2875147796791419
    ],
    "best_delta": 239.56664231051647
}