{
    "time": 4.822013854980469,
    "initial_pose": [
        0.24676905095639323,
        -0.3264467410492986,
        0.6172146645980345,
        -2.266449717469703,
        3.140138355900792,
        1.8267830942758643
    ],
    "best_delta": 281.46900808777355
}