0.3999999762,-0.5473684072,-0.6210526228,1.4823196354,-0.3651937328,0.0015127022
0.4000165533,-0.5461561591,-0.6206163401,1.4838486125,-0.3647940356,0.0024119393
0.4000331305,-0.5449439109,-0.6201800573,1.4853774344,-0.3643929330,0.0033106563
0.4000497076,-0.5437316628,-0.6197437746,1.4869060977,-0.3639904257,0.0042088498
0.4000662848,-0.5425194146,-0.6193074919,1.4884345990,-0.3635865142,0.0051065162
0.4000828619,-0.5413071665,-0.6188712091,1.4899629351,-0.3631811995,0.0060036520
0.4000994391,-0.5400949183,-0.6184349264,1.4914911027,-0.3627744821,0.0069002538
0.4001160162,-0.5388826702,-0.6179986437,1.4930190984,-0.3623663629,0.0077963179
0.4001325934,-0.5376704220,-0.6175623609,1.4945469189,-0.3619568426,0.0086918409
0.4001491705,-0.5364581738,-0.6171260782,1.4960745609,-0.3615459219,0.0095868193
0.4001657477,-0.5352459257,-0.6166897955,1.4976020211,-0.3611336018,0.0104812496
0.4001823249,-0.5340336775,-0.6162535127,1.4991292963,-0.3607198829,0.0113751283
0.4001989020,-0.5328214294,-0.6158172300,1.5006563831,-0.3603047660,0.0122684520
0.4002154792,-0.5316091812,-0.6153809473,1.5021832782,-0.3598882520,0.0131612172
0.4002320563,-0.5303969331,-0.6149446645,1.5037099785,-0.3594703418,0.0140534204
0.4002486335,-0.5291846849,-0.6145083818,1.5052364806,-0.3590510360,0.0149450582
0.4002652106,-0.5279724367,-0.6140720991,1.5067627813,-0.3586303357,0.0158361271
0.4002817878,-0.5267601886,-0.6136358163,1.5082888773,-0.3582082416,0.0167266237
0.4002983649,-0.5255479404,-0.6131995336,1.5098147654,-0.3577847546,0.0176165446
0.4003149421,-0.5243356923,-0.6127632509,1.5113404423,-0.3573598756,0.0185058863
0.4003315192,-0.5231234441,-0.6123269681,1.5128659049,-0.3569336055,0.0193946453
0.4003480964,-0.5219111960,-0.6118906854,1.5143911498,-0.3565059452,0.0202828184
0.4003646735,-0.5206989478,-0.6114544027,1.5159161739,-0.3560768956,0.0211704020
0.4003812507,-0.5194866997,-0.6110181199,1.5174409740,-0.3556464577,0.0220573929
0.4003978279,-0.5182744515,-0.6105818372,1.5189655469,-0.3552146323,0.0229437875
0.4004144050,-0.5170622033,-0.6101455545,1.5204898893,-0.3547814204,0.0238295825
0.4004309822,-0.5158499552,-0.6097092717,1.5220139981,-0.3543468231,0.0247147745
0.4004475593,-0.5146377070,-0.6092729890,1.5235378701,-0.3539108411,0.0255993602
0.4004641365,-0.5134254589,-0.6088367063,1.5250615021,-0.3534734756,0.0264833361
0.4004807136,-0.5122132107,-0.6084004235,1.5265848910,-0.3530347276,0.0273666990
0.4004972908,-0.5110009626,-0.6079641408,1.5281080335,-0.3525945979,0.0282494455
0.4005138679,-0.5097887144,-0.6075278581,1.5296309266,-0.3521530877,0.0291315722
0.4005304451,-0.5085764662,-0.6070915753,1.5311535671,-0.3517101980,0.0300130758
0.4005470222,-0.5073642181,-0.6066552926,1.5326759519,-0.3512659298,0.0308939530
0.4005635994,-0.5061519699,-0.6062190099,1.5341980778,-0.3508202841,0.0317742004
0.4005801765,-0.5049397218,-0.6057827271,1.5357199416,-0.3503732620,0.0326538147
0.4005967537,-0.5037274736,-0.6053464444,1.5372415404,-0.3499248646,0.0335327927
0.4006133309,-0.5025152255,-0.6049101617,1.5387628710,-0.3494750929,0.0344111311
0.4006299080,-0.5013029773,-0.6044738789,1.5402839302,-0.3490239481,0.0352888265
0.4006464852,-0.5000907291,-0.6040375962,1.5418047150,-0.3485714313,0.0361658756
0.4006630623,-0.4988784810,-0.6036013135,1.5433252224,-0.3481175435,0.0370422753
0.4006796395,-0.4976662328,-0.6031650307,1.5448454491,-0.3476622858,0.0379180221
0.4006962166,-0.4964539847,-0.6027287480,1.5463653922,-0.3472056595,0.0387931129
0.4007127938,-0.4952417365,-0.6022924653,1.5478850486,-0.3467476656,0.0396675445
0.4007293709,-0.4940294884,-0.6018561825,1.5494044152,-0.3462883053,0.0405413135
0.4007459481,-0.4928172402,-0.6014198998,1.5509234890,-0.3458275799,0.0414144168
0.4007625252,-0.4916049921,-0.6009836171,1.5524422670,-0.3453654903,0.0422868510
0.4007791024,-0.4903927439,-0.6005473343,1.5539607461,-0.3449020379,0.0431586131
0.4007956795,-0.4891804957,-0.6001110516,1.5554789233,-0.3444372238,0.0440296998
0.4008122567,-0.4879682476,-0.5996747689,1.5569967956,-0.3439710493,0.0449001078
0.4008288339,-0.4867559994,-0.5992384861,1.5585143600,-0.3435035155,0.0457698340
0.4008454110,-0.4855437513,-0.5988022034,1.5600316134,-0.3430346237,0.0466388752
0.4008619882,-0.4843315031,-0.5983659207,1.5615485530,-0.3425643751,0.0475072283
0.4008785653,-0.4831192550,-0.5979296379,1.5630651756,-0.3420927710,0.0483748900
0.4008951425,-0.4819070068,-0.5974933552,1.5645814784,-0.3416198127,0.0492418572
0.4009117196,-0.4806947586,-0.5970570725,1.5660974584,-0.3411455013,0.0501081267
0.4009282968,-0.4794825105,-0.5966207897,1.5676131126,-0.3406698382,0.0509736954
0.4009448739,-0.4782702623,-0.5961845070,1.5691284381,-0.3401928248,0.0518385602
0.4009614511,-0.4770580142,-0.5957482243,1.5706434319,-0.3397144622,0.0527027180
0.4009780282,-0.4758457660,-0.5953119415,1.5721580911,-0.3392347517,0.0535661655
0.4009946054,-0.4746335179,-0.5948756588,1.5736724127,-0.3387536949,0.0544288998
0.4010111825,-0.4734212697,-0.5944393761,1.5751863940,-0.3382712928,0.0552909176
0.4010277597,-0.4722090216,-0.5940030933,1.5767000319,-0.3377875470,0.0561522160
0.4010443369,-0.4709967734,-0.5935668106,1.5782133235,-0.3373024587,0.0570127919
0.4010609140,-0.4697845252,-0.5931305279,1.5797262660,-0.3368160293,0.0578726420
0.4010774912,-0.4685722771,-0.5926942451,1.5812388566,-0.3363282602,0.0587317635
0.4010940683,-0.4673600289,-0.5922579624,1.5827510922,-0.3358391528,0.0595901532
0.4011106455,-0.4661477808,-0.5918216797,1.5842629701,-0.3353487084,0.0604478081
0.4011272226,-0.4649355326,-0.5913853969,1.5857744875,-0.3348569285,0.0613047251
0.4011437998,-0.4637232845,-0.5909491142,1.5872856413,-0.3343638145,0.0621609013
0.4011603769,-0.4625110363,-0.5905128315,1.5887964289,-0.3338693679,0.0630163335
0.4011769541,-0.4612987881,-0.5900765487,1.5903068475,-0.3333735899,0.0638710189
0.4011935312,-0.4600865400,-0.5896402660,1.5918168941,-0.3328764822,0.0647249543
0.4012101084,-0.4588742918,-0.5892039833,1.5933265659,-0.3323780461,0.0655781368
0.4012266855,-0.4576620437,-0.5887677005,1.5948358603,-0.3318782832,0.0664305634
0.4012432627,-0.4564497955,-0.5883314178,1.5963447743,-0.3313771948,0.0672822311
0.4012598399,-0.4552375474,-0.5878951351,1.5978533053,-0.3308747825,0.0681331370
0.4012764170,-0.4540252992,-0.5874588523,1.5993614503,-0.3303710478,0.0689832781
0.4012929942,-0.4528130510,-0.5870225696,1.6008692068,-0.3298659922,0.0698326514
0.4013095713,-0.4516008029,-0.5865862869,1.6023765718,-0.3293596172,0.0706812541
0.4013261485,-0.4503885547,-0.5861500041,1.6038835428,-0.3288519243,0.0715290831
0.4013427256,-0.4491763066,-0.5857137214,1.6053901168,-0.3283429151,0.0723761356
0.4013593028,-0.4479640584,-0.5852774387,1.6068962913,-0.3278325911,0.0732224087
0.4013758799,-0.4467518103,-0.5848411559,1.6084020635,-0.3273209538,0.0740678994
0.4013924571,-0.4455395621,-0.5844048732,1.6099074306,-0.3268080049,0.0749126048
0.4014090342,-0.4443273140,-0.5839685905,1.6114123900,-0.3262937459,0.0757565222
0.4014256114,-0.4431150658,-0.5835323077,1.6129169391,-0.3257781783,0.0765996485
0.4014421885,-0.4419028176,-0.5830960250,1.6144210750,-0.3252613039,0.0774419810
0.4014587657,-0.4406905695,-0.5826597423,1.6159247952,-0.3247431241,0.0782835168
0.4014753429,-0.4394783213,-0.5822234595,1.6174280970,-0.3242236407,0.0791242530
0.4014919200,-0.4382660732,-0.5817871768,1.6189309777,-0.3237028551,0.0799641868
0.4015084972,-0.4370538250,-0.5813508941,1.6204334347,-0.3231807692,0.0808033154
0.4015250743,-0.4358415769,-0.5809146114,1.6219354653,-0.3226573844,0.0816416360
0.4015416515,-0.4346293287,-0.5804783286,1.6234370670,-0.3221327025,0.0824791457
0.4015582286,-0.4334170805,-0.5800420459,1.6249382372,-0.3216067251,0.0833158418
0.4015748058,-0.4322048324,-0.5796057632,1.6264389731,-0.3210794539,0.0841517214
0.4015913829,-0.4309925842,-0.5791694804,1.6279392723,-0.3205508906,0.0849867819
0.4016079601,-0.4297803361,-0.5787331977,1.6294391321,-0.3200210368,0.0858210204
0.4016245372,-0.4285680879,-0.5782969150,1.6309385500,-0.3194898943,0.0866544342
0.4016411144,-0.4273558398,-0.5778606322,1.6324375234,-0.3189574648,0.0874870205
0.4016576915,-0.4261435916,-0.5774243495,1.6339360497,-0.3184237500,0.0883187766
0.4016742687,-0.4249313435,-0.5769880668,1.6354341265,-0.3178887516,0.0891496997
0.4016908459,-0.4237190953,-0.5765517840,1.6369317511,-0.3173524713,0.0899797873
0.4017074230,-0.4225068471,-0.5761155013,1.6384289210,-0.3168149110,0.0908090364
0.4017240002,-0.4212945990,-0.5756792186,1.6399256338,-0.3162760723,0.0916374445
0.4017405773,-0.4200823508,-0.5752429358,1.6414218869,-0.3157359570,0.0924650089
0.4017571545,-0.4188701027,-0.5748066531,1.6429176778,-0.3151945670,0.0932917268
0.4017737316,-0.4176578545,-0.5743703704,1.6444130041,-0.3146519039,0.0941175956
0.4017903088,-0.4164456064,-0.5739340876,1.6459078632,-0.3141079696,0.0949426127
0.4018068859,-0.4152333582,-0.5734978049,1.6474022528,-0.3135627659,0.0957667754
0.4018234631,-0.4140211100,-0.5730615222,1.6488961702,-0.3130162946,0.0965900811
0.4018400402,-0.4128088619,-0.5726252394,1.6503896132,-0.3124685575,0.0974125271
0.4018566174,-0.4115966137,-0.5721889567,1.6518825792,-0.3119195565,0.0982341108
0.4018731945,-0.4103843656,-0.5717526740,1.6533750659,-0.3113692933,0.0990548297
0.4018897717,-0.4091721174,-0.5713163912,1.6548670708,-0.3108177698,0.0998746810
0.4019063489,-0.4079598693,-0.5708801085,1.6563585915,-0.3102649880,0.1006936623
0.4019229260,-0.4067476211,-0.5704438258,1.6578496256,-0.3097109496,0.1015117710
0.4019395032,-0.4055353729,-0.5700075430,1.6593401707,-0.3091556565,0.1023290045
0.4019560803,-0.4043231248,-0.5695712603,1.6608302245,-0.3085991106,0.1031453601
0.4019726575,-0.4031108766,-0.5691349776,1.6623197846,-0.3080413138,0.1039608355
0.4019892346,-0.4018986285,-0.5686986948,1.6638088486,-0.3074822680,0.1047754281
0.4020058118,-0.4006863803,-0.5682624121,1.6652974141,-0.3069219752,0.1055891352
0.4020223889,-0.3994741322,-0.5678261294,1.6667854790,-0.3063604371,0.1064019545
0.4020389661,-0.3982618840,-0.5673898466,1.6682730407,-0.3057976558,0.1072138834
0.4020555432,-0.3970496359,-0.5669535639,1.6697600971,-0.3052336332,0.1080249195
0.4020721204,-0.3958373877,-0.5665172812,1.6712466458,-0.3046683713,0.1088350601
0.4020886975,-0.3946251395,-0.5660809984,1.6727326845,-0.3041018719,0.1096443029
0.4021052747,-0.3934128914,-0.5656447157,1.6742182109,-0.3035341371,0.1104526455
0.4021218519,-0.3922006432,-0.5652084330,1.6757032228,-0.3029651687,0.1112600852
0.4021384290,-0.3909883951,-0.5647721502,1.6771877179,-0.3023949689,0.1120666198
0.4021550062,-0.3897761469,-0.5643358675,1.6786716939,-0.3018235396,0.1128722468
0.4021715833,-0.3885638988,-0.5638995848,1.6801551486,-0.3012508827,0.1136769637
0.4021881605,-0.3873516506,-0.5634633020,1.6816380798,-0.3006770003,0.1144807681
0.4022047376,-0.3861394024,-0.5630270193,1.6831204852,-0.3001018944,0.1152836577
0.4022213148,-0.3849271543,-0.5625907366,1.6846023626,-0.2995255671,0.1160856301
0.4022378919,-0.3837149061,-0.5621544538,1.6860837099,-0.2989480202,0.1168866828
0.4022544691,-0.3825026580,-0.5617181711,1.6875645248,-0.2983692560,0.1176868135
0.4022710462,-0.3812904098,-0.5612818884,1.6890448051,-0.2977892763,0.1184860199
0.4022876234,-0.3800781617,-0.5608456056,1.6905245488,-0.2972080834,0.1192842996
0.4023042005,-0.3788659135,-0.5604093229,1.6920037536,-0.2966256792,0.1200816503
0.4023207777,-0.3776536653,-0.5599730402,1.6934824173,-0.2960420657,0.1208780696
0.4023373549,-0.3764414172,-0.5595367574,1.6949605379,-0.2954572452,0.1216735552
0.4023539320,-0.3752291690,-0.5591004747,1.6964381132,-0.2948712197,0.1224681049
0.4023705092,-0.3740169209,-0.5586641920,1.6979151411,-0.2942839912,0.1232617162
0.4023870863,-0.3728046727,-0.5582279092,1.6993916195,-0.2936955618,0.1240543871
0.4024036635,-0.3715924246,-0.5577916265,1.7008675462,-0.2931059338,0.1248461151
0.4024202406,-0.3703801764,-0.5573553438,1.7023429193,-0.2925151091,0.1256368980
0.4024368178,-0.3691679283,-0.5569190610,1.7038177366,-0.2919230900,0.1264267335
0.4024533949,-0.3679556801,-0.5564827783,1.7052919960,-0.2913298785,0.1272156195
0.4024699721,-0.3667434319,-0.5560464956,1.7067656956,-0.2907354768,0.1280035537
0.4024865492,-0.3655311838,-0.5556102128,1.7082388332,-0.2901398870,0.1287905338
0.4025031264,-0.3643189356,-0.5551739301,1.7097114068,-0.2895431114,0.1295765577
0.4025197035,-0.3631066875,-0.5547376474,1.7111834144,-0.2889451520,0.1303616231
0.4025362807,-0.3618944393,-0.5543013646,1.7126548540,-0.2883460110,0.1311457280
0.4025528579,-0.3606821912,-0.5538650819,1.7141257236,-0.2877456907,0.1319288700
0.4025694350,-0.3594699430,-0.5534287992,1.7155960212,-0.2871441931,0.1327110470
0.4025860122,-0.3582576948,-0.5529925164,1.7170657448,-0.2865415206,0.1334922570
0.4026025893,-0.3570454467,-0.5525562337,1.7185348925,-0.2859376753,0.1342724976
0.4026191665,-0.3558331985,-0.5521199510,1.7200034622,-0.2853326593,0.1350517669
0.4026357436,-0.3546209504,-0.5516836682,1.7214714521,-0.2847264750,0.1358300626
0.4026523208,-0.3534087022,-0.5512473855,1.7229388601,-0.2841191246,0.1366073827
0.4026688979,-0.3521964541,-0.5508111028,1.7244056844,-0.2835106102,0.1373837250
0.4026854751,-0.3509842059,-0.5503748200,1.7258719231,-0.2829009342,0.1381590875
0.4027020522,-0.3497719578,-0.5499385373,1.7273375742,-0.2822900987,0.1389334681
0.4027186294,-0.3485597096,-0.5495022546,1.7288026358,-0.2816781060,0.1397068647
0.4027352065,-0.3473474614,-0.5490659718,1.7302671061,-0.2810649585,0.1404792753
0.4027517837,-0.3461352133,-0.5486296891,1.7317309832,-0.2804506583,0.1412506978
0.4027683609,-0.3449229651,-0.5481934064,1.7331942652,-0.2798352077,0.1420211302
0.4027849380,-0.3437107170,-0.5477571236,1.7346569502,-0.2792186091,0.1427905704
0.4028015152,-0.3424984688,-0.5473208409,1.7361190365,-0.2786008646,0.1435590165
0.4028180923,-0.3412862207,-0.5468845582,1.7375805221,-0.2779819766,0.1443264663
0.4028346695,-0.3400739725,-0.5464482754,1.7390414053,-0.2773619475,0.1450929181
0.4028512466,-0.3388617243,-0.5460119927,1.7405016843,-0.2767407795,0.1458583696
0.4028678238,-0.3376494762,-0.5455757100,1.7419613571,-0.2761184749,0.1466228191
0.4028844009,-0.3364372280,-0.5451394272,1.7434204222,-0.2754950361,0.1473862644
0.4029009781,-0.3352249799,-0.5447031445,1.7448788776,-0.2748704653,0.1481487037
0.4029175552,-0.3340127317,-0.5442668618,1.7463367216,-0.2742447650,0.1489101351
0.4029341324,-0.3328004836,-0.5438305790,1.7477939525,-0.2736179375,0.1496705566
0.4029507095,-0.3315882354,-0.5433942963,1.7492505684,-0.2729899851,0.1504299662
0.4029672867,-0.3303759872,-0.5429580136,1.7507065677,-0.2723609102,0.1511883621
0.4029838639,-0.3291637391,-0.5425217308,1.7521619486,-0.2717307151,0.1519457424
0.4030004410,-0.3279514909,-0.5420854481,1.7536167095,-0.2710994023,0.1527021051
0.4030170182,-0.3267392428,-0.5416491654,1.7550708485,-0.2704669741,0.1534574485
0.4030335953,-0.3255269946,-0.5412128826,1.7565243641,-0.2698334329,0.1542117706
0.4030501725,-0.3243147465,-0.5407765999,1.7579772545,-0.2691987811,0.1549650696
0.4030667496,-0.3231024983,-0.5403403172,1.7594295180,-0.2685630210,0.1557173437
0.4030833268,-0.3218902502,-0.5399040344,1.7608811531,-0.2679261552,0.1564685910
0.4030999039,-0.3206780020,-0.5394677517,1.7623321579,-0.2672881859,0.1572188097
0.4031164811,-0.3194657538,-0.5390314690,1.7637825310,-0.2666491157,0.1579679979
0.4031330582,-0.3182535057,-0.5385951862,1.7652322706,-0.2660089469,0.1587161540
0.4031496354,-0.3170412575,-0.5381589035,1.7666813751,-0.2653676820,0.1594632760
0.4031662125,-0.3158290094,-0.5377226208,1.7681298429,-0.2647253234,0.1602093623
0.4031827897,-0.3146167612,-0.5372863380,1.7695776725,-0.2640818735,0.1609544110
0.4031993669,-0.3134045131,-0.5368500553,1.7710248622,-0.2634373349,0.1616984204
0.4032159440,-0.3121922649,-0.5364137726,1.7724714105,-0.2627917099,0.1624413887
0.4032325212,-0.3109800167,-0.5359774898,1.7739173157,-0.2621450010,0.1631833143
0.4032490983,-0.3097677686,-0.5355412071,1.7753625764,-0.2614972108,0.1639241953
0.4032656755,-0.3085555204,-0.5351049244,1.7768071909,-0.2608483416,0.1646640301
0.4032822526,-0.3073432723,-0.5346686416,1.7782511578,-0.2601983959,0.1654028170
0.4032988298,-0.3061310241,-0.5342323589,1.7796944755,-0.2595473763,0.1661405542
0.4033154069,-0.3049187760,-0.5337960762,1.7811371425,-0.2588952852,0.1668772402
0.4033319841,-0.3037065278,-0.5333597934,1.7825791573,-0.2582421252,0.1676128731
0.4033485612,-0.3024942797,-0.5329235107,1.7840205183,-0.2575878986,0.1683474515
0.4033651384,-0.3012820315,-0.5324872280,1.7854612242,-0.2569326081,0.1690809735
0.4033817156,-0.3000697833,-0.5320509452,1.7869012734,-0.2562762562,0.1698134376
0.4033982927,-0.2988575352,-0.5316146625,1.7883406645,-0.2556188453,0.1705448421
0.4034148699,-0.2976452870,-0.5311783798,1.7897793959,-0.2549603780,0.1712751855
0.4034314470,-0.2964330389,-0.5307420970,1.7912174664,-0.2543008569,0.1720044660
0.4034480242,-0.2952207907,-0.5303058143,1.7926548744,-0.2536402844,0.1727326822
0.4034646013,-0.2940085426,-0.5298695316,1.7940916185,-0.2529786632,0.1734598325
0.4034811785,-0.2927962944,-0.5294332488,1.7955276972,-0.2523159957,0.1741859151
0.4034977556,-0.2915840462,-0.5289969661,1.7969631093,-0.2516522845,0.1749109287
0.4035143328,-0.2903717981,-0.5285606834,1.7983978533,-0.2509875322,0.1756348716
0.4035309099,-0.2891595499,-0.5281244006,1.7998319278,-0.2503217414,0.1763577423
0.4035474871,-0.2879473018,-0.5276881179,1.8012653315,-0.2496549146,0.1770795392
0.4035640642,-0.2867350536,-0.5272518352,1.8026980630,-0.2489870543,0.1778002609
0.4035806414,-0.2855228055,-0.5268155524,1.8041301209,-0.2483181633,0.1785199058
0.4035972186,-0.2843105573,-0.5263792697,1.8055615039,-0.2476482440,0.1792384725
0.4036137957,-0.2830983091,-0.5259429870,1.8069922107,-0.2469772991,0.1799559593
0.4036303729,-0.2818860610,-0.5255067042,1.8084222399,-0.2463053311,0.1806723649
0.4036469500,-0.2806738128,-0.5250704215,1.8098515903,-0.2456323427,0.1813876878
0.4036635272,-0.2794615647,-0.5246341388,1.8112802605,-0.2449583365,0.1821019265
0.4036801043,-0.2782493165,-0.5241978560,1.8127082493,-0.2442833150,0.1828150796
0.4036966815,-0.2770370684,-0.5237615733,1.8141355553,-0.2436072809,0.1835271456
0.4037132586,-0.2758248202,-0.5233252906,1.8155621774,-0.2429302369,0.1842381231
0.4037298358,-0.2746125721,-0.5228890078,1.8169881142,-0.2422521855,0.1849480107
0.4037464129,-0.2734003239,-0.5224527251,1.8184133645,-0.2415731294,0.1856568070
0.4037629901,-0.2721880757,-0.5220164424,1.8198379271,-0.2408930712,0.1863645106
0.4037795672,-0.2709758276,-0.5215801596,1.8212618007,-0.2402120136,0.1870711200
0.4037961444,-0.2697635794,-0.5211438769,1.8226849842,-0.2395299592,0.1877766340
0.4038127216,-0.2685513313,-0.5207075942,1.8241074763,-0.2388469107,0.1884810511
0.4038292987,-0.2673390831,-0.5202713115,1.8255292757,-0.2381628706,0.1891843700
0.4038458759,-0.2661268350,-0.5198350287,1.8269503814,-0.2374778418,0.1898865894
0.4038624530,-0.2649145868,-0.5193987460,1.8283707922,-0.2367918268,0.1905877079
0.4038790302,-0.2637023386,-0.5189624633,1.8297905069,-0.2361048284,0.1912877242
0.4038956073,-0.2624900905,-0.5185261805,1.8312095242,-0.2354168492,0.1919866369
0.4039121845,-0.2612778423,-0.5180898978,1.8326278432,-0.2347278918,0.1926844449
0.4039287616,-0.2600655942,-0.5176536151,1.8340454626,-0.2340379590,0.1933811467
0.4039453388,-0.2588533460,-0.5172173323,1.8354623814,-0.2333470535,0.1940767411
0.4039619159,-0.2576410979,-0.5167810496,1.8368785983,-0.2326551779,0.1947712269
0.4039784931,-0.2564288497,-0.5163447669,1.8382941123,-0.2319623349,0.1954646027
0.4039950702,-0.2552166016,-0.5159084841,1.8397089224,-0.2312685273,0.1961568673
0.4040116474,-0.2540043534,-0.5154722014,1.8411230273,-0.2305737578,0.1968480195
0.4040282246,-0.2527921052,-0.5150359187,1.8425364261,-0.2298780291,0.1975380580
0.4040448017,-0.2515798571,-0.5145996359,1.8439491177,-0.2291813438,0.1982269817
0.4040613789,-0.2503676089,-0.5141633532,1.8453611010,-0.2284837048,0.1989147892
0.4040779560,-0.2491553608,-0.5137270705,1.8467723749,-0.2277851146,0.1996014795
0.4040945332,-0.2479431126,-0.5132907877,1.8481829385,-0.2270855762,0.2002870512
0.4041111103,-0.2467308645,-0.5128545050,1.8495927907,-0.2263850921,0.2009715033
0.4041276875,-0.2455186163,-0.5124182223,1.8510019305,-0.2256836652,0.2016548345
0.4041442646,-0.2443063681,-0.5119819395,1.8524103568,-0.2249812981,0.2023370438
0.4041608418,-0.2430941200,-0.5115456568,1.8538180687,-0.2242779936,0.2030181299
0.4041774189,-0.2418818718,-0.5111093741,1.8552250653,-0.2235737546,0.2036980917
0.4041939961,-0.2406696237,-0.5106730913,1.8566313454,-0.2228685836,0.2043769280
0.4042105732,-0.2394573755,-0.5102368086,1.8580369082,-0.2221624835,0.2050546378
0.4042271504,-0.2382451274,-0.5098005259,1.8594417527,-0.2214554570,0.2057312200
0.4042437276,-0.2370328792,-0.5093642431,1.8608458779,-0.2207475070,0.2064066734
0.4042603047,-0.2358206310,-0.5089279604,1.8622492829,-0.2200386361,0.2070809969
0.4042768819,-0.2346083829,-0.5084916777,1.8636519668,-0.2193288471,0.2077541895
0.4042934590,-0.2333961347,-0.5080553949,1.8650539286,-0.2186181428,0.2084262501
0.4043100362,-0.2321838866,-0.5076191122,1.8664551675,-0.2179065261,0.2090971776
0.4043266133,-0.2309716384,-0.5071828295,1.8678556825,-0.2171939996,0.2097669710
0.4043431905,-0.2297593903,-0.5067465467,1.8692554728,-0.2164805661,0.2104356293
0.4043597676,-0.2285471421,-0.5063102640,1.8706545374,-0.2157662285,0.2111031513
0.4043763448,-0.2273348940,-0.5058739813,1.8720528755,-0.2150509896,0.2117695362
0.4043929219,-0.2261226458,-0.5054376985,1.8734504862,-0.2143348521,0.2124347828
0.4044094991,-0.2249103976,-0.5050014158,1.8748473688,-0.2136178188,0.2130988902
0.4044260762,-0.2236981495,-0.5045651331,1.8762435222,-0.2128998926,0.2137618573
0.4044426534,-0.2224859013,-0.5041288503,1.8776389458,-0.2121810762,0.2144236833
0.4044592306,-0.2212736532,-0.5036925676,1.8790336386,-0.2114613725,0.2150843671
0.4044758077,-0.2200614050,-0.5032562849,1.8804275999,-0.2107407842,0.2157439077
0.4044923849,-0.2188491569,-0.5028200021,1.8818208289,-0.2100193143,0.2164023043
0.4045089620,-0.2176369087,-0.5023837194,1.8832133247,-0.2092969654,0.2170595557
0.4045255392,-0.2164246605,-0.5019474367,1.8846050865,-0.2085737405,0.2177156613
0.4045421163,-0.2152124124,-0.5015111539,1.8859961137,-0.2078496423,0.2183706199
0.4045586935,-0.2140001642,-0.5010748712,1.8873864054,-0.2071246737,0.2190244307
0.4045752706,-0.2127879161,-0.5006385885,1.8887759608,-0.2063988375,0.2196770928
0.4045918478,-0.2115756679,-0.5002023057,1.8901647793,-0.2056721365,0.2203286052
0.4046084249,-0.2103634198,-0.4997660230,1.8915528600,-0.2049445737,0.2209789672
0.4046250021,-0.2091511716,-0.4993297403,1.8929402023,-0.2042161518,0.2216281778
0.4046415792,-0.2079389234,-0.4988934575,1.8943268054,-0.2034868736,0.2222762361
0.4046581564,-0.2067266753,-0.4984571748,1.8957126686,-0.2027567421,0.2229231413
0.4046747336,-0.2055144271,-0.4980208921,1.8970977912,-0.2020257600,0.2235688925
0.4046913107,-0.2043021790,-0.4975846093,1.8984821725,-0.2012939303,0.2242134890
0.4047078879,-0.2030899308,-0.4971483266,1.8998658118,-0.2005612557,0.2248569298
0.4047244650,-0.2018776827,-0.4967120439,1.9012487085,-0.1998277392,0.2254992142
0.4047410422,-0.2006654345,-0.4962757611,1.9026308618,-0.1990933835,0.2261403413
0.4047576193,-0.1994531864,-0.4958394784,1.9040122711,-0.1983581917,0.2267803103
0.4047741965,-0.1982409382,-0.4954031957,1.9053929359,-0.1976221664,0.2274191205
0.4047907736,-0.1970286900,-0.4949669129,1.9067728553,-0.1968853106,0.2280567710
0.4048073508,-0.1958164419,-0.4945306302,1.9081520288,-0.1961476272,0.2286932611
0.4048239279,-0.1946041937,-0.4940943475,1.9095304558,-0.1954091190,0.2293285901
0.4048405051,-0.1933919456,-0.4936580647,1.9109081357,-0.1946697889,0.2299627571
0.4048570822,-0.1921796974,-0.4932217820,1.9122850678,-0.1939296398,0.2305957614
0.4048736594,-0.1909674493,-0.4927854993,1.9136612516,-0.1931886746,0.2312276023
0.4048902366,-0.1897552011,-0.4923492165,1.9150366864,-0.1924468961,0.2318582790
0.4049068137,-0.1885429529,-0.4919129338,1.9164113717,-0.1917043072,0.2324877909
0.4049233909,-0.1873307048,-0.4914766511,1.9177853070,-0.1909609109,0.2331161372
0.4049399680,-0.1861184566,-0.4910403683,1.9191584916,-0.1902167099,0.2337433172
0.4049565452,-0.1849062085,-0.4906040856,1.9205309250,-0.1894717073,0.2343693302
0.4049731223,-0.1836939603,-0.4901678029,1.9219026066,-0.1887259058,0.2349941756
0.4049896995,-0.1824817122,-0.4897315201,1.9232735360,-0.1879793085,0.2356178526
0.4050062766,-0.1812694640,-0.4892952374,1.9246437126,-0.1872319181,0.2362403607
0.4050228538,-0.1800572159,-0.4888589547,1.9260131359,-0.1864837376,0.2368616990
0.4050394309,-0.1788449677,-0.4884226719,1.9273818053,-0.1857347699,0.2374818671
0.4050560081,-0.1776327195,-0.4879863892,1.9287497204,-0.1849850179,0.2381008643
0.4050725852,-0.1764204714,-0.4875501065,1.9301168807,-0.1842344845,0.2387186898
0.4050891624,-0.1752082232,-0.4871138237,1.9314832857,-0.1834831726,0.2393353432
0.4051057396,-0.1739959751,-0.4866775410,1.9328489348,-0.1827310851,0.2399508238
0.4051223167,-0.1727837269,-0.4862412583,1.9342138278,-0.1819782249,0.2405651309
0.4051388939,-0.1715714788,-0.4858049755,1.9355779640,-0.1812245950,0.2411782641
0.4051554710,-0.1703592306,-0.4853686928,1.9369413431,-0.1804701982,0.2417902226
0.4051720482,-0.1691469824,-0.4849324101,1.9383039646,-0.1797150375,0.2424010060
0.4051886253,-0.1679347343,-0.4844961273,1.9396658281,-0.1789591158,0.2430106137
0.4052052025,-0.1667224861,-0.4840598446,1.9410269331,-0.1782024360,0.2436190451
0.4052217796,-0.1655102380,-0.4836235619,1.9423872792,-0.1774450010,0.2442262996
0.4052383568,-0.1642979898,-0.4831872791,1.9437468661,-0.1766868137,0.2448323767
0.4052549339,-0.1630857417,-0.4827509964,1.9451056933,-0.1759278771,0.2454372760
0.4052715111,-0.1618734935,-0.4823147137,1.9464637604,-0.1751681942,0.2460409967
0.4052880882,-0.1606612453,-0.4818784309,1.9478210670,-0.1744077677,0.2466435385
0.4053046654,-0.1594489972,-0.4814421482,1.9491776129,-0.1736466007,0.2472449008
0.4053212426,-0.1582367490,-0.4810058655,1.9505333975,-0.1728846961,0.2478450832
0.4053378197,-0.1570245009,-0.4805695827,1.9518884206,-0.1721220568,0.2484440851
0.4053543969,-0.1558122527,-0.4801333000,1.9532426817,-0.1713586858,0.2490419060
0.4053709740,-0.1546000046,-0.4796970173,1.9545961807,-0.1705945860,0.2496385455
0.4053875512,-0.1533877564,-0.4792607345,1.9559489170,-0.1698297602,0.2502340032
0.4054041283,-0.1521755083,-0.4788244518,1.9573008904,-0.1690642116,0.2508282784
0.4054207055,-0.1509632601,-0.4783881691,1.9586521006,-0.1682979429,0.2514213709
0.4054372826,-0.1497510119,-0.4779518863,1.9600025473,-0.1675309571,0.2520132801
0.4054538598,-0.1485387638,-0.4775156036,1.9613522301,-0.1667632573,0.2526040057
0.4054704369,-0.1473265156,-0.4770793209,1.9627011488,-0.1659948462,0.2531935472
0.4054870141,-0.1461142675,-0.4766430381,1.9640493030,-0.1652257269,0.2537819041
0.4055035912,-0.1449020193,-0.4762067554,1.9653966925,-0.1644559023,0.2543690762
0.4055201684,-0.1436897712,-0.4757704727,1.9667433171,-0.1636853753,0.2549550629
0.4055367456,-0.1424775230,-0.4753341899,1.9680891764,-0.1629141490,0.2555398639
0.4055533227,-0.1412652748,-0.4748979072,1.9694342703,-0.1621422261,0.2561234788
0.4055698999,-0.1400530267,-0.4744616245,1.9707785984,-0.1613696098,0.2567059072
0.4055864770,-0.1388407785,-0.4740253417,1.9721221605,-0.1605963029,0.2572871488
0.4056030542,-0.1376285304,-0.4735890590,1.9734649563,-0.1598223083,0.2578672032
0.4056196313,-0.1364162822,-0.4731527763,1.9748069858,-0.1590476291,0.2584460700
0.4056362085,-0.1352040341,-0.4727164935,1.9761482486,-0.1582722681,0.2590237489
0.4056527856,-0.1339917859,-0.4722802108,1.9774887445,-0.1574962284,0.2596002396
0.4056693628,-0.1327795378,-0.4718439281,1.9788284733,-0.1567195129,0.2601755417
0.4056859399,-0.1315672896,-0.4714076453,1.9801674349,-0.1559421245,0.2607496550
0.4057025171,-0.1303550414,-0.4709713626,1.9815056290,-0.1551640662,0.2613225790
0.4057190942,-0.1291427933,-0.4705350799,1.9828430555,-0.1543853409,0.2618943136
0.4057356714,-0.1279305451,-0.4700987971,1.9841797142,-0.1536059516,0.2624648583
0.4057522486,-0.1267182970,-0.4696625144,1.9855156049,-0.1528259012,0.2630342130
0.4057688257,-0.1255060488,-0.4692262317,1.9868507274,-0.1520451928,0.2636023773
0.4057854029,-0.1242938007,-0.4687899489,1.9881850817,-0.1512638292,0.2641693510
0.4058019800,-0.1230815525,-0.4683536662,1.9895186676,-0.1504818134,0.2647351337
0.4058185572,-0.1218693043,-0.4679173835,1.9908514849,-0.1496991484,0.2652997253
0.4058351343,-0.1206570562,-0.4674811007,1.9921835335,-0.1489158371,0.2658631255
0.4058517115,-0.1194448080,-0.4670448180,1.9935148134,-0.1481318825,0.2664253340
0.4058682886,-0.1182325599,-0.4666085353,1.9948453243,-0.1473472875,0.2669863506
0.4058848658,-0.1170203117,-0.4661722525,1.9961750661,-0.1465620551,0.2675461751
0.4059014429,-0.1158080636,-0.4657359698,1.9975040389,-0.1457761883,0.2681048073
0.4059180201,-0.1145958154,-0.4652996871,1.9988322424,-0.1449896900,0.2686622469
0.4059345972,-0.1133835672,-0.4648634043,2.0001596766,-0.1442025631,0.2692184938
0.4059511744,-0.1121713191,-0.4644271216,2.0014863414,-0.1434148107,0.2697735477
0.4059677516,-0.1109590709,-0.4639908389,2.0028122368,-0.1426264356,0.2703274084
0.4059843287,-0.1097468228,-0.4635545561,2.0041373627,-0.1418374409,0.2708800758
0.4060009059,-0.1085345746,-0.4631182734,2.0054617189,-0.1410478295,0.2714315497
0.4060174830,-0.1073223265,-0.4626819907,2.0067853056,-0.1402576043,0.2719818300
0.4060340602,-0.1061100783,-0.4622457079,2.0081081226,-0.1394667683,0.2725309164
0.4060506373,-0.1048978302,-0.4618094252,2.0094301699,-0.1386753245,0.2730788088
0.4060672145,-0.1036855820,-0.4613731425,2.0107514474,-0.1378832759,0.2736255071
0.4060837916,-0.1024733338,-0.4609368598,2.0120719552,-0.1370906253,0.2741710111
0.4061003688,-0.1012610857,-0.4605005770,2.0133916932,-0.1362973758,0.2747153207
0.4061169459,-0.1000488375,-0.4600642943,2.0147106614,-0.1355035302,0.2752584358
0.4061335231,-0.0988365894,-0.4596280116,2.0160288599,-0.1347090917,0.2758003563
0.4061501002,-0.0976243412,-0.4591917288,2.0173462885,-0.1339140630,0.2763410819
0.4061666774,-0.0964120931,-0.4587554461,2.0186629474,-0.1331184472,0.2768806127
0.4061832546,-0.0951998449,-0.4583191634,2.0199788366,-0.1323222473,0.2774189486
0.4061998317,-0.0939875967,-0.4578828806,2.0212939560,-0.1315254661,0.2779560894
0.4062164089,-0.0927753486,-0.4574465979,2.0226083057,-0.1307281066,0.2784920351
0.4062329860,-0.0915631004,-0.4570103152,2.0239218858,-0.1299301719,0.2790267856
0.4062495632,-0.0903508523,-0.4565740324,2.0252346962,-0.1291316647,0.2795603408
0.4062661403,-0.0891386041,-0.4561377497,2.0265467371,-0.1283325882,0.2800927006
0.4062827175,-0.0879263560,-0.4557014670,2.0278580085,-0.1275329453,0.2806238651
0.4062992946,-0.0867141078,-0.4552651842,2.0291685104,-0.1267327388,0.2811538342
0.4063158718,-0.0855018597,-0.4548289015,2.0304782430,-0.1259319718,0.2816826077
0.4063324489,-0.0842896115,-0.4543926188,2.0317872063,-0.1251306472,0.2822101858
0.4063490261,-0.0830773633,-0.4539563360,2.0330954003,-0.1243287680,0.2827365683
0.4063656032,-0.0818651152,-0.4535200533,2.0344028253,-0.1235263371,0.2832617553
0.4063821804,-0.0806528670,-0.4530837706,2.0357094812,-0.1227233575,0.2837857467
0.4063987576,-0.0794406189,-0.4526474878,2.0370153682,-0.1219198320,0.2843085425
0.4064153347,-0.0782283707,-0.4522112051,2.0383204864,-0.1211157637,0.2848301427
0.4064319119,-0.0770161226,-0.4517749224,2.0396248358,-0.1203111556,0.2853505473
0.4064484890,-0.0758038744,-0.4513386396,2.0409284167,-0.1195060104,0.2858697564
0.4064650662,-0.0745916262,-0.4509023569,2.0422312291,-0.1187003313,0.2863877700
0.4064816433,-0.0733793781,-0.4504660742,2.0435332733,-0.1178941211,0.2869045880
0.4064982205,-0.0721671299,-0.4500297914,2.0448345492,-0.1170873828,0.2874202106
0.4065147976,-0.0709548818,-0.4495935087,2.0461350571,-0.1162801194,0.2879346377
0.4065313748,-0.0697426336,-0.4491572260,2.0474347971,-0.1154723337,0.2884478694
0.4065479519,-0.0685303855,-0.4487209432,2.0487337694,-0.1146640287,0.2889599057
0.4065645291,-0.0673181373,-0.4482846605,2.0500319741,-0.1138552074,0.2894707468
0.4065811062,-0.0661058891,-0.4478483778,2.0513294114,-0.1130458727,0.2899803926
0.4065976834,-0.0648936410,-0.4474120950,2.0526260815,-0.1122360275,0.2904888433
0.4066142606,-0.0636813928,-0.4469758123,2.0539219846,-0.1114256748,0.2909960990
0.4066308377,-0.0624691447,-0.4465395296,2.0552171208,-0.1106148175,0.2915021596
0.4066474149,-0.0612568965,-0.4461032468,2.0565114903,-0.1098034585,0.2920070253
0.4066639920,-0.0600446484,-0.4456669641,2.0578050934,-0.1089916008,0.2925106962
0.4066805692,-0.0588324002,-0.4452306814,2.0590979302,-0.1081792473,0.2930131724
0.4066971463,-0.0576201521,-0.4447943986,2.0603900010,-0.1073664010,0.2935144541
0.4067137235,-0.0564079039,-0.4443581159,2.0616813060,-0.1065530647,0.2940145412
0.4067303006,-0.0551956557,-0.4439218332,2.0629718453,-0.1057392414,0.2945134340
0.4067468778,-0.0539834076,-0.4434855504,2.0642616193,-0.1049249340,0.2950111325
0.4067634549,-0.0527711594,-0.4430492677,2.0655506281,-0.1041101455,0.2955076370
0.4067800321,-0.0515589113,-0.4426129850,2.0668388720,-0.1032948788,0.2960029475
0.4067966093,-0.0503466631,-0.4421767022,2.0681263512,-0.1024791367,0.2964970642
0.4068131864,-0.0491344150,-0.4417404195,2.0694130661,-0.1016629223,0.2969899872
0.4068297636,-0.0479221668,-0.4413041368,2.0706990167,-0.1008462384,0.2974817167
0.4068463407,-0.0467099186,-0.4408678540,2.0719842035,-0.1000290880,0.2979722529
0.4068629179,-0.0454976705,-0.4404315713,2.0732686267,-0.0992114740,0.2984615959
0.4068794950,-0.0442854223,-0.4399952886,2.0745522864,-0.0983933992,0.2989497459
0.4068960722,-0.0430731742,-0.4395590058,2.0758351831,-0.0975748667,0.2994367031
0.4069126493,-0.0418609260,-0.4391227231,2.0771173170,-0.0967558792,0.2999224676
0.4069292265,-0.0406486779,-0.4386864404,2.0783986884,-0.0959364398,0.3004070398
0.4069458036,-0.0394364297,-0.4382501576,2.0796792976,-0.0951165514,0.3008904197
0.4069623808,-0.0382241815,-0.4378138749,2.0809591449,-0.0942962168,0.3013726075
0.4069789579,-0.0370119334,-0.4373775922,2.0822382305,-0.0934754389,0.3018536035
0.4069955351,-0.0357996852,-0.4369413094,2.0835165548,-0.0926542208,0.3023334079
0.4070121123,-0.0345874371,-0.4365050267,2.0847941182,-0.0918325651,0.3028120210
0.4070286894,-0.0333751889,-0.4360687440,2.0860709208,-0.0910104750,0.3032894428
0.4070452666,-0.0321629408,-0.4356324612,2.0873469632,-0.0901879532,0.3037656738
0.4070618437,-0.0309506926,-0.4351961785,2.0886222455,-0.0893650026,0.3042407140
0.4070784209,-0.0297384445,-0.4347598958,2.0898967681,-0.0885416263,0.3047145638
0.4070949980,-0.0285261963,-0.4343236130,2.0911705314,-0.0877178269,0.3051872234
0.4071115752,-0.0273139481,-0.4338873303,2.0924435357,-0.0868936075,0.3056586931
0.4071281523,-0.0261017000,-0.4334510476,2.0937157813,-0.0860689710,0.3061289731
0.4071447295,-0.0248894518,-0.4330147648,2.0949872687,-0.0852439201,0.3065980637
0.4071613066,-0.0236772037,-0.4325784821,2.0962579981,-0.0844184579,0.3070659651
0.4071778838,-0.0224649555,-0.4321421994,2.0975279700,-0.0835925872,0.3075326776
0.4071944609,-0.0212527074,-0.4317059166,2.0987971846,-0.0827663108,0.3079982016
0.4072110381,-0.0200404592,-0.4312696339,2.1000656425,-0.0819396317,0.3084625373
0.4072276153,-0.0188282110,-0.4308333512,2.1013333439,-0.0811125527,0.3089256849
0.4072441924,-0.0176159629,-0.4303970684,2.1026002893,-0.0802850767,0.3093876449
0.4072607696,-0.0164037147,-0.4299607857,2.1038664789,-0.0794572066,0.3098484174
0.4072773467,-0.0151914666,-0.4295245030,2.1051319134,-0.0786289452,0.3103080029
0.4072939239,-0.0139792184,-0.4290882202,2.1063965929,-0.0778002955,0.3107664015
0.4073105010,-0.0127669703,-0.4286519375,2.1076605180,-0.0769712602,0.3112236137
0.4073270782,-0.0115547221,-0.4282156548,2.1089236890,-0.0761418423,0.3116796398
0.4073436553,-0.0103424740,-0.4277793720,2.1101861064,-0.0753120447,0.3121344800
0.4073602325,-0.0091302258,-0.4273430893,2.1114477706,-0.0744818701,0.3125881348
0.4073768096,-0.0079179776,-0.4269068066,2.1127086819,-0.0736513214,0.3130406044
0.4073933868,-0.0067057295,-0.4264705238,2.1139688409,-0.0728204015,0.3134918893
0.4074099639,-0.0054934813,-0.4260342411,2.1152282480,-0.0719891133,0.3139419897
0.4074265411,-0.0042812332,-0.4255979584,2.1164869035,-0.0711574596,0.3143909060
0.4074431183,-0.0030689850,-0.4251616756,2.1177448079,-0.0703254432,0.3148386386
0.4074596954,-0.0018567369,-0.4247253929,2.1190019618,-0.0694930670,0.3152851878
0.4074762726,-0.0006444887,-0.4242891102,2.1202583654,-0.0686603338,0.3157305540
0.4074928497,0.0005677595,-0.4238528274,2.1215140194,-0.0678272465,0.3161747376
0.4075094269,0.0017800076,-0.4234165447,2.1227689241,-0.0669938080,0.3166177389
0.4075260040,0.0029922558,-0.4229802620,2.1240230799,-0.0661600210,0.3170595584
0.4075425812,0.0042045039,-0.4225439792,2.1252764875,-0.0653258883,0.3175001965
0.4075591583,0.0054167521,-0.4221076965,2.1265291472,-0.0644914129,0.3179396534
0.4075757355,0.0066290002,-0.4216714138,2.1277810595,-0.0636565976,0.3183779297
0.4075923126,0.0078412484,-0.4212351310,2.1290322249,-0.0628214451,0.3188150257
0.4076088898,0.0090534966,-0.4207988483,2.1302826439,-0.0619859584,0.3192509418
0.4076254669,0.0102657447,-0.4203625656,2.1315323170,-0.0611501401,0.3196856785
0.4076420441,0.0114779929,-0.4199262828,2.1327812446,-0.0603139932,0.3201192361
0.4076586213,0.0126902410,-0.4194900001,2.1340294273,-0.0594775205,0.3205516152
0.4076751984,0.0139024892,-0.4190537174,2.1352768655,-0.0586407247,0.3209828160
0.4076917756,0.0151147373,-0.4186174346,2.1365235598,-0.0578036087,0.3214128391
0.4077083527,0.0163269855,-0.4181811519,2.1377695107,-0.0569661753,0.3218416849
0.4077249299,0.0175392336,-0.4177448692,2.1390147187,-0.0561284273,0.3222693538
0.4077415070,0.0187514818,-0.4173085864,2.1402591843,-0.0552903675,0.3226958462
0.4077580842,0.0199637300,-0.4168723037,2.1415029080,-0.0544519987,0.3231211627
0.4077746613,0.0211759781,-0.4164360210,2.1427458904,-0.0536133237,0.3235453036
0.4077912385,0.0223882263,-0.4159997382,2.1439881319,-0.0527743453,0.3239682695
0.4078078156,0.0236004744,-0.4155634555,2.1452296332,-0.0519350662,0.3243900608
0.4078243928,0.0248127226,-0.4151271728,2.1464703947,-0.0510954894,0.3248106779
0.4078409699,0.0260249707,-0.4146908900,2.1477104170,-0.0502556175,0.3252301213
0.4078575471,0.0272372189,-0.4142546073,2.1489497006,-0.0494154533,0.3256483916
0.4078741243,0.0284494671,-0.4138183246,2.1501882461,-0.0485749997,0.3260654891
0.4078907014,0.0296617152,-0.4133820418,2.1514260541,-0.0477342593,0.3264814144
0.4079072786,0.0308739634,-0.4129457591,2.1526631251,-0.0468932350,0.3268961680
0.4079238557,0.0320862115,-0.4125094764,2.1538994596,-0.0460519296,0.3273097503
0.4079404329,0.0332984597,-0.4120731936,2.1551350582,-0.0452103458,0.3277221618
0.4079570100,0.0345107078,-0.4116369109,2.1563699216,-0.0443684863,0.3281334032
0.4079735872,0.0357229560,-0.4112006282,2.1576040501,-0.0435263540,0.3285434747
0.4079901643,0.0369352041,-0.4107643454,2.1588374445,-0.0426839516,0.3289523771
0.4080067415,0.0381474523,-0.4103280627,2.1600701054,-0.0418412819,0.3293601107
0.4080233186,0.0393597005,-0.4098917800,2.1613020332,-0.0409983475,0.3297666761
0.4080398958,0.0405719486,-0.4094554972,2.1625332286,-0.0401551513,0.3301720738
0.4080564729,0.0417841968,-0.4090192145,2.1637636921,-0.0393116960,0.3305763044
0.4080730501,0.0429964449,-0.4085829318,2.1649934244,-0.0384679844,0.3309793684
0.4080896273,0.0442086931,-0.4081466490,2.1662224261,-0.0376240191,0.3313812663
0.4081062044,0.0454209412,-0.4077103663,2.1674506977,-0.0367798029,0.3317819986
0.4081227816,0.0466331894,-0.4072740836,2.1686782399,-0.0359353387,0.3321815659
0.4081393587,0.0478454376,-0.4068378008,2.1699050533,-0.0350906290,0.3325799688
0.4081559359,0.0490576857,-0.4064015181,2.1711311384,-0.0342456766,0.3329772077
0.4081725130,0.0502699339,-0.4059652354,2.1723564959,-0.0334004842,0.3333732833
0.4081890902,0.0514821820,-0.4055289526,2.1735811264,-0.0325550546,0.3337681961
0.4082056673,0.0526944302,-0.4050926699,2.1748050305,-0.0317093905,0.3341619467
0.4082222445,0.0539066783,-0.4046563872,2.1760282089,-0.0308634946,0.3345545356
0.4082388216,0.0551189265,-0.4042201044,2.1772506622,-0.0300173696,0.3349459634
0.4082553988,0.0563311747,-0.4037838217,2.1784723909,-0.0291710182,0.3353362307
0.4082719759,0.0575434228,-0.4033475390,2.1796933958,-0.0283244431,0.3357253380
0.4082885531,0.0587556710,-0.4029112562,2.1809136774,-0.0274776470,0.3361132859
0.4083051303,0.0599679191,-0.4024749735,2.1821332365,-0.0266306327,0.3365000751
0.4083217074,0.0611801673,-0.4020386908,2.1833520736,-0.0257834027,0.3368857061
0.4083548617,0.0636046636,-0.4011661253,2.1857875846,-0.0240883068,0.3376534958
0.4084507234,0.0634526461,-0.4009784504,2.1853163280,-0.0223958193,0.3385581260
0.4085465850,0.0633006286,-0.4007907756,2.1848430187,-0.0207018340,0.3394645515
0.4086424466,0.0631486111,-0.4006031007,2.1843676491,-0.0190063539,0.3403727797
0.4087383083,0.0629965935,-0.4004154258,2.1838902121,-0.0173093824,0.3412828184
0.4088341699,0.0628445760,-0.4002277509,2.1834107002,-0.0156109229,0.3421946750
0.4089300316,0.0626925585,-0.4000400760,2.1829291059,-0.0139109787,0.3431083572
0.4090258932,0.0625405410,-0.3998524011,2.1824454218,-0.0122095533,0.3440238726
0.4091217548,0.0623885235,-0.3996647263,2.1819596404,-0.0105066500,0.3449412289
0.4092176165,0.0622365060,-0.3994770514,2.1814717542,-0.0088022723,0.3458604338
0.4093134781,0.0620844885,-0.3992893765,2.1809817555,-0.0070964239,0.3467814952
0.4094093398,0.0619324710,-0.3991017016,2.1804896369,-0.0053891081,0.3477044208
0.4095052014,0.0617804535,-0.3989140267,2.1799953905,-0.0036803286,0.3486292183
0.4096010630,0.0616284359,-0.3987263518,2.1794990088,-0.0019700890,0.3495558958
0.4096969247,0.0614764184,-0.3985386770,2.1790004840,-0.0002583930,0.3504844611
0.4097927863,0.0613244009,-0.3983510021,2.1784998084,0.0014547557,0.3514149221
0.4098886480,0.0611723834,-0.3981633272,2.1779969742,0.0031693535,0.3523472869
0.4099845096,0.0610203659,-0.3979756523,2.1774919736,0.0048853964,0.3532815634
0.4100803712,0.0608683484,-0.3977879774,2.1769847987,0.0066028809,0.3542177596
0.4101762329,0.0607163309,-0.3976003025,2.1764754415,0.0083218029,0.3551558837
0.4102720945,0.0605643134,-0.3974126277,2.1759638943,0.0100421586,0.3560959438
0.4103679562,0.0604122959,-0.3972249528,2.1754501489,0.0117639442,0.3570379480
0.4104638178,0.0602602784,-0.3970372779,2.1749341975,0.0134871555,0.3579819046
0.4105596794,0.0601082608,-0.3968496030,2.1744160319,0.0152117888,0.3589278218
0.4106555411,0.0599562433,-0.3966619281,2.1738956440,0.0169378399,0.3598757077
0.4107514027,0.0598042258,-0.3964742533,2.1733730258,0.0186653047,0.3608255709
0.4108472644,0.0596522083,-0.3962865784,2.1728481690,0.0203941792,0.3617774195
0.4109431260,0.0595001908,-0.3960989035,2.1723210655,0.0221244592,0.3627312621
0.4110389876,0.0593481733,-0.3959112286,2.1717917071,0.0238561405,0.3636871069
0.4111348493,0.0591961558,-0.3957235537,2.1712600854,0.0255892189,0.3646449625
0.4112307109,0.0590441383,-0.3955358788,2.1707261922,0.0273236902,0.3656048374
0.4113265726,0.0588921208,-0.3953482040,2.1701900190,0.0290595500,0.3665667401
0.4114224342,0.0587401032,-0.3951605291,2.1696515575,0.0307967939,0.3675306792
0.4115182958,0.0585880857,-0.3949728542,2.1691107993,0.0325354177,0.3684966633
0.4116141575,0.0584360682,-0.3947851793,2.1685677359,0.0342754169,0.3694647011
0.4117100191,0.0582840507,-0.3945975044,2.1680223588,0.0360167870,0.3704348012
0.4118058808,0.0581320332,-0.3944098295,2.1674746594,0.0377595236,0.3714069725
0.4119017424,0.0579800157,-0.3942221547,2.1669246291,0.0395036220,0.3723812236
0.4119976040,0.0578279982,-0.3940344798,2.1663722593,0.0412490777,0.3733575634
0.4120934657,0.0576759807,-0.3938468049,2.1658175414,0.0429958861,0.3743360008
0.4121893273,0.0575239632,-0.3936591300,2.1652604665,0.0447440425,0.3753165446
0.4122851890,0.0573719456,-0.3934714551,2.1647010260,0.0464935422,0.3762992038
0.4123810506,0.0572199281,-0.3932837802,2.1641392111,0.0482443805,0.3772839874
0.4124769122,0.0570679106,-0.3930961054,2.1635750129,0.0499965525,0.3782709043
0.4125727739,0.0569158931,-0.3929084305,2.1630084225,0.0517500534,0.3792599637
0.4126686355,0.0567638756,-0.3927207556,2.1624394311,0.0535048784,0.3802511747
0.4127644972,0.0566118581,-0.3925330807,2.1618680297,0.0552610225,0.3812445464
0.4128603588,0.0564598406,-0.3923454058,2.1612942092,0.0570184808,0.3822400879
0.4129562204,0.0563078231,-0.3921577310,2.1607179606,0.0587772482,0.3832378086
0.4130520821,0.0561558056,-0.3919700561,2.1601392748,0.0605373198,0.3842377177
0.4131479437,0.0560037880,-0.3917823812,2.1595581428,0.0622986904,0.3852398244
0.4132438054,0.0558517705,-0.3915947063,2.1589745552,0.0640613549,0.3862441383
0.4133396670,0.0556997530,-0.3914070314,2.1583885030,0.0658253081,0.3872506685
0.4134355286,0.0555477355,-0.3912193565,2.1577999768,0.0675905448,0.3882594247
0.4135313903,0.0553957180,-0.3910316817,2.1572089674,0.0693570597,0.3892704163
0.4136272519,0.0552437005,-0.3908440068,2.1566154653,0.0711248475,0.3902836528
0.4137231136,0.0550916830,-0.3906563319,2.1560194613,0.0728939029,0.3912991437
0.4138189752,0.0549396655,-0.3904686570,2.1554209458,0.0746642205,0.3923168988
0.4139148369,0.0547876480,-0.3902809821,2.1548199094,0.0764357947,0.3933369276
0.4140106985,0.0546356305,-0.3900933072,2.1542163426,0.0782086202,0.3943592400
0.4141065601,0.0544836129,-0.3899056324,2.1536102358,0.0799826914,0.3953838455
0.4142024218,0.0543315954,-0.3897179575,2.1530015794,0.0817580027,0.3964107540
0.4142982834,0.0541795779,-0.3895302826,2.1523903637,0.0835345485,0.3974399754
0.4143941451,0.0540275604,-0.3893426077,2.1517765790,0.0853123231,0.3984715195
0.4144900067,0.0538755429,-0.3891549328,2.1511602157,0.0870913208,0.3995053963
0.4145858683,0.0537235254,-0.3889672579,2.1505412638,0.0888715358,0.4005416157
0.4146817300,0.0535715079,-0.3887795831,2.1499197136,0.0906529624,0.4015801877
0.4147775916,0.0534194904,-0.3885919082,2.1492955551,0.0924355946,0.4026211225
0.4148734533,0.0532674729,-0.3884042333,2.1486687785,0.0942194265,0.4036644301
0.4149693149,0.0531154553,-0.3882165584,2.1480393737,0.0960044522,0.4047101207
0.4150651765,0.0529634378,-0.3880288835,2.1474073308,0.0977906658,0.4057582045
0.4151610382,0.0528114203,-0.3878412087,2.1467726397,0.0995780610,0.4068086917
0.4152568998,0.0526594028,-0.3876535338,2.1461352902,0.1013666320,0.4078615927
0.4153527615,0.0525073853,-0.3874658589,2.1454952721,0.1031563724,0.4089169177
0.4154486231,0.0523553678,-0.3872781840,2.1448525754,0.1049472761,0.4099746773
0.4155444847,0.0522033503,-0.3870905091,2.1442071897,0.1067393369,0.4110348817
0.4156403464,0.0520513328,-0.3869028342,2.1435591046,0.1085325484,0.4120975415
0.4157362080,0.0518993153,-0.3867151594,2.1429083100,0.1103269044,0.4131626673
0.4158320697,0.0517472977,-0.3865274845,2.1422547953,0.1121223985,0.4142302696
0.4159279313,0.0515952802,-0.3863398096,2.1415985501,0.1139190241,0.4153003590
0.4160237929,0.0514432627,-0.3861521347,2.1409395638,0.1157167748,0.4163729463
0.4161196546,0.0512912452,-0.3859644598,2.1402778261,0.1175156442,0.4174480421
0.4162155162,0.0511392277,-0.3857767849,2.1396133262,0.1193156255,0.4185256572
0.4163113779,0.0509872102,-0.3855891101,2.1389460535,0.1211167121,0.4196058025
0.4164072395,0.0508351927,-0.3854014352,2.1382759973,0.1229188974,0.4206884888
0.4165031011,0.0506831752,-0.3852137603,2.1376031469,0.1247221746,0.4217737271
0.4165989628,0.0505311577,-0.3850260854,2.1369274915,0.1265265369,0.4228615283
0.4166948244,0.0503791401,-0.3848384105,2.1362490201,0.1283319775,0.4239519034
0.4167906861,0.0502271226,-0.3846507356,2.1355677221,0.1301384894,0.4250448635
0.4168865477,0.0500751051,-0.3844630608,2.1348835863,0.1319460658,0.4261404198
0.4169824093,0.0499230876,-0.3842753859,2.1341966018,0.1337546996,0.4272385834
0.4170782710,0.0497710701,-0.3840877110,2.1335067575,0.1355643838,0.4283393656
0.4171741326,0.0496190526,-0.3839000361,2.1328140424,0.1373751112,0.4294427775
0.4172699943,0.0494670351,-0.3837123612,2.1321184453,0.1391868748,0.4305488306
0.4173658559,0.0493150176,-0.3835246864,2.1314199550,0.1409996672,0.4316575363
0.4174617175,0.0491630001,-0.3833370115,2.1307185603,0.1428134813,0.4327689058
0.4175575792,0.0490109825,-0.3831493366,2.1300142497,0.1446283097,0.4338829508
0.4176534408,0.0488589650,-0.3829616617,2.1293070121,0.1464441450,0.4349996828
0.4177493025,0.0487069475,-0.3827739868,2.1285968360,0.1482609799,0.4361191133
0.4178451641,0.0485549300,-0.3825863119,2.1278837099,0.1500788068,0.4372412540
0.4179410257,0.0484029125,-0.3823986371,2.1271676223,0.1518976181,0.4383661165
0.4180368874,0.0482508950,-0.3822109622,2.1264485616,0.1537174064,0.4394937127
0.4181327490,0.0480988775,-0.3820232873,2.1257265163,0.1555381640,0.4406240543
0.4182286107,0.0479468600,-0.3818356124,2.1250014746,0.1573598831,0.4417571531
0.4183244723,0.0477948425,-0.3816479375,2.1242734248,0.1591825561,0.4428930211
0.4184203339,0.0476428250,-0.3814602626,2.1235423552,0.1610061750,0.4440316701
0.4185161956,0.0474908074,-0.3812725878,2.1228082539,0.1628307321,0.4451731123
0.4186120572,0.0473387899,-0.3810849129,2.1220711091,0.1646562194,0.4463173597
0.4187079189,0.0471867724,-0.3808972380,2.1213309087,0.1664826290,0.4474644244
0.4188037805,0.0470347549,-0.3807095631,2.1205876409,0.1683099527,0.4486143185
0.4188996421,0.0468827374,-0.3805218882,2.1198412935,0.1701381825,0.4497670543
0.4189955038,0.0467307199,-0.3803342134,2.1190918544,0.1719673104,0.4509226441
0.4190913654,0.0465787024,-0.3801465385,2.1183393115,0.1737973279,0.4520811002
0.4191872271,0.0464266849,-0.3799588636,2.1175836526,0.1756282270,0.4532424350
0.4192830887,0.0462746674,-0.3797711887,2.1168248655,0.1774599992,0.4544066609
0.4193789503,0.0461226498,-0.3795835138,2.1160629376,0.1792926362,0.4555737904
0.4194748120,0.0459706323,-0.3793958389,2.1152978568,0.1811261295,0.4567438361
0.4195706736,0.0458186148,-0.3792081641,2.1145296106,0.1829604707,0.4579168107
0.4196665353,0.0456665973,-0.3790204892,2.1137581864,0.1847956512,0.4590927266
0.4197623969,0.0455145798,-0.3788328143,2.1129835718,0.1866316623,0.4602715968
0.4198582585,0.0453625623,-0.3786451394,2.1122057540,0.1884684955,0.4614534339
0.4199541202,0.0452105448,-0.3784574645,2.1114247206,0.1903061419,0.4626382509
0.4200499818,0.0450585273,-0.3782697896,2.1106404586,0.1921445928,0.4638260605
0.4201458435,0.0449065098,-0.3780821148,2.1098529554,0.1939838393,0.4650168758
0.4202417051,0.0447544922,-0.3778944399,2.1090621982,0.1958238726,0.4662107097
0.4203375667,0.0446024747,-0.3777067650,2.1082681740,0.1976646835,0.4674075753
0.4204334284,0.0444504572,-0.3775190901,2.1074708698,0.1995062632,0.4686074858
0.4205292900,0.0442984397,-0.3773314152,2.1066702728,0.2013486025,0.4698104543
0.4206251517,0.0441464222,-0.3771437403,2.1058663698,0.2031916921,0.4710164940
0.4207210133,0.0439944047,-0.3769560655,2.1050591477,0.2050355231,0.4722256183
0.4208168749,0.0438423872,-0.3767683906,2.1042485933,0.2068800859,0.4734378404
0.4209127366,0.0436903697,-0.3765807157,2.1034346933,0.2087253714,0.4746531739
0.4210085982,0.0435383522,-0.3763930408,2.1026174346,0.2105713700,0.4758716322
0.4211044599,0.0433863346,-0.3762053659,2.1017968037,0.2124180724,0.4770932288
0.4212003215,0.0432343171,-0.3760176911,2.1009727872,0.2142654689,0.4783179772
0.4212961831,0.0430822996,-0.3758300162,2.1001453716,0.2161135501,0.4795458912
0.4213920448,0.0429302821,-0.3756423413,2.0993145434,0.2179623061,0.4807769845
0.4214879064,0.0427782646,-0.3754546664,2.0984802891,0.2198117274,0.4820112707
0.4215837681,0.0426262471,-0.3752669915,2.0976425949,0.2216618041,0.4832487639
0.4216796297,0.0424742296,-0.3750793166,2.0968014471,0.2235125264,0.4844894777
0.4217754914,0.0423222121,-0.3748916418,2.0959568320,0.2253638844,0.4857334262
0.4218713530,0.0421701946,-0.3747039669,2.0951087358,0.2272158680,0.4869806233
0.4219672146,0.0420181771,-0.3745162920,2.0942571444,0.2290684673,0.4882310832
0.4220630763,0.0418661595,-0.3743286171,2.0934020441,0.2309216721,0.4894848200
0.4221589379,0.0417141420,-0.3741409422,2.0925434208,0.2327754723,0.4907418478
0.4222547996,0.0415621245,-0.3739532673,2.0916812603,0.2346298576,0.4920021809
0.4223506612,0.0414101070,-0.3737655925,2.0908155486,0.2364848177,0.4932658336
0.4224465228,0.0412580895,-0.3735779176,2.0899462715,0.2383403423,0.4945328203
0.4225423845,0.0411060720,-0.3733902427,2.0890734147,0.2401964208,0.4958031553
0.4226382461,0.0409540545,-0.3732025678,2.0881969638,0.2420530429,0.4970768533
0.4227341078,0.0408020370,-0.3730148929,2.0873169046,0.2439101978,0.4983539287
0.4228299694,0.0406500195,-0.3728272180,2.0864332225,0.2457678751,0.4996343961
0.4229258310,0.0404980019,-0.3726395432,2.0855459031,0.2476260639,0.5009182703
0.4230216927,0.0403459844,-0.3724518683,2.0846549318,0.2494847535,0.5022055660
0.4231175543,0.0401939669,-0.3722641934,2.0837602939,0.2513439331,0.5034962979
0.4232134160,0.0400419494,-0.3720765185,2.0828619748,0.2532035917,0.5047904809
0.4233092776,0.0398899319,-0.3718888436,2.0819599597,0.2550637184,0.5060881301
0.4234051392,0.0397379144,-0.3717011688,2.0810542338,0.2569243021,0.5073892602
0.4235010009,0.0395858969,-0.3715134939,2.0801447822,0.2587853317,0.5086938864
0.4235968625,0.0394338794,-0.3713258190,2.0792315899,0.2606467960,0.5100020239
0.4236927242,0.0392818619,-0.3711381441,2.0783146421,0.2625086837,0.5113136877
0.4237885858,0.0391298443,-0.3709504692,2.0773939235,0.2643709836,0.5126288931
0.4238844474,0.0389778268,-0.3707627943,2.0764694191,0.2662336842,0.5139476554
0.4239803091,0.0388258093,-0.3705751195,2.0755411137,0.2680967741,0.5152699900
0.4240761707,0.0386737918,-0.3703874446,2.0746089920,0.2699602417,0.5165959123
0.4241720324,0.0385217743,-0.3701997697,2.0736730387,0.2718240754,0.5179254378
0.4242678940,0.0383697568,-0.3700120948,2.0727332383,0.2736882635,0.5192585820
0.4243637556,0.0382177393,-0.3698244199,2.0717895756,0.2755527943,0.5205953606
0.4244596173,0.0380657218,-0.3696367450,2.0708420349,0.2774176559,0.5219357892
0.4245554789,0.0379137043,-0.3694490702,2.0698906007,0.2792828366,0.5232798836
0.4246513406,0.0377616867,-0.3692613953,2.0689352573,0.2811483242,0.5246276596
0.4247472022,0.0376096692,-0.3690737204,2.0679759890,0.2830141067,0.5259791331
0.4248430638,0.0374576517,-0.3688860455,2.0670127801,0.2848801721,0.5273343199
0.4249389255,0.0373056342,-0.3686983706,2.0660456147,0.2867465081,0.5286932362
0.4250347871,0.0371536167,-0.3685106957,2.0650744770,0.2886131025,0.5300558979
0.4251306488,0.0370015992,-0.3683230209,2.0640993509,0.2904799430,0.5314223211
0.4252265104,0.0368495817,-0.3681353460,2.0631202205,0.2923470171,0.5327925222
0.4253223720,0.0366975642,-0.3679476711,2.0621370696,0.2942143124,0.5341665173
0.4254182337,0.0365455467,-0.3677599962,2.0611498822,0.2960818163,0.5355443228
0.4255140953,0.0363935292,-0.3675723213,2.0601586419,0.2979495161,0.5369259549
0.4256099570,0.0362415116,-0.3673846465,2.0591633326,0.2998173992,0.5383114303
0.4257058186,0.0360894941,-0.3671969716,2.0581639378,0.3016854528,0.5397007654
0.4258016802,0.0359374766,-0.3670092967,2.0571604411,0.3035536641,0.5410939767
0.4258975419,0.0357854591,-0.3668216218,2.0561528262,0.3054220200,0.5424910810
0.4259934035,0.0356334416,-0.3666339469,2.0551410763,0.3072905076,0.5438920949
0.4260892652,0.0354814241,-0.3664462720,2.0541251750,0.3091591138,0.5452970352
0.4261851268,0.0353294066,-0.3662585972,2.0531051055,0.3110278254,0.5467059187
0.4262809884,0.0351773891,-0.3660709223,2.0520808512,0.3128966293,0.5481187623
0.4263768501,0.0350253716,-0.3658832474,2.0510523952,0.3147655120,0.5495355831
0.4264727117,0.0348733540,-0.3656955725,2.0500197207,0.3166344602,0.5509563980
0.4265685734,0.0347213365,-0.3655078976,2.0489828106,0.3185034604,0.5523812240
0.4266644350,0.0345693190,-0.3653202227,2.0479416482,0.3203724991,0.5538100785
0.4267602966,0.0344173015,-0.3651325479,2.0468962162,0.3222415626,0.5552429786
0.4268561583,0.0342652840,-0.3649448730,2.0458464975,0.3241106373,0.5566799415
0.4269520199,0.0341132665,-0.3647571981,2.0447924751,0.3259797093,0.5581209847
0.4270478816,0.0339612490,-0.3645695232,2.0437341315,0.3278487647,0.5595661256
0.4271437432,0.0338092315,-0.3643818483,2.0426714496,0.3297177898,0.5610153815
0.4272396048,0.0336572140,-0.3641941734,2.0416044119,0.3315867703,0.5624687702
0.4273354665,0.0335051964,-0.3640064986,2.0405330009,0.3334556922,0.5639263091
0.4274313281,0.0333531789,-0.3638188237,2.0394571993,0.3353245414,0.5653880161
0.4275271898,0.0332011614,-0.3636311488,2.0383769893,0.3371933036,0.5668539087
0.4276230514,0.0330491439,-0.3634434739,2.0372923534,0.3390619643,0.5683240048
0.4277189130,0.0328971264,-0.3632557990,2.0362032739,0.3409305093,0.5697983222
0.4278147747,0.0327451089,-0.3630681242,2.0351097329,0.3427989240,0.5712768790
0.4279106363,0.0325930914,-0.3628804493,2.0340117127,0.3446671937,0.5727596930
0.4280064980,0.0324410739,-0.3626927744,2.0329091954,0.3465353040,0.5742467824
0.4281023596,0.0322890564,-0.3625050995,2.0318021630,0.3484032398,0.5757381653
0.4281982212,0.0321370388,-0.3623174246,2.0306905975,0.3502709866,0.5772338598
0.4282940829,0.0319850213,-0.3621297497,2.0295744808,0.3521385293,0.5787338842
0.4283899445,0.0318330038,-0.3619420749,2.0284537948,0.3540058529,0.5802382568
0.4284858062,0.0316809863,-0.3617544000,2.0273285213,0.3558729424,0.5817469959
0.4285816678,0.0315289688,-0.3615667251,2.0261986419,0.3577397825,0.5832601201
0.4286775294,0.0313769513,-0.3613790502,2.0250641384,0.3596063581,0.5847776478
0.4287733911,0.0312249338,-0.3611913753,2.0239249923,0.3614726539,0.5862995975
0.4288692527,0.0310729163,-0.3610037004,2.0227811852,0.3633386543,0.5878259879
0.4289651144,0.0309208988,-0.3608160256,2.0216326986,0.3652043439,0.5893568377
0.4290609760,0.0307688812,-0.3606283507,2.0204795138,0.3670697071,0.5908921657
0.4291568377,0.0306168637,-0.3604406758,2.0193216123,0.3689347283,0.5924319905
0.4292526993,0.0304648462,-0.3602530009,2.0181589753,0.3707993916,0.5939763312
0.4293485609,0.0303128287,-0.3600653260,2.0169915841,0.3726636813,0.5955252066
0.4294444226,0.0301608112,-0.3598776512,2.0158194198,0.3745275814,0.5970786357
0.4295402842,0.0300087937,-0.3596899763,2.0146424636,0.3763910759,0.5986366376
0.4296361459,0.0298567762,-0.3595023014,2.0134606964,0.3782541488,0.6001992313
0.4297320075,0.0297047587,-0.3593146265,2.0122740993,0.3801167837,0.6017664362
0.4298278691,0.0295527412,-0.3591269516,2.0110826532,0.3819789645,0.6033382713
0.4299237308,0.0294007237,-0.3589392767,2.0098863390,0.3838406748,0.6049147560
0.4300195924,0.0292487061,-0.3587516019,2.0086851375,0.3857018982,0.6064959097
0.4301154541,0.0290966886,-0.3585639270,2.0074790293,0.3875626181,0.6080817517
0.4302113157,0.0289446711,-0.3583762521,2.0062679953,0.3894228179,0.6096723015
0.4303071773,0.0287926536,-0.3581885772,2.0050520161,0.3912824809,0.6112675787
0.4304030390,0.0286406361,-0.3580009023,2.0038310722,0.3931415902,0.6128676028
0.4304989006,0.0284886186,-0.3578132274,2.0026051441,0.3950001291,0.6144723935
0.4305947623,0.0283366011,-0.3576255526,2.0013742123,0.3968580806,0.6160819705
0.4306906239,0.0281845836,-0.3574378777,2.0001382572,0.3987154275,0.6176963535
0.4307864855,0.0280325661,-0.3572502028,1.9988972591,0.4005721528,0.6193155624
0.4308823472,0.0278805485,-0.3570625279,1.9976511984,0.4024282391,0.6209396170
0.4309782088,0.0277285310,-0.3568748530,1.9964000552,0.4042836693,0.6225685373
0.4310740705,0.0275765135,-0.3566871781,1.9951438098,0.4061384257,0.6242023432
0.4311699321,0.0274244960,-0.3564995033,1.9938824423,0.4079924911,0.6258410547
0.4312657937,0.0272724785,-0.3563118284,1.9926159327,0.4098458476,0.6274846921
0.4313616554,0.0271204610,-0.3561241535,1.9913442610,0.4116984777,0.6291332753
0.4314575170,0.0269684435,-0.3559364786,1.9900674073,0.4135503636,0.6307868247
0.4315533787,0.0268164260,-0.3557488037,1.9887853513,0.4154014874,0.6324453604
0.4316492403,0.0266644085,-0.3555611289,1.9874980731,0.4172518311,0.6341089027
0.4317451019,0.0265123909,-0.3553734540,1.9862055523,0.4191013767,0.6357774721
0.4318409636,0.0263603734,-0.3551857791,1.9849077687,0.4209501061,0.6374510889
0.4319368252,0.0262083559,-0.3549981042,1.9836047021,0.4227980010,0.6391297736
0.4320326869,0.0260563384,-0.3548104293,1.9822963320,0.4246450430,0.6408135467
0.4321285485,0.0259043209,-0.3546227544,1.9809826382,0.4264912138,0.6425024287
0.4322244101,0.0257523034,-0.3544350796,1.9796636000,0.4283364949,0.6441964403
0.4323202718,0.0256002859,-0.3542474047,1.9783391971,0.4301808676,0.6458956020
0.4324161334,0.0254482684,-0.3540597298,1.9770094089,0.4320243133,0.6475999347
0.4325119951,0.0252962509,-0.3538720549,1.9756742148,0.4338668131,0.6493094590
0.4326078567,0.0251442333,-0.3536843800,1.9743335942,0.4357083482,0.6510241958
0.4327037183,0.0249922158,-0.3534967051,1.9729875263,0.4375488996,0.6527441659
0.4327995800,0.0248401983,-0.3533090303,1.9716359905,0.4393884482,0.6544693902
0.4328954416,0.0246881808,-0.3531213554,1.9702789660,0.4412269749,0.6561998895
0.4329913033,0.0245361633,-0.3529336805,1.9689164319,0.4430644603,0.6579356849
0.4330871649,0.0243841458,-0.3527460056,1.9675483675,0.4449008853,0.6596767975
0.4331830265,0.0242321283,-0.3525583307,1.9661747517,0.4467362302,0.6614232482
0.4332788882,0.0240801108,-0.3523706558,1.9647955637,0.4485704756,0.6631750581
0.4333747498,0.0239280933,-0.3521829810,1.9634107825,0.4504036018,0.6649322484
0.4334706115,0.0237760758,-0.3519953061,1.9620203870,0.4522355892,0.6666948403
0.4335664731,0.0236240582,-0.3518076312,1.9606243562,0.4540664178,0.6684628550
0.4336623347,0.0234720407,-0.3516199563,1.9592226691,0.4558960677,0.6702363138
0.4337581964,0.0233200232,-0.3514322814,1.9578153044,0.4577245190,0.6720152379
0.4338540580,0.0231680057,-0.3512446066,1.9564022409,0.4595517516,0.6737996486
0.4339499197,0.0230159882,-0.3510569317,1.9549834576,0.4613777451,0.6755895674
0.4340457813,0.0228639707,-0.3508692568,1.9535589330,0.4632024793,0.6773850156
0.4341416429,0.0227119532,-0.3506815819,1.9521286461,0.4650259339,0.6791860147
0.4342375046,0.0225599357,-0.3504939070,1.9506925754,0.4668480883,0.6809925860
0.4343333662,0.0224079182,-0.3503062321,1.9492506996,0.4686689219,0.6828047512
0.4344292279,0.0222559006,-0.3501185573,1.9478029973,0.4704884141,0.6846225318
0.4345250895,0.0221038831,-0.3499308824,1.9463494472,0.4723065440,0.6864459492
0.4346209511,0.0219518656,-0.3497432075,1.9448900279,0.4741232908,0.6882750251
0.4347168128,0.0217998481,-0.3495555326,1.9434247178,0.4759386336,0.6901097811
0.4348126744,0.0216478306,-0.3493678577,1.9419534955,0.4777525511,0.6919502388
0.4349085361,0.0214958131,-0.3491801828,1.9404763394,0.4795650223,0.6937964198
0.4350043977,0.0213437956,-0.3489925080,1.9389932282,0.4813760259,0.6956483460
0.4351002593,0.0211917781,-0.3488048331,1.9375041401,0.4831855405,0.6975060388
0.4351961210,0.0210397606,-0.3486171582,1.9360090537,0.4849935447,0.6993695202
0.4352919826,0.0208877430,-0.3484294833,1.9345079474,0.4868000169,0.7012388118
0.4353878443,0.0207357255,-0.3482418084,1.9330007995,0.4886049354,0.7031139353
0.4354837059,0.0205837080,-0.3480541335,1.9314875884,0.4904082785,0.7049949127
0.4355795675,0.0204316905,-0.3478664587,1.9299682925,0.4922100244,0.7068817656
0.4356754292,0.0202796730,-0.3476787838,1.9284428901,0.4940101510,0.7087745159
0.4357712908,0.0201276555,-0.3474911089,1.9269113595,0.4958086364,0.7106731853
0.4358671525,0.0199756380,-0.3473034340,1.9253736792,0.4976054583,0.7125777958
0.4359630141,0.0198236205,-0.3471157591,1.9238298273,0.4994005947,0.7144883692
0.4360588757,0.0196716030,-0.3469280843,1.9222797821,0.5011940230,0.7164049273
0.4361547374,0.0195195854,-0.3467404094,1.9207235221,0.5029857209,0.7183274920
0.4362505990,0.0193675679,-0.3465527345,1.9191610254,0.5047756658,0.7202560852
0.4363464607,0.0192155504,-0.3463650596,1.9175922703,0.5065638351,0.7221907287
0.4364423223,0.0190635329,-0.3461773847,1.9160172351,0.5083502061,0.7241314444
0.4365381839,0.0189115154,-0.3459897098,1.9144358982,0.5101347559,0.7260782542
0.4366340456,0.0187594979,-0.3458020350,1.9128482376,0.5119174616,0.7280311800
0.4367299072,0.0186074804,-0.3456143601,1.9112542319,0.5136983002,0.7299902436
0.4368257689,0.0184554629,-0.3454266852,1.9096538591,0.5154772485,0.7319554669
0.4369216305,0.0183034454,-0.3452390103,1.9080470977,0.5172542833,0.7339268717
0.4370174922,0.0181514278,-0.3450513354,1.9064339259,0.5190293813,0.7359044800
0.4371133538,0.0179994103,-0.3448636605,1.9048143220,0.5208025191,0.7378883136
0.4372092154,0.0178473928,-0.3446759857,1.9031882643,0.5225736731,0.7398783943
0.4373050771,0.0176953753,-0.3444883108,1.9015557311,0.5243428197,0.7418747439
0.4374009387,0.0175433578,-0.3443006359,1.8999167009,0.5261099353,0.7438773843
0.4374968004,0.0173913403,-0.3441129610,1.8982711519,0.5278749960,0.7458863372
0.4375926620,0.0172393228,-0.3439252861,1.8966190625,0.5296379779,0.7479016244
0.4376885236,0.0170873053,-0.3437376112,1.8949604111,0.5313988569,0.7499232677
0.4377843853,0.0169352878,-0.3435499364,1.8932951762,0.5331576090,0.7519512889
0.4378802469,0.0167832703,-0.3433622615,1.8916233361,0.5349142100,0.7539857095
0.4379761086,0.0166312527,-0.3431745866,1.8899448694,0.5366686356,0.7560265514
0.4380719702,0.0164792352,-0.3429869117,1.8882597545,0.5384208613,0.7580738361
0.4381678318,0.0163272177,-0.3427992368,1.8865679699,0.5401708627,0.7601275853
0.4382636935,0.0161752002,-0.3426115620,1.8848694943,0.5419186151,0.7621878207
0.4383595551,0.0160231827,-0.3424238871,1.8831643062,0.5436640940,0.7642545636
0.4384554168,0.0158711652,-0.3422362122,1.8814523842,0.5454072744,0.7663278358
0.4385512784,0.0157191477,-0.3420485373,1.8797337070,0.5471481315,0.7684076585
0.4386471400,0.0155671302,-0.3418608624,1.8780082533,0.5488866403,0.7704940534
0.4387430017,0.0154151127,-0.3416731875,1.8762760019,0.5506227758,0.7725870418
0.4388388633,0.0152630951,-0.3414855127,1.8745369315,0.5523565127,0.7746866450
0.4389347250,0.0151110776,-0.3412978378,1.8727910210,0.5540878258,0.7767928844
0.4390305866,0.0149590601,-0.3411101629,1.8710382493,0.5558166897,0.7789057812
0.4391264482,0.0148070426,-0.3409224880,1.8692785953,0.5575430790,0.7810253566
0.4392223099,0.0146550251,-0.3407348131,1.8675120381,0.5592669680,0.7831516317
0.4393181715,0.0145030076,-0.3405471382,1.8657385567,0.5609883312,0.7852846277
0.4394140332,0.0143509901,-0.3403594634,1.8639581303,0.5627071428,0.7874243656
0.4395098948,0.0141989726,-0.3401717885,1.8621707379,0.5644233768,0.7895708663
0.4396057564,0.0140469551,-0.3399841136,1.8603763589,0.5661370075,0.7917241507
0.4397016181,0.0138949375,-0.3397964387,1.8585749727,0.5678480088,0.7938842396
0.4397974797,0.0137429200,-0.3396087638,1.8567665584,0.5695563544,0.7960511539
0.4398933414,0.0135909025,-0.3394210889,1.8549510958,0.5712620183,0.7982249142
0.4399892030,0.0134388850,-0.3392334141,1.8531285642,0.5729649740,0.8004055411
0.4400850646,0.0132868675,-0.3390457392,1.8512989433,0.5746651952,0.8025930551
0.4401809263,0.0131348500,-0.3388580643,1.8494622129,0.5763626553,0.8047874766
0.4402767879,0.0129828325,-0.3386703894,1.8476183527,0.5780573278,0.8069888261
0.4403726496,0.0128308150,-0.3384827145,1.8457673425,0.5797491860,0.8091971238
0.4404685112,0.0126787975,-0.3382950397,1.8439091624,0.5814382031,0.8114123899
0.4405643728,0.0125267799,-0.3381073648,1.8420437924,0.5831243521,0.8136346445
0.4406602345,0.0123747624,-0.3379196899,1.8401712127,0.5848076063,0.8158639075
0.4407560961,0.0122227449,-0.3377320150,1.8382914035,0.5864879384,0.8181001988
0.4408519578,0.0120707274,-0.3375443401,1.8364043452,0.5881653214,0.8203435383
0.4409478194,0.0119187099,-0.3373566652,1.8345100183,0.5898397280,0.8225939455
0.4410436810,0.0117666924,-0.3371689904,1.8326084034,0.5915111308,0.8248514401
0.4411395427,0.0116146749,-0.3369813155,1.8306994811,0.5931795025,0.8271160416
0.4412354043,0.0114626574,-0.3367936406,1.8287832322,0.5948448156,0.8293877691
0.4413312660,0.0113106399,-0.3366059657,1.8268596378,0.5965070425,0.8316666421
0.4414271276,0.0111586224,-0.3364182908,1.8249286788,0.5981661554,0.8339526795
0.4415229892,0.0110066048,-0.3362306159,1.8229903364,0.5998221267,0.8362459003
0.4416188509,0.0108545873,-0.3360429411,1.8210445919,0.6014749285,0.8385463234
0.4417147125,0.0107025698,-0.3358552662,1.8190914268,0.6031245327,0.8408539674
0.4418105742,0.0105505523,-0.3356675913,1.8171308227,0.6047709115,0.8431688510
0.4419064358,0.0103985348,-0.3354799164,1.8151627613,0.6064140367,0.8454909926
0.4420022974,0.0102465173,-0.3352922415,1.8131872244,0.6080538800,0.8478204103
0.4420981591,0.0100944998,-0.3351045667,1.8112041941,0.6096904133,0.8501571225
0.4421940207,0.0099424823,-0.3349168918,1.8092136525,0.6113236081,0.8525011470
0.4422898824,0.0097904648,-0.3347292169,1.8072155819,0.6129534361,0.8548525016
0.4423857440,0.0096384472,-0.3345415420,1.8052099649,0.6145798686,0.8572112041
0.4424816056,0.0094864297,-0.3343538671,1.8031967841,0.6162028771,0.8595772720
0.4425774673,0.0093344122,-0.3341661922,1.8011760222,0.6178224329,0.8619507225
0.4426733289,0.0091823947,-0.3339785174,1.7991476623,0.6194385072,0.8643315728
0.4427691906,0.0090303772,-0.3337908425,1.7971116875,0.6210510711,0.8667198400
0.4428650522,0.0088783597,-0.3336031676,1.7950680811,0.6226600958,0.8691155409
0.4429609138,0.0087263422,-0.3334154927,1.7930168267,0.6242655523,0.8715186920
0.4430567755,0.0085743247,-0.3332278178,1.7909579080,0.6258674114,0.8739293098
0.4431526371,0.0084223072,-0.3330401429,1.7888913089,0.6274656440,0.8763474106
0.4432484988,0.0082702896,-0.3328524681,1.7868170133,0.6290602209,0.8787730104
0.4433443604,0.0081182721,-0.3326647932,1.7847350058,0.6306511127,0.8812061250
0.4434402220,0.0079662546,-0.3324771183,1.7826452706,0.6322382901,0.8836467703
0.4435360837,0.0078142371,-0.3322894434,1.7805477926,0.6338217237,0.8860949614
0.4436319453,0.0076622196,-0.3321017685,1.7784425566,0.6354013839,0.8885507138
0.4437278070,0.0075102021,-0.3319140936,1.7763295478,0.6369772411,0.8910140424
0.4438236686,0.0073581846,-0.3317264188,1.7742087515,0.6385492656,0.8934849621
0.4439195302,0.0072061671,-0.3315387439,1.7720801533,0.6401174278,0.8959634873
0.4440153919,0.0070541496,-0.3313510690,1.7699437390,0.6416816977,0.8984496325
0.4441112535,0.0069021320,-0.3311633941,1.7677994946,0.6432420456,0.9009434117
0.4442071152,0.0067501145,-0.3309757192,1.7656474064,0.6447984415,0.9034448388
0.4443029768,0.0065980970,-0.3307880444,1.7634874609,0.6463508555,0.9059539275
0.4443988385,0.0064460795,-0.3306003695,1.7613196449,0.6478992573,0.9084706910
0.4444947001,0.0062940620,-0.3304126946,1.7591439454,0.6494436170,0.9109951426
0.4445905617,0.0061420445,-0.3302250197,1.7569603497,0.6509839044,0.9135272952
0.4446864234,0.0059900270,-0.3300373448,1.7547688453,0.6525200891,0.9160671612
0.4447822850,0.0058380095,-0.3298496699,1.7525694200,0.6540521408,0.9186147531
0.4448781467,0.0056859920,-0.3296619951,1.7503620619,0.6555800293,0.9211700829
0.4449740083,0.0055339744,-0.3294743202,1.7481467593,0.6571037241,0.9237331624
0.4450698699,0.0053819569,-0.3292866453,1.7459235009,0.6586231947,0.9263040031
0.4451657316,0.0052299394,-0.3290989704,1.7436922756,0.6601384105,0.9288826163
0.4452615932,0.0050779219,-0.3289112955,1.7414530726,0.6616493410,0.9314690129
0.4453574549,0.0049259044,-0.3287236206,1.7392058814,0.6631559556,0.9340632035
0.4454533165,0.0047738869,-0.3285359458,1.7369506918,0.6646582235,0.9366651984
0.4455491781,0.0046218694,-0.3283482709,1.7346874939,0.6661561140,0.9392750077
0.4456450398,0.0044698519,-0.3281605960,1.7324162781,0.6676495963,0.9418926412
0.4457409014,0.0043178344,-0.3279729211,1.7301370352,0.6691386397,0.9445181082
0.4458367631,0.0041658169,-0.3277852462,1.7278497563,0.6706232131,0.9471514178
0.4459326247,0.0040137993,-0.3275975713,1.7255544326,0.6721032857,0.9497925787
0.4460284863,0.0038617818,-0.3274098965,1.7232510560,0.6735788266,0.9524415994
0.4461243480,0.0037097643,-0.3272222216,1.7209396184,0.6750498046,0.9550984880
0.4462202096,0.0035577468,-0.3270345467,1.7186201123,0.6765161888,0.9577632523
0.4463160713,0.0034057293,-0.3268468718,1.7162925305,0.6779779481,0.9604358995
0.4464119329,0.0032537118,-0.3266591969,1.7139568659,0.6794350513,0.9631164369
0.4465077945,0.0031016943,-0.3264715221,1.7116131120,0.6808874673,0.9658048710
0.4466036562,0.0029496768,-0.3262838472,1.7092612628,0.6823351649,0.9685012083
0.4466995178,0.0027976593,-0.3260961723,1.7069013122,0.6837781129,0.9712054546
0.4467953795,0.0026456417,-0.3259084974,1.7045332549,0.6852162801,0.9739176155
0.4468912411,0.0024936242,-0.3257208225,1.7021570859,0.6866496351,0.9766376964
0.4469871027,0.0023416067,-0.3255331476,1.6997728003,0.6880781466,0.9793657019
0.4470829644,0.0021895892,-0.3253454728,1.6973803940,0.6895017834,0.9821016365
0.4471788260,0.0020375717,-0.3251577979,1.6949798630,0.6909205140,0.9848455044
0.4472746877,0.0018855542,-0.3249701230,1.6925712039,0.6923343071,0.9875973090
0.4473705493,0.0017335367,-0.3247824481,1.6901544134,0.6937431313,0.9903570537
0.4474664109,0.0015815192,-0.3245947732,1.6877294890,0.6951469551,0.9931247413
0.4475622726,0.0014295017,-0.3244070983,1.6852964284,0.6965457472,0.9959003742
0.4476581342,0.0012774841,-0.3242194235,1.6828552296,0.6979394761,0.9986839544
0.4477539959,0.0011254666,-0.3240317486,1.6804058914,0.6993281104,1.0014754834
0.4478498575,0.0009734491,-0.3238440737,1.6779484127,0.7007116185,1.0042749624
0.4479457191,0.0008214316,-0.3236563988,1.6754827929,0.7020899690,1.0070823921
0.4480415808,0.0006694141,-0.3234687239,1.6730090320,0.7034631305,1.0098977726
0.4481374424,0.0005173966,-0.3232810490,1.6705271303,0.7048310714,1.0127211039
0.4482333041,0.0003653791,-0.3230933742,1.6680370885,0.7061937603,1.0155523852
0.4483291657,0.0002133616,-0.3229056993,1.6655389080,0.7075511657,1.0183916154
0.4484250273,0.0000613441,-0.3227180244,1.6630325905,0.7089032560,1.0212387930
0.4485208890,-0.0000906735,-0.3225303495,1.6605181381,0.7102499999,1.0240939158
0.4486167506,-0.0002426910,-0.3223426746,1.6579955536,0.7115913658,1.0269569815
0.4487126123,-0.0003947085,-0.3221549998,1.6554648400,0.7129273222,1.0298279869
0.4488084739,-0.0005467260,-0.3219673249,1.6529260010,0.7142578378,1.0327069285
0.4489043355,-0.0006987435,-0.3217796500,1.6503790408,0.7155828811,1.0355938024
0.4490001972,-0.0008507610,-0.3215919751,1.6478239640,0.7169024206,1.0384886040
0.4490960588,-0.0010027785,-0.3214043002,1.6452607756,0.7182164250,1.0413913285
0.4491919205,-0.0011547960,-0.3212166253,1.6426894814,0.7195248628,1.0443019701
0.4492877821,-0.0013068135,-0.3210289505,1.6401100875,0.7208277027,1.0472205231
0.4493836437,-0.0014588310,-0.3208412756,1.6375226006,0.7221249134,1.0501469807
0.4494795054,-0.0016108486,-0.3206536007,1.6349270279,0.7234164635,1.0530813361
0.4495753670,-0.0017628661,-0.3204659258,1.6323233770,0.7247023218,1.0560235814
0.4496712287,-0.0019148836,-0.3202782509,1.6297116564,0.7259824570,1.0589737087
0.4497670903,-0.0020669011,-0.3200905760,1.6270918747,0.7272568379,1.0619317093
0.4498629519,-0.0022189186,-0.3199029012,1.6244640413,0.7285254333,1.0648975739
0.4499588136,-0.0023709361,-0.3197152263,1.6218281662,0.7297882120,1.0678712928
0.4500546752,-0.0025229536,-0.3195275514,1.6191842597,0.7310451430,1.0708528556
0.4501505369,-0.0026749711,-0.3193398765,1.6165323330,0.7322961952,1.0738422516
0.4502463985,-0.0028269886,-0.3191522016,1.6138723975,0.7335413376,1.0768394691
0.4503422601,-0.0029790062,-0.3189645267,1.6112044655,0.7347805393,1.0798444963
0.4504381218,-0.0031310237,-0.3187768519,1.6085285497,0.7360137693,1.0828573205
0.4505339834,-0.0032830412,-0.3185891770,1.6058446634,0.7372409968,1.0858779285
0.4506298451,-0.0034350587,-0.3184015021,1.6031528205,0.7384621910,1.0889063066
0.4507257067,-0.0035870762,-0.3182138272,1.6004530354,0.7396773211,1.0919424404
0.4508215683,-0.0037390937,-0.3180261523,1.5977453234,0.7408863566,1.0949863149
0.4509174300,-0.0038911112,-0.3178384775,1.5950297000,0.7420892667,1.0980379147
0.4510132916,-0.0040431287,-0.3176508026,1.5923061816,0.7432860210,1.1010972235
0.4511091533,-0.0041951462,-0.3174631277,1.5895747850,0.7444765890,1.1041642246
0.4512050149,-0.0043471638,-0.3172754528,1.5868355278,0.7456609403,1.1072389006
0.4513008765,-0.0044991813,-0.3170877779,1.5840884281,0.7468390447,1.1103212335
0.4513967382,-0.0046511988,-0.3169001030,1.5813335047,0.7480108718,1.1134112047
0.4514925998,-0.0048032163,-0.3167124282,1.5785707770,0.7491763915,1.1165087949
0.4515884615,-0.0049552338,-0.3165247533,1.5758002649,0.7503355738,1.1196139843
0.4516843231,-0.0051072513,-0.3163370784,1.5730219891,0.7514883888,1.1227267523
0.4517801848,-0.0052592688,-0.3161494035,1.5702359710,0.7526348064,1.1258470777
0.4518760464,-0.0054112863,-0.3159617286,1.5674422324,0.7537747970,1.1289749389
0.4519719080,-0.0055633038,-0.3157740537,1.5646407960,0.7549083309,1.1321103132
0.4520677697,-0.0057153214,-0.3155863789,1.5618316850,0.7560353785,1.1352531777
0.4521636313,-0.0058673389,-0.3153987040,1.5590149232,0.7571559103,1.1384035085
0.4522594930,-0.0060193564,-0.3152110291,1.5561905353,0.7582698969,1.1415612812
0.4523553546,-0.0061713739,-0.3150233542,1.5533585464,0.7593773091,1.1447264708
0.4524512162,-0.0063233914,-0.3148356793,1.5505189824,0.7604781177,1.1478990515
0.4525470779,-0.0064754089,-0.3146480044,1.5476718699,0.7615722937,1.1510789968
0.4526429395,-0.0066274264,-0.3144603296,1.5448172361,0.7626598083,1.1542662798
0.4527388012,-0.0067794439,-0.3142726547,1.5419551089,0.7637406325,1.1574608726
0.4528346628,-0.0069314614,-0.3140849798,1.5390855170,0.7648147378,1.1606627468
0.4529305244,-0.0070834790,-0.3138973049,1.5362084894,0.7658820957,1.1638718732
0.4530263861,-0.0072354965,-0.3137096300,1.5333240563,0.7669426777,1.1670882221
0.4531222477,-0.0073875140,-0.3135219552,1.5304322481,0.7679964556,1.1703117629
0.4532181094,-0.0075395315,-0.3133342803,1.5275330964,0.7690434012,1.1735424644
0.4533139710,-0.0076915490,-0.3131466054,1.5246266330,0.7700834866,1.1767802948
0.4534098326,-0.0078435665,-0.3129589305,1.5217128908,0.7711166840,1.1800252214
0.4535056943,-0.0079955840,-0.3127712556,1.5187919030,0.7721429656,1.1832772110
0.4536015559,-0.0081476015,-0.3125835807,1.5158637039,0.7731623040,1.1865362296
0.4536974176,-0.0082996190,-0.3123959059,1.5129283283,0.7741746717,1.1898022425
0.4537932792,-0.0084516365,-0.3122082310,1.5099858116,0.7751800417,1.1930752144
0.4538891408,-0.0086036541,-0.3120205561,1.5070361901,0.7761783867,1.1963551090
0.4539850025,-0.0087556716,-0.3118328812,1.5040795008,0.7771696799,1.1996418897
0.4540808641,-0.0089076891,-0.3116452063,1.5011157813,0.7781538947,1.2029355189
0.4541767258,-0.0090597066,-0.3114575314,1.4981450699,0.7791310045,1.2062359583
0.4542725874,-0.0092117241,-0.3112698566,1.4951674057,0.7801009828,1.2095431691
0.4543684490,-0.0093637416,-0.3110821817,1.4921828285,0.7810638036,1.2128571116
0.4544643107,-0.0095157591,-0.3108945068,1.4891913787,0.7820194407,1.2161777455
0.4545601723,-0.0096677766,-0.3107068319,1.4861930977,0.7829678685,1.2195050296
0.4546560340,-0.0098197941,-0.3105191570,1.4831880273,0.7839090613,1.2228389221
0.4547518956,-0.0099718117,-0.3103314822,1.4801762102,0.7848429936,1.2261793806
0.4548477572,-0.0101238292,-0.3101438073,1.4771576897,0.7857696401,1.2295263618
0.4549436189,-0.0102758467,-0.3099561324,1.4741325098,0.7866889760,1.2328798219
0.4550394805,-0.0104278642,-0.3097684575,1.4711007155,0.7876009762,1.2362397160
0.4551353422,-0.0105798817,-0.3095807826,1.4680623521,0.7885056163,1.2396059989
0.4552312038,-0.0107318992,-0.3093931077,1.4650174659,0.7894028717,1.2429786245
0.4553270654,-0.0108839167,-0.3092054329,1.4619661039,0.7902927183,1.2463575459
0.4554229271,-0.0110359342,-0.3090177580,1.4589083137,0.7911751321,1.2497427157
0.4555187887,-0.0111879517,-0.3088300831,1.4558441436,0.7920500893,1.2531340855
0.4556146504,-0.0113399693,-0.3086424082,1.4527736428,0.7929175664,1.2565316066
0.4557105120,-0.0114919868,-0.3084547333,1.4496968610,0.7937775400,1.2599352291
0.4558063736,-0.0116440043,-0.3082670584,1.4466138487,0.7946299871,1.2633449027
0.4559022353,-0.0117960218,-0.3080793836,1.4435246572,0.7954748848,1.2667605764
0.4559980969,-0.0119480393,-0.3078917087,1.4404293383,0.7963122105,1.2701821983
0.4560939586,-0.0121000568,-0.3077040338,1.4373279447,0.7971419418,1.2736097160
0.4561898202,-0.0122520743,-0.3075163589,1.4342205297,0.7979640566,1.2770430763
0.4562856818,-0.0124040918,-0.3073286840,1.4311071473,0.7987785330,1.2804822252
0.4563815435,-0.0125561093,-0.3071410091,1.4279878523,0.7995853493,1.2839271082
0.4564774051,-0.0127081269,-0.3069533343,1.4248627001,0.8003844842,1.2873776700
0.4565732668,-0.0128601444,-0.3067656594,1.4217317468,0.8011759166,1.2908338546
0.4566691284,-0.0130121619,-0.3065779845,1.4185950491,0.8019596255,1.2942956053
0.4567649900,-0.0131641794,-0.3063903096,1.4154526647,0.8027355905,1.2977628648
0.4568608517,-0.0133161969,-0.3062026347,1.4123046517,0.8035037910,1.3012355750
0.4569567133,-0.0134682144,-0.3060149599,1.4091510688,0.8042642072,1.3047136771
0.4570525750,-0.0136202319,-0.3058272850,1.4059919758,0.8050168191,1.3081971118
0.4571484366,-0.0137722494,-0.3056396101,1.4028274327,0.8057616073,1.3116858190
0.4572442982,-0.0139242669,-0.3054519352,1.3996575005,0.8064985525,1.3151797379
0.4573401599,-0.0140762844,-0.3052642603,1.3964822407,0.8072276357,1.3186788072
0.4574360215,-0.0142283020,-0.3050765854,1.3933017154,0.8079488384,1.3221829647
0.4575318832,-0.0143803195,-0.3048889106,1.3901159877,0.8086621420,1.3256921477
0.4576277448,-0.0145323370,-0.3047012357,1.3869251209,0.8093675286,1.3292062929
0.4577236064,-0.0146843545,-0.3045135608,1.3837291792,0.8100649802,1.3327253362
0.4578194681,-0.0148363720,-0.3043258859,1.3805282274,0.8107544795,1.3362492130
0.4579153297,-0.0149883895,-0.3041382110,1.3773223309,0.8114360092,1.3397778579
0.4580111914,-0.0151404070,-0.3039505361,1.3741115559,0.8121095524,1.3433112050
0.4581070530,-0.0152924245,-0.3037628613,1.3708959689,0.8127750925,1.3468491878
0.4582029146,-0.0154444420,-0.3035751864,1.3676756374,0.8134326133,1.3503917391
0.4582987763,-0.0155964596,-0.3033875115,1.3644506291,0.8140820987,1.3539387911
0.4583946379,-0.0157484771,-0.3031998366,1.3612210126,0.8147235331,1.3574902754
0.4584904996,-0.0159004946,-0.3030121617,1.3579868571,0.8153569012,1.3610461230
0.4585863612,-0.0160525121,-0.3028244868,1.3547482321,0.8159821879,1.3646062644
0.4586822228,-0.0162045296,-0.3026368120,1.3515052082,0.8165993786,1.3681706294
0.4587780845,-0.0163565471,-0.3024491371,1.3482578560,0.8172084589,1.3717391472
0.4588739461,-0.0165085646,-0.3022614622,1.3450062470,0.8178094146,1.3753117466
0.4589698078,-0.0166605821,-0.3020737873,1.3417504532,0.8184022322,1.3788883556
0.4590656694,-0.0168125996,-0.3018861124,1.3384905473,0.8189868982,1.3824689019
0.4591615310,-0.0169646172,-0.3016984376,1.3352266023,0.8195633995,1.3860533124
0.4592573927,-0.0171166347,-0.3015107627,1.3319586918,0.8201317236,1.3896415136
0.4593532543,-0.0172686522,-0.3013230878,1.3286868900,0.8206918579,1.3932334315
0.4594491160,-0.0174206697,-0.3011354129,1.3254112716,0.8212437905,1.3968289916
0.4595449776,-0.0175726872,-0.3009477380,1.3221319119,0.8217875096,1.4004281186
0.4596408393,-0.0177247047,-0.3007600631,1.3188488865,0.8223230040,1.4040307371
0.4597367009,-0.0178767222,-0.3005723883,1.3155622717,0.8228502627,1.4076367709
0.4598325625,-0.0180287397,-0.3003847134,1.3122721442,0.8233692750,1.4112461434
0.4599284242,-0.0181807572,-0.3001970385,1.3089785811,0.8238800306,1.4148587777
0.4600242858,-0.0183327748,-0.3000093636,1.3056816602,0.8243825196,1.4184745961
0.4601201475,-0.0184847923,-0.2998216887,1.3023814594,0.8248767324,1.4220935207
0.4602160091,-0.0186368098,-0.2996340138,1.2990780574,0.8253626599,1.4257154731
0.4603118707,-0.0187888273,-0.2994463390,1.2957715333,0.8258402931,1.4293403743
0.4604077324,-0.0189408448,-0.2992586641,1.2924619663,0.8263096236,1.4329681452
0.4605035940,-0.0190928623,-0.2990709892,1.2891494364,0.8267706432,1.4365987058
0.4605994557,-0.0192448798,-0.2988833143,1.2858340238,0.8272233442,1.4402319762
0.4606953173,-0.0193968973,-0.2986956394,1.2825158092,0.8276677192,1.4438678758
0.4607911789,-0.0195489148,-0.2985079645,1.2791948736,0.8281037611,1.4475063236
0.4608870406,-0.0197009324,-0.2983202897,1.2758712985,0.8285314634,1.4511472383
0.4609829022,-0.0198529499,-0.2981326148,1.2725451656,0.8289508196,1.4547905383
0.4610787639,-0.0200049674,-0.2979449399,1.2692165572,0.8293618241,1.4584361416
0.4611746255,-0.0201569849,-0.2977572650,1.2658855556,0.8297644710,1.4620839658
0.4612704871,-0.0203090024,-0.2975695901,1.2625522438,0.8301587555,1.4657339281
0.4613663488,-0.0204610199,-0.2973819153,1.2592167048,0.8305446725,1.4693859456
0.4614622104,-0.0206130374,-0.2971942404,1.2558790222,0.8309222179,1.4730399350
0.4615580721,-0.0207650549,-0.2970065655,1.2525392797,0.8312913874,1.4766958125
0.4616539337,-0.0209170724,-0.2968188906,1.2491975614,0.8316521776,1.4803534942
0.4617497953,-0.0210690899,-0.2966312157,1.2458539515,0.8320045850,1.4840128960
0.4618456570,-0.0212211075,-0.2964435408,1.2425085347,0.8323486069,1.4876739334
0.4619415186,-0.0213731250,-0.2962558660,1.2391613957,0.8326842408,1.4913365217
0.4620373803,-0.0215251425,-0.2960681911,1.2358126198,0.8330114845,1.4950005759
0.4621332419,-0.0216771600,-0.2958805162,1.2324622922,0.8333303363,1.4986660108
0.4622291035,-0.0218291775,-0.2956928413,1.2291104984,0.8336407949,1.5023327410
0.4623249652,-0.0219811950,-0.2955051664,1.2257573241,0.8339428593,1.5060006809
0.4624208268,-0.0221332125,-0.2953174915,1.2224028553,0.8342365290,1.5096697448
0.4625166885,-0.0222852300,-0.2951298167,1.2190471781,0.8345218038,1.5133398466
0.4626125501,-0.0224372475,-0.2949421418,1.2156903786,0.8347986838,1.5170109003
0.4627084117,-0.0225892651,-0.2947544669,1.2123325435,0.8350671697,1.5206828194
0.4628042734,-0.0227412826,-0.2945667920,1.2089737591,0.8353272624,1.5243555177
0.4629001350,-0.0228933001,-0.2943791171,1.2056141122,0.8355789634,1.5280289084
0.4629959967,-0.0230453176,-0.2941914422,1.2022536896,0.8358222743,1.5317029051
0.4630918583,-0.0231973351,-0.2940037674,1.1988925782,0.8360571973,1.5353774207
0.4631877199,-0.0233493526,-0.2938160925,1.1955308650,0.8362837350,1.5390523686
0.4632835816,-0.0235013701,-0.2936284176,1.1921686370,0.8365018902,1.5427276617
0.4633794432,-0.0236533876,-0.2934407427,1.1888059814,0.8367116663,1.5464032131
0.4634753049,-0.0238054051,-0.2932530678,1.1854429853,0.8369130670,1.5500789356
0.4635711665,-0.0239574227,-0.2930653930,1.1820797360,0.8371060963,1.5537547423
0.4636670281,-0.0241094402,-0.2928777181,1.1787163208,0.8372907587,1.5574305459
0.4637628898,-0.0242614577,-0.2926900432,1.1753528268,0.8374670591,1.5611062593
0.4638587514,-0.0244134752,-0.2925023683,1.1719893414,0.8376350026,1.5647817953
0.4639546131,-0.0245654927,-0.2923146934,1.1686259518,0.8377945950,1.5684570670
0.4640504747,-0.0247175102,-0.2921270185,1.1652627452,0.8379458421,1.5721319871
0.4641463363,-0.0248695277,-0.2919393437,1.1618998088,0.8380887505,1.5758064686
0.4642421980,-0.0250215452,-0.2917516688,1.1585372297,0.8382233268,1.5794804245
0.4643380596,-0.0251735627,-0.2915639939,1.1551750949,0.8383495783,1.5831537679
0.4644339213,-0.0253255803,-0.2913763190,1.1518134915,0.8384675125,1.5868264119
0.4645297829,-0.0254775978,-0.2911886441,1.1484525063,0.8385771372,1.5904982698
0.4646256445,-0.0256296153,-0.2910009692,1.1450922262,0.8386784607,1.5941692548
0.4647215062,-0.0257816328,-0.2908132944,1.1417327377,0.8387714918,1.5978392805
0.4648173678,-0.0259336503,-0.2906256195,1.1383741275,0.8388562395,1.6015082604
0.4649132295,-0.0260856678,-0.2904379446,1.1350164819,0.8389327132,1.6051761082
0.4650090911,-0.0262376853,-0.2902502697,1.1316598871,0.8390009226,1.6088427378
0.4651049527,-0.0263897028,-0.2900625948,1.1283044293,0.8390608780,1.6125080633
0.4652008144,-0.0265417203,-0.2898749200,1.1249501943,0.8391125899,1.6161719989
0.4652966760,-0.0266937378,-0.2896872451,1.1215972678,0.8391560691,1.6198344590
0.4653925377,-0.0268457554,-0.2894995702,1.1182457354,0.8391913270,1.6234953583
0.4654883993,-0.0269977729,-0.2893118953,1.1148956822,0.8392183753,1.6271546115
0.4655842609,-0.0271497904,-0.2891242204,1.1115471934,0.8392372258,1.6308121338
0.4656801226,-0.0273018079,-0.2889365455,1.1082003538,0.8392478909,1.6344678405
0.4657759842,-0.0274538254,-0.2887488707,1.1048552478,0.8392503834,1.6381216471
0.4658718459,-0.0276058429,-0.2885611958,1.1015119599,0.8392447164,1.6417734694
0.4659677075,-0.0277578604,-0.2883735209,1.0981705740,0.8392309033,1.6454232237
0.4660635691,-0.0279098779,-0.2881858460,1.0948311737,0.8392089579,1.6490708262
0.4661594308,-0.0280618954,-0.2879981711,1.0914938427,0.8391788943,1.6527161937
0.4662552924,-0.0282139130,-0.2878104962,1.0881586639,0.8391407270,1.6563592432
0.4663511541,-0.0283659305,-0.2876228214,1.0848257201,0.8390944709,1.6599998920
0.4664470157,-0.0285179480,-0.2874351465,1.0814950938,0.8390401412,1.6636380578
0.4665428773,-0.0286699655,-0.2872474716,1.0781668671,0.8389777533,1.6672736586
0.4666387390,-0.0288219830,-0.2870597967,1.0748411217,0.8389073232,1.6709066128
0.4667346006,-0.0289740005,-0.2868721218,1.0715179390,0.8388288671,1.6745368391
0.4668304623,-0.0291260180,-0.2866844469,1.0681974000,0.8387424015,1.6781642567
0.4669263239,-0.0292780355,-0.2864967721,1.0648795853,0.8386479432,1.6817887851
0.4670221856,-0.0294300530,-0.2863090972,1.0615645751,0.8385455096,1.6854103441
0.4671180472,-0.0295820706,-0.2861214223,1.0582524492,0.8384351181,1.6890288542
0.4672139088,-0.0297340881,-0.2859337474,1.0549432870,0.8383167866,1.6926442360
0.4673097705,-0.0298861056,-0.2857460725,1.0516371674,0.8381905333,1.6962564108
0.4674056321,-0.0300381231,-0.2855583977,1.0483341689,0.8380563767,1.6998653001
0.4675014938,-0.0301901406,-0.2853707228,1.0450343696,0.8379143356,1.7034708260
0.4675973554,-0.0303421581,-0.2851830479,1.0417378470,0.8377644292,1.7070729111
0.4676932170,-0.0304941756,-0.2849953730,1.0384446782,0.8376066769,1.7106714784
0.4677890787,-0.0306461931,-0.2848076981,1.0351549400,0.8374410984,1.7142664513
0.4678849403,-0.0307982106,-0.2846200232,1.0318687084,0.8372677139,1.7178577538
0.4679808020,-0.0309502282,-0.2844323484,1.0285860590,0.8370865437,1.7214453104
0.4680766636,-0.0311022457,-0.2842446735,1.0253070672,0.8368976084,1.7250290460
0.4681725252,-0.0312542632,-0.2840569986,1.0220318073,0.8367009291,1.7286088862
0.4682683869,-0.0314062807,-0.2838693237,1.0187603537,0.8364965270,1.7321847569
0.4683642485,-0.0315582982,-0.2836816488,1.0154927797,0.8362844236,1.7357565848
0.4684601102,-0.0317103157,-0.2834939739,1.0122291586,0.8360646407,1.7393242968
0.4685559718,-0.0318623332,-0.2833062991,1.0089695627,0.8358372005,1.7428878207
0.4686518334,-0.0320143507,-0.2831186242,1.0057140639,0.8356021254,1.7464470846
0.4687476951,-0.0321663682,-0.2829309493,1.0024627337,0.8353594380,1.7500020173
0.4688435567,-0.0323183858,-0.2827432744,0.9992156428,0.8351091614,1.7535525481
0.4689394184,-0.0324704033,-0.2825555995,0.9959728614,0.8348513186,1.7570986069
0.4690352800,-0.0326224208,-0.2823679246,0.9927344591,0.8345859332,1.7606401242
0.4691311416,-0.0327744383,-0.2821802498,0.9895005051,0.8343130289,1.7641770311
0.4692270033,-0.0329264558,-0.2819925749,0.9862710676,0.8340326298,1.7677092593
0.4693228649,-0.0330784733,-0.2818049000,0.9830462146,0.8337447601,1.7712367410
0.4694187266,-0.0332304908,-0.2816172251,0.9798260133,0.8334494443,1.7747594093
0.4695145882,-0.0333825083,-0.2814295502,0.9766105301,0.8331467071,1.7782771975
0.4696104498,-0.0335345258,-0.2812418754,0.9733998312,0.8328365737,1.7817900398
0.4697063115,-0.0336865433,-0.2810542005,0.9701939819,0.8325190692,1.7852978711
0.4698021731,-0.0338385609,-0.2808665256,0.9669930468,0.8321942192,1.7888006267
0.4698980348,-0.0339905784,-0.2806788507,0.9637970901,0.8318620493,1.7922982427
0.4699938964,-0.0341425959,-0.2804911758,0.9606061750,0.8315225855,1.7957906557
0.4700897580,-0.0342946134,-0.2803035009,0.9574203645,0.8311758540,1.7992778032
0.4701856197,-0.0344466309,-0.2801158261,0.9542397206,0.8308218813,1.8027596231
0.4702814813,-0.0345986484,-0.2799281512,0.9510643048,0.8304606939,1.8062360541
0.4703773430,-0.0347506659,-0.2797404763,0.9478941778,0.8300923186,1.8097070356
0.4704732046,-0.0349026834,-0.2795528014,0.9447293997,0.8297167827,1.8131725075
0.4705690662,-0.0350547009,-0.2793651265,0.9415700301,0.8293341132,1.8166324105
0.4706649279,-0.0352067185,-0.2791774516,0.9384161276,0.8289443378,1.8200866859
0.4707607895,-0.0353587360,-0.2789897768,0.9352677504,0.8285474840,1.8235352759
0.4708566512,-0.0355107535,-0.2788021019,0.9321249557,0.8281435797,1.8269781231
0.4709525128,-0.0356627710,-0.2786144270,0.9289878005,0.8277326531,1.8304151709
0.4710483744,-0.0358147885,-0.2784267521,0.9258563406,0.8273147323,1.8338463634
0.4711442361,-0.0359668060,-0.2782390772,0.9227306314,0.8268898458,1.8372716454
0.4712400977,-0.0361188235,-0.2780514023,0.9196107275,0.8264580223,1.8406909625
0.4713359594,-0.0362708410,-0.2778637275,0.9164966828,0.8260192906,1.8441042607
0.4714318210,-0.0364228585,-0.2776760526,0.9133885506,0.8255736796,1.8475114870
0.4715276826,-0.0365748761,-0.2774883777,0.9102863834,0.8251212185,1.8509125889
0.4716235443,-0.0367268936,-0.2773007028,0.9071902330,0.8246619366,1.8543075148
0.4717194059,-0.0368789111,-0.2771130279,0.9041001505,0.8241958634,1.8576962137
0.4718152676,-0.0370309286,-0.2769253531,0.9010161863,0.8237230286,1.8610786353
0.4719111292,-0.0371829461,-0.2767376782,0.8979383901,0.8232434619,1.8644547300
0.4720069908,-0.0373349636,-0.2765500033,0.8948668109,0.8227571934,1.8678244489
0.4721028525,-0.0374869811,-0.2763623284,0.8918014969,0.8222642531,1.8711877439
0.4721987141,-0.0376389986,-0.2761746535,0.8887424957,0.8217646714,1.8745445676
0.4722945758,-0.0377910161,-0.2759869786,0.8856898542,0.8212584785,1.8778948732
0.4723904374,-0.0379430337,-0.2757993038,0.8826436183,0.8207457050,1.8812386148
0.4724862990,-0.0380950512,-0.2756116289,0.8796038336,0.8202263816,1.8845757470
0.4725821607,-0.0382470687,-0.2754239540,0.8765705448,0.8197005391,1.8879062252
0.4726780223,-0.0383990862,-0.2752362791,0.8735437957,0.8191682085,1.8912300057
0.4727738840,-0.0385511037,-0.2750486042,0.8705236297,0.8186294207,1.8945470453
0.4728697456,-0.0387031212,-0.2748609293,0.8675100893,0.8180842070,1.8978573015
0.4729656072,-0.0388551387,-0.2746732545,0.8645032163,0.8175325986,1.9011607327
0.4730614689,-0.0390071562,-0.2744855796,0.8615030518,0.8169746270,1.9044572978
0.4731573305,-0.0391591737,-0.2742979047,0.8585096362,0.8164103236,1.9077469566
0.4732531922,-0.0393111912,-0.2741102298,0.8555230092,0.8158397201,1.9110296695
0.4733490538,-0.0394632088,-0.2739225549,0.8525432098,0.8152628482,1.9143053976
0.4734449154,-0.0396152263,-0.2737348800,0.8495702761,0.8146797396,1.9175741029
0.4735407771,-0.0397672438,-0.2735472052,0.8466042458,0.8140904264,1.9208357478
0.4736366387,-0.0399192613,-0.2733595303,0.8436451557,0.8134949405,1.9240902957
0.4737325004,-0.0400712788,-0.2731718554,0.8406930418,0.8128933140,1.9273377106
0.4738283620,-0.0402232963,-0.2729841805,0.8377479397,0.8122855791,1.9305779571
0.4739242236,-0.0403753138,-0.2727965056,0.8348098840,0.8116717680,1.9338110006
0.4740200853,-0.0405273313,-0.2726088308,0.8318789088,0.8110519130,1.9370368073
0.4741159469,-0.0406793488,-0.2724211559,0.8289550473,0.8104260467,1.9402553439
0.4742118086,-0.0408313664,-0.2722334810,0.8260383322,0.8097942014,1.9434665780
0.4743076702,-0.0409833839,-0.2720458061,0.8231287954,0.8091564097,1.9466704776
0.4744035318,-0.0411354014,-0.2718581312,0.8202264682,0.8085127042,1.9498670118
0.4744993935,-0.0412874189,-0.2716704563,0.8173313810,0.8078631176,1.9530561501
0.4745952551,-0.0414394364,-0.2714827815,0.8144435637,0.8072076825,1.9562378627
0.4746911168,-0.0415914539,-0.2712951066,0.8115630454,0.8065464319,1.9594121206
0.4747869784,-0.0417434714,-0.2711074317,0.8086898547,0.8058793985,1.9625788954
0.4748828401,-0.0418954889,-0.2709197568,0.8058240194,0.8052066151,1.9657381595
0.4749787017,-0.0420475064,-0.2707320819,0.8029655665,0.8045281148,1.9688898858
0.4750745633,-0.0421995240,-0.2705444070,0.8001145226,0.8038439305,1.9720340480
0.4751704250,-0.0423515415,-0.2703567322,0.7972709133,0.8031540951,1.9751706204
0.4752662866,-0.0425035590,-0.2701690573,0.7944347639,0.8024586418,1.9782995779
0.4753621483,-0.0426555765,-0.2699813824,0.7916060988,0.8017576035,1.9814208964
0.4754580099,-0.0428075940,-0.2697937075,0.7887849418,0.8010510134,1.9845345520
0.4755538715,-0.0429596115,-0.2696060326,0.7859713159,0.8003389047,1.9876405218
0.4756497332,-0.0431116290,-0.2694183577,0.7831652438,0.7996213104,1.9907387833
0.4757455948,-0.0432636465,-0.2692306829,0.7803667472,0.7988982637,1.9938293149
0.4758414565,-0.0434156640,-0.2690430080,0.7775758473,0.7981697978,1.9969120954
0.4759373181,-0.0435676816,-0.2688553331,0.7747925648,0.7974359459,1.9999871045
0.4760331797,-0.0437196991,-0.2686676582,0.7720169194,0.7966967413,2.0030543222
0.4761290414,-0.0438717166,-0.2684799833,0.7692489306,0.7959522170,2.0061137294
0.4762249030,-0.0440237341,-0.2682923085,0.7664886170,0.7952024064,2.0091653076
0.4763207647,-0.0441757516,-0.2681046336,0.7637359965,0.7944473427,2.0122090388
0.4764166263,-0.0443277691,-0.2679169587,0.7609910867,0.7936870591,2.0152449058
0.4765124879,-0.0444797866,-0.2677292838,0.7582539043,0.7929215888,2.0182728917
0.4766083496,-0.0446318041,-0.2675416089,0.7555244656,0.7921509651,2.0212929806
0.4767042112,-0.0447838216,-0.2673539340,0.7528027861,0.7913752211,2.0243051569
0.4768000729,-0.0449358391,-0.2671662592,0.7500888809,0.7905943900,2.0273094057
0.4768959345,-0.0450878567,-0.2669785843,0.7473827643,0.7898085051,2.0303057128
0.4769917961,-0.0452398742,-0.2667909094,0.7446844501,0.7890175994,2.0332940645
0.4770876578,-0.0453918917,-0.2666032345,0.7419939516,0.7882217062,2.0362744476
0.4771835194,-0.0455439092,-0.2664155596,0.7393112814,0.7874208586,2.0392468496
0.4772793811,-0.0456959267,-0.2662278847,0.7366364516,0.7866150897,2.0422112586
0.4773752427,-0.0458479442,-0.2660402099,0.7339694737,0.7858044325,2.0451676631
0.4774711043,-0.0459999617,-0.2658525350,0.7313103585,0.7849889201,2.0481160524
0.4775669660,-0.0461519792,-0.2656648601,0.7286591166,0.7841685855,2.0510564161
0.4776628276,-0.0463039967,-0.2654771852,0.7260157576,0.7833434617,2.0539887446
0.4777586893,-0.0464560143,-0.2652895103,0.7233802909,0.7825135818,2.0569130288
0.4778545509,-0.0466080318,-0.2651018355,0.7207527252,0.7816789784,2.0598292599
0.4779504125,-0.0467600493,-0.2649141606,0.7181330687,0.7808396847,2.0627374299
0.4780462742,-0.0469120668,-0.2647264857,0.7155213289,0.7799957333,2.0656375314
0.4781421358,-0.0470640843,-0.2645388108,0.7129175131,0.7791471571,2.0685295572
0.4782379975,-0.0472161018,-0.2643511359,0.7103216278,0.7782939888,2.0714135009
0.4783338591,-0.0473681193,-0.2641634610,0.7077336790,0.7774362611,2.0742893566
0.4784297207,-0.0475201368,-0.2639757862,0.7051536724,0.7765740067,2.0771571187
0.4785255824,-0.0476721543,-0.2637881113,0.7025816130,0.7757072581,2.0800167824
0.4786214440,-0.0478241719,-0.2636004364,0.7000175053,0.7748360479,2.0828683432
0.4787173057,-0.0479761894,-0.2634127615,0.6974613535,0.7739604086,2.0857117971
0.4788131673,-0.0481282069,-0.2632250866,0.6949131609,0.7730803725,2.0885471407
0.4789090289,-0.0482802244,-0.2630374117,0.6923729308,0.7721959721,2.0913743711
0.4790048906,-0.0484322419,-0.2628497369,0.6898406657,0.7713072396,2.0941934858
0.4791007522,-0.0485842594,-0.2626620620,0.6873163677,0.7704142073,2.0970044827
0.4791966139,-0.0487362769,-0.2624743871,0.6848000385,0.7695169073,2.0998073603
0.4792924755,-0.0488882944,-0.2622867122,0.6822916792,0.7686153718,2.1026021176
0.4793883371,-0.0490403119,-0.2620990373,0.6797912906,0.7677096328,2.1053887539
0.4794841988,-0.0491923295,-0.2619113624,0.6772988729,0.7667997222,2.1081672690
0.4795800604,-0.0493443470,-0.2617236876,0.6748144260,0.7658856719,2.1109376634
0.4796759221,-0.0494963645,-0.2615360127,0.6723379492,0.7649675138,2.1136999376
0.4797717837,-0.0496483820,-0.2613483378,0.6698694415,0.7640452795,2.1164540928
0.4798676453,-0.0498003995,-0.2611606629,0.6674089013,0.7631190008,2.1192001308
0.4799635070,-0.0499524170,-0.2609729880,0.6649563268,0.7621887092,2.1219380534
0.4800593686,-0.0501044345,-0.2607853132,0.6625117156,0.7612544362,2.1246678631
0.4801552303,-0.0502564520,-0.2605976383,0.6600750649,0.7603162133,2.1273895629
0.4802510919,-0.0504084695,-0.2604099634,0.6576463716,0.7593740717,2.1301031559
0.4803469535,-0.0505604871,-0.2602222885,0.6552256321,0.7584280428,2.1328086459
0.4804428152,-0.0507125046,-0.2600346136,0.6528128424,0.7574781576,2.1355060369
0.4805386768,-0.0508645221,-0.2598469387,0.6504079983,0.7565244473,2.1381953334
0.4806345385,-0.0510165396,-0.2596592639,0.6480110948,0.7555669429,2.1408765402
0.4807304001,-0.0511685571,-0.2594715890,0.6456221269,0.7546056752,2.1435496627
0.4808262617,-0.0513205746,-0.2592839141,0.6432410890,0.7536406750,2.1462147064
0.4809221234,-0.0514725921,-0.2590962392,0.6408679753,0.7526719731,2.1488716773
0.4810179850,-0.0516246096,-0.2589085643,0.6385027796,0.7516996001,2.1515205818
0.4811138467,-0.0517766271,-0.2587208894,0.6361454951,0.7507235865,2.1541614266
0.4812097083,-0.0519286446,-0.2585332146,0.6337961150,0.7497439627,2.1567942188
0.4813055699,-0.0520806622,-0.2583455397,0.6314546318,0.7487607590,2.1594189658
0.4814014316,-0.0522326797,-0.2581578648,0.6291210380,0.7477740057,2.1620356754
0.4814972932,-0.0523846972,-0.2579701899,0.6267953255,0.7467837329,2.1646443557
0.4815931549,-0.0525367147,-0.2577825150,0.6244774859,0.7457899707,2.1672450152
0.4816890165,-0.0526887322,-0.2575948401,0.6221675107,0.7447927489,2.1698376626
0.4817848781,-0.0528407497,-0.2574071653,0.6198653907,0.7437920974,2.1724223071
0.4818807398,-0.0529927672,-0.2572194904,0.6175711166,0.7427880459,2.1749989580
0.4819766014,-0.0531447847,-0.2570318155,0.6152846789,0.7417806240,2.1775676252
0.4820724631,-0.0532968022,-0.2568441406,0.6130060676,0.7407698611,2.1801283186
0.4821683247,-0.0534488198,-0.2566564657,0.6107352724,0.7397557869,2.1826810487
0.4822641864,-0.0536008373,-0.2564687909,0.6084722827,0.7387384304,2.1852258261
0.4823600480,-0.0537528548,-0.2562811160,0.6062170877,0.7377178209,2.1877626617
0.4824559096,-0.0539048723,-0.2560934411,0.6039696764,0.7366939874,2.1902915668
0.4825517713,-0.0540568898,-0.2559057662,0.6017300371,0.7356669590,2.1928125530
0.4826476329,-0.0542089073,-0.2557180913,0.5994981583,0.7346367645,2.1953256320
0.4827434946,-0.0543609248,-0.2555304164,0.5972740280,0.7336034326,2.1978308159
0.4828393562,-0.0545129423,-0.2553427416,0.5950576338,0.7325669919,2.2003281170
0.4829352178,-0.0546649598,-0.2551550667,0.5928489634,0.7315274710,2.2028175481
0.4830310795,-0.0548169774,-0.2549673918,0.5906480038,0.7304848983,2.2052991219
0.4831269411,-0.0549689949,-0.2547797169,0.5884547421,0.7294393020,2.2077728517
0.4832228028,-0.0551210124,-0.2545920420,0.5862691650,0.7283907103,2.2102387507
0.4833186644,-0.0552730299,-0.2544043671,0.5840912590,0.7273391513,2.2126968327
0.4834145260,-0.0554250474,-0.2542166923,0.5819210102,0.7262846530,2.2151471115
0.4835103877,-0.0555770649,-0.2540290174,0.5797584047,0.7252272431,2.2175896013
0.4836062493,-0.0557290824,-0.2538413425,0.5776034283,0.7241669493,2.2200243163
0.4837021110,-0.0558810999,-0.2536536676,0.5754560663,0.7231037992,2.2224512713
0.4837979726,-0.0560331174,-0.2534659927,0.5733163042,0.7220378204,2.2248704809
0.4838938342,-0.0561851350,-0.2532783178,0.5711841270,0.7209690401,2.2272819602
0.4839896959,-0.0563371525,-0.2530906430,0.5690595195,0.7198974856,2.2296857244
0.4840855575,-0.0564891700,-0.2529029681,0.5669424665,0.7188231840,2.2320817891
0.4841814192,-0.0566411875,-0.2527152932,0.5648329523,0.7177461622,2.2344701698
0.4842772808,-0.0567932050,-0.2525276183,0.5627309613,0.7166664473,2.2368508824
0.4843731424,-0.0569452225,-0.2523399434,0.5606364773,0.7155840658,2.2392239430
0.4844690041,-0.0570972400,-0.2521522686,0.5585494844,0.7144990444,2.2415893678
0.4845648657,-0.0572492575,-0.2519645937,0.5564699662,0.7134114097,2.2439471733
0.4846607274,-0.0574012750,-0.2517769188,0.5543979060,0.7123211879,2.2462973761
0.4847565890,-0.0575532925,-0.2515892439,0.5523332873,0.7112284055,2.2486399930
0.4848524506,-0.0577053101,-0.2514015690,0.5502760931,0.7101330884,2.2509750410
0.4849483123,-0.0578573276,-0.2512138941,0.5482263063,0.7090352628,2.2533025374
0.4850441739,-0.0580093451,-0.2510262193,0.5461839098,0.7079349545,2.2556224993
0.4851400356,-0.0581613626,-0.2508385444,0.5441488860,0.7068321892,2.2579349444
0.4852358972,-0.0583133801,-0.2506508695,0.5421212176,0.7057269927,2.2602398902
0.4853317588,-0.0584653976,-0.2504631946,0.5401008866,0.7046193904,2.2625373546
0.4854276205,-0.0586174151,-0.2502755197,0.5380878754,0.7035094078,2.2648273557
0.4855234821,-0.0587694326,-0.2500878448,0.5360821657,0.7023970700,2.2671099114
0.4856193438,-0.0589214501,-0.2499001700,0.5340837395,0.7012824023,2.2693850401
0.4857152054,-0.0590734677,-0.2497124951,0.5320925785,0.7001654297,2.2716527603
0.4858110670,-0.0592254852,-0.2495248202,0.5301086641,0.6990461770,2.2739130904
0.4859069287,-0.0593775027,-0.2493371453,0.5281319778,0.6979246690,2.2761660492
0.4860027903,-0.0595295202,-0.2491494704,0.5261625008,0.6968009305,2.2784116555
0.4860986520,-0.0596815377,-0.2489617955,0.5242002143,0.6956749858,2.2806499282
0.4861945136,-0.0598335552,-0.2487741207,0.5222450993,0.6945468594,2.2828808865
0.4862903752,-0.0599855727,-0.2485864458,0.5202971368,0.6934165756,2.2851045496
0.4863862369,-0.0601375902,-0.2483987709,0.5183563074,0.6922841585,2.2873209367
0.4864820985,-0.0602896077,-0.2482110960,0.5164225918,0.6911496322,2.2895300674
0.4865779602,-0.0604416253,-0.2480234211,0.5144959705,0.6900130204,2.2917319611
0.4866738218,-0.0605936428,-0.2478357463,0.5125764241,0.6888743471,2.2939266376
0.4867696834,-0.0607456603,-0.2476480714,0.5106639328,0.6877336357,2.2961141167
0.4868655451,-0.0608976778,-0.2474603965,0.5087584768,0.6865909100,2.2982944181
0.4869614067,-0.0610496953,-0.2472727216,0.5068600364,0.6854461931,2.3004675619
0.4870572684,-0.0612017128,-0.2470850467,0.5049685914,0.6842995085,2.3026335682
0.4871531300,-0.0613537303,-0.2468973718,0.5030841218,0.6831508792,2.3047924571
0.4872489916,-0.0615057478,-0.2467096970,0.5012066076,0.6820003283,2.3069442488
0.4873448533,-0.0616577653,-0.2465220221,0.4993360283,0.6808478787,2.3090889638
0.4874407149,-0.0618097829,-0.2463343472,0.4974723638,0.6796935531,2.3112266224
0.4875365766,-0.0619618004,-0.2461466723,0.4956155935,0.6785373741,2.3133572452
0.4876324382,-0.0621138179,-0.2459589974,0.4937656970,0.6773793643,2.3154808528
0.4877282998,-0.0622658354,-0.2457713225,0.4919226538,0.6762195461,2.3175974658
0.4878241615,-0.0624178529,-0.2455836477,0.4900864431,0.6750579418,2.3197071049
0.4879200231,-0.0625698704,-0.2453959728,0.4882570443,0.6738945734,2.3218097910
0.4880158848,-0.0627218879,-0.2452082979,0.4864344366,0.6727294630,2.3239055450
0.4881117464,-0.0628739054,-0.2450206230,0.4846185992,0.6715626326,2.3259943878
0.4882076080,-0.0630259229,-0.2448329481,0.4828095110,0.6703941038,2.3280763404
0.4883034697,-0.0631779405,-0.2446452732,0.4810071512,0.6692238983,2.3301514239
0.4883993313,-0.0633299580,-0.2444575984,0.4792114988,0.6680520376,2.3322196594
0.4884951930,-0.0634819755,-0.2442699235,0.4774225325,0.6668785432,2.3342810681
0.4885910546,-0.0636339930,-0.2440822486,0.4756402314,0.6657034363,2.3363356712
0.4886869162,-0.0637860105,-0.2438945737,0.4738645742,0.6645267381,2.3383834901
0.4887827779,-0.0639380280,-0.2437068988,0.4720955397,0.6633484696,2.3404245460
0.4888786395,-0.0640900455,-0.2435192240,0.4703331066,0.6621686517,2.3424588603
0.4889745012,-0.0642420630,-0.2433315491,0.4685772536,0.6609873052,2.3444864545
0.4890703628,-0.0643940805,-0.2431438742,0.4668279593,0.6598044508,2.3465073499
0.4891662244,-0.0645460980,-0.2429561993,0.4650852023,0.6586201089,2.3485215683
0.4892620861,-0.0646981156,-0.2427685244,0.4633489612,0.6574343001,2.3505291309
0.4893579477,-0.0648501331,-0.2425808495,0.4616192145,0.6562470446,2.3525300595
0.4894538094,-0.0650021506,-0.2423931747,0.4598959407,0.6550583627,2.3545243756
0.4895496710,-0.0651541681,-0.2422054998,0.4581791182,0.6538682743,2.3565121009
0.4896455327,-0.0653061856,-0.2420178249,0.4564687255,0.6526767994,2.3584932570
0.4897413943,-0.0654582031,-0.2418301500,0.4547647410,0.6514839578,2.3604678656
0.4898372559,-0.0656102206,-0.2416424751,0.4530671431,0.6502897692,2.3624359485
0.4899331176,-0.0657622381,-0.2414548002,0.4513759102,0.6490942533,2.3643975273
0.4900289792,-0.0659142556,-0.2412671254,0.4496910205,0.6478974294,2.3663526238
0.4901248409,-0.0660662732,-0.2410794505,0.4480124525,0.6466993169,2.3683012598
0.4902207025,-0.0662182907,-0.2408917756,0.4463401844,0.6454999351,2.3702434571
0.4903165641,-0.0663703082,-0.2407041007,0.4446741946,0.6442993030,2.3721792374
0.4904124258,-0.0665223257,-0.2405164258,0.4430144613,0.6430974396,2.3741086226
0.4905082874,-0.0666743432,-0.2403287510,0.4413609627,0.6418943638,2.3760316345
0.4906041491,-0.0668263607,-0.2401410761,0.4397136772,0.6406900944,2.3779482949
0.4907000107,-0.0669783782,-0.2399534012,0.4380725831,0.6394846500,2.3798586258
0.4907958723,-0.0671303957,-0.2397657263,0.4364376585,0.6382780490,2.3817626488
0.4908917340,-0.0672824132,-0.2395780514,0.4348088817,0.6370703100,2.3836603859
0.4909875956,-0.0674344308,-0.2393903765,0.4331862310,0.6358614511,2.3855518589
0.4910834573,-0.0675864483,-0.2392027017,0.4315696846,0.6346514907,2.3874370896
0.4911793189,-0.0677384658,-0.2390150268,0.4299592208,0.6334404467,2.3893160999
0.4912751805,-0.0678904833,-0.2388273519,0.4283548178,0.6322283370,2.3911889117
0.4913710422,-0.0680425008,-0.2386396770,0.4267564539,0.6310151796,2.3930555468
0.4914669038,-0.0681945183,-0.2384520021,0.4251641073,0.6298009920,2.3949160270
0.4915627655,-0.0683465358,-0.2382643272,0.4235777564,0.6285857920,2.3967703741
0.4916586271,-0.0684985533,-0.2380766524,0.4219973793,0.6273695971,2.3986186100
0.4917544887,-0.0686505708,-0.2378889775,0.4204229544,0.6261524245,2.4004607565
0.4918503504,-0.0688025884,-0.2377013026,0.4188544601,0.6249342916,2.4022968353
0.4920420737,-0.0691066234,-0.2373259528,0.4157351760,0.6224952132,2.4059508770
0.4904461662,-0.0695375246,-0.2374140136,0.4152923512,0.6216124197,2.4067219831
0.4888502586,-0.0699684257,-0.2375020744,0.4148506267,0.6207293165,2.4074921498
0.4872543511,-0.0703993269,-0.2375901352,0.4144100006,0.6198459049,2.4082613794
0.4856584436,-0.0708302281,-0.2376781959,0.4139704707,0.6189621863,2.4090296741
0.4840625361,-0.0712611293,-0.2377662567,0.4135320349,0.6180781621,2.4097970359
0.4824666286,-0.0716920305,-0.2378543175,0.4130946913,0.6171938335,2.4105634672
0.4808707211,-0.0721229317,-0.2379423783,0.4126584378,0.6163092020,2.4113289699
0.4792748136,-0.0725538329,-0.2380304390,0.4122232722,0.6154242689,2.4120935464
0.4776789061,-0.0729847341,-0.2381184998,0.4117891927,0.6145390356,2.4128571987
0.4760829986,-0.0734156352,-0.2382065606,0.4113561970,0.6136535033,2.4136199290
0.4744870911,-0.0738465364,-0.2382946214,0.4109242832,0.6127676734,2.4143817394
0.4728911836,-0.0742774376,-0.2383826821,0.4104934493,0.6118815473,2.4151426320
0.4712952761,-0.0747083388,-0.2384707429,0.4100636931,0.6109951264,2.4159026091
0.4696993686,-0.0751392400,-0.2385588037,0.4096350128,0.6101084118,2.4166616727
0.4681034611,-0.0755701412,-0.2386468645,0.4092074062,0.6092214051,2.4174198249
0.4665075536,-0.0760010424,-0.2387349252,0.4087808713,0.6083341074,2.4181770679
0.4649116461,-0.0764319435,-0.2388229860,0.4083554062,0.6074465202,2.4189334038
0.4633157386,-0.0768628447,-0.2389110468,0.4079310087,0.6065586447,2.4196888347
0.4617198311,-0.0772937459,-0.2389991076,0.4075076770,0.6056704824,2.4204433627
0.4601239236,-0.0777246471,-0.2390871683,0.4070854089,0.6047820345,2.4211969900
0.4585280161,-0.0781555483,-0.2391752291,0.4066642026,0.6038933023,2.4219497185
0.4569321086,-0.0785864495,-0.2392632899,0.4062440559,0.6030042871,2.4227015505
0.4553362011,-0.0790173507,-0.2393513507,0.4058249670,0.6021149904,2.4234524879
0.4537402936,-0.0794482519,-0.2394394114,0.4054069338,0.6012254134,2.4242025330
0.4521443861,-0.0798791530,-0.2395274722,0.4049899544,0.6003355574,2.4249516877
0.4505484786,-0.0803100542,-0.2396155330,0.4045740267,0.5994454237,2.4256999543
0.4489525710,-0.0807409554,-0.2397035938,0.4041591488,0.5985550137,2.4264473346
0.4473566635,-0.0811718566,-0.2397916545,0.4037453187,0.5976643286,2.4271938308
0.4457607560,-0.0816027578,-0.2398797153,0.4033325345,0.5967733698,2.4279394451
0.4441648485,-0.0820336590,-0.2399677761,0.4029207942,0.5958821386,2.4286841793
0.4425689410,-0.0824645602,-0.2400558369,0.4025100959,0.5949906363,2.4294280357
0.4409730335,-0.0828954613,-0.2401438976,0.4021004375,0.5940988642,2.4301710162
0.4393771260,-0.0833263625,-0.2402319584,0.4016918171,0.5932068235,2.4309131230
0.4377812185,-0.0837572637,-0.2403200192,0.4012842329,0.5923145157,2.4316543579
0.4361853110,-0.0841881649,-0.2404080800,0.4008776828,0.5914219419,2.4323947232
0.4345894035,-0.0846190661,-0.2404961407,0.4004721649,0.5905291035,2.4331342209
0.4329934960,-0.0850499673,-0.2405842015,0.4000676773,0.5896360018,2.4338728529
0.4313975885,-0.0854808685,-0.2406722623,0.3996642181,0.5887426381,2.4346106213
0.4298016810,-0.0859117697,-0.2407603231,0.3992617852,0.5878490137,2.4353475281
0.4282057735,-0.0863426708,-0.2408483838,0.3988603769,0.5869551298,2.4360835754
0.4266098660,-0.0867735720,-0.2409364446,0.3984599912,0.5860609878,2.4368187652
0.4250139585,-0.0872044732,-0.2410245054,0.3980606262,0.5851665889,2.4375530995
0.4234180510,-0.0876353744,-0.2411125662,0.3976622799,0.5842719344,2.4382865803
0.4218221435,-0.0880662756,-0.2412006270,0.3972649506,0.5833770256,2.4390192095
0.4202262360,-0.0884971768,-0.2412886877,0.3968686361,0.5824818638,2.4397509893
0.4186303285,-0.0889280780,-0.2413767485,0.3964733348,0.5815864503,2.4404819217
0.4170344210,-0.0893589791,-0.2414648093,0.3960790446,0.5806907864,2.4412120085
0.4154385135,-0.0897898803,-0.2415528701,0.3956857638,0.5797948732,2.4419412518
0.4138426060,-0.0902207815,-0.2416409308,0.3952934903,0.5788987122,2.4426696536
0.4122466985,-0.0906516827,-0.2417289916,0.3949022224,0.5780023045,2.4433972159
0.4106507909,-0.0910825839,-0.2418170524,0.3945119582,0.5771056514,2.4441239406
0.4090548834,-0.0915134851,-0.2419051132,0.3941226957,0.5762087543,2.4448498298
0.4074589759,-0.0919443863,-0.2419931739,0.3937344332,0.5753116144,2.4455748853
0.4058630684,-0.0923752874,-0.2420812347,0.3933471687,0.5744142329,2.4462991092
0.4042671609,-0.0928061886,-0.2421692955,0.3929609004,0.5735166111,2.4470225035
0.4026712534,-0.0932370898,-0.2422573563,0.3925756265,0.5726187503,2.4477450700
0.4010753459,-0.0936679910,-0.2423454170,0.3921913450,0.5717206517,2.4484668108
0.3994794384,-0.0940988922,-0.2424334778,0.3918080542,0.5708223166,2.4491877277
0.3978835309,-0.0945297934,-0.2425215386,0.3914257522,0.5699237463,2.4499078228
0.3962876234,-0.0949606946,-0.2426095994,0.3910444372,0.5690249420,2.4506270980
0.3946917159,-0.0953915958,-0.2426976601,0.3906641073,0.5681259049,2.4513455552
0.3930958084,-0.0958224969,-0.2427857209,0.3902847607,0.5672266364,2.4520631963
0.3914999009,-0.0962533981,-0.2428737817,0.3899063956,0.5663271376,2.4527800233
0.3899039934,-0.0966842993,-0.2429618425,0.3895290101,0.5654274099,2.4534960382
0.3883080859,-0.0971152005,-0.2430499032,0.3891526024,0.5645274544,2.4542112428
0.3867121784,-0.0975461017,-0.2431379640,0.3887771708,0.5636272724,2.4549256390
0.3851162709,-0.0979770029,-0.2432260248,0.3884027134,0.5627268652,2.4556392288
0.3835203634,-0.0984079041,-0.2433140856,0.3880292284,0.5618262340,2.4563520141
0.3819244559,-0.0988388052,-0.2434021463,0.3876567140,0.5609253800,2.4570639968
0.3803285484,-0.0992697064,-0.2434902071,0.3872851683,0.5600243045,2.4577751788
0.3787326409,-0.0997006076,-0.2435782679,0.3869145897,0.5591230088,2.4584855620
0.3771367334,-0.1001315088,-0.2436663287,0.3865449763,0.5582214940,2.4591951483
0.3755408259,-0.1005624100,-0.2437543894,0.3861763264,0.5573197614,2.4599039395
0.3739449184,-0.1009933112,-0.2438424502,0.3858086381,0.5564178122,2.4606119377
0.3723490109,-0.1014242124,-0.2439305110,0.3854419096,0.5555156477,2.4613191445
0.3707531033,-0.1018551136,-0.2440185718,0.3850761393,0.5546132690,2.4620255621
0.3691571958,-0.1022860147,-0.2441066325,0.3847113252,0.5537106775,2.4627311921
0.3675612883,-0.1027169159,-0.2441946933,0.3843474657,0.5528078743,2.4634360365
0.3659653808,-0.1031478171,-0.2442827541,0.3839845591,0.5519048607,2.4641400972
0.3643694733,-0.1035787183,-0.2443708149,0.3836226034,0.5510016379,2.4648433759
0.3627735658,-0.1040096195,-0.2444588756,0.3832615971,0.5500982071,2.4655458747
0.3611776583,-0.1044405207,-0.2445469364,0.3829015382,0.5491945695,2.4662475953
0.3595817508,-0.1048714219,-0.2446349972,0.3825424252,0.5482907264,2.4669485396
0.3579858433,-0.1053023230,-0.2447230580,0.3821842561,0.5473866789,2.4676487094
0.3563899358,-0.1057332242,-0.2448111187,0.3818270294,0.5464824283,2.4683481066
0.3547940283,-0.1061641254,-0.2448991795,0.3814707433,0.5455779758,2.4690467330
0.3531981208,-0.1065950266,-0.2449872403,0.3811153960,0.5446733227,2.4697445905
0.3516022133,-0.1070259278,-0.2450753011,0.3807609858,0.5437684700,2.4704416809
0.3500063058,-0.1074568290,-0.2451633618,0.3804075109,0.5428634191,2.4711380059
0.3484103983,-0.1078877302,-0.2452514226,0.3800549698,0.5419581711,2.4718335676
0.3468144908,-0.1083186314,-0.2453394834,0.3797033606,0.5410527273,2.4725283676
0.3452185833,-0.1087495325,-0.2454275442,0.3793526816,0.5401470888,2.4732224078
0.3436226758,-0.1091804337,-0.2455156049,0.3790029312,0.5392412569,2.4739156900
0.3420267683,-0.1096113349,-0.2456036657,0.3786541075,0.5383352327,2.4746082161
0.3404308608,-0.1100422361,-0.2456917265,0.3783062091,0.5374290174,2.4752999877
0.3388349533,-0.1104731373,-0.2457797873,0.3779592340,0.5365226123,2.4759910068
0.3372390458,-0.1109040385,-0.2458678481,0.3776131807,0.5356160186,2.4766812751
0.3356431383,-0.1113349397,-0.2459559088,0.3772680474,0.5347092374,2.4773707944
0.3340472308,-0.1117658408,-0.2460439696,0.3769238325,0.5338022699,2.4780595665
0.3324513233,-0.1121967420,-0.2461320304,0.3765805342,0.5328951173,2.4787475933
0.3308554157,-0.1126276432,-0.2462200912,0.3762381510,0.5319877809,2.4794348764
0.3292595082,-0.1130585444,-0.2463081519,0.3758966811,0.5310802617,2.4801214177
0.3276636007,-0.1134894456,-0.2463962127,0.3755561229,0.5301725610,2.4808072189
0.3260676932,-0.1139203468,-0.2464842735,0.3752164747,0.5292646801,2.4814922818
0.3244717857,-0.1143512480,-0.2465723343,0.3748777348,0.5283566199,2.4821766083
0.3228758782,-0.1147821492,-0.2466603950,0.3745399016,0.5274483818,2.4828601999
0.3212799707,-0.1152130503,-0.2467484558,0.3742029734,0.5265399670,2.4835430586
0.3196840632,-0.1156439515,-0.2468365166,0.3738669486,0.5256313765,2.4842251860
0.3180881557,-0.1160748527,-0.2469245774,0.3735318255,0.5247226116,2.4849065840
0.3164922482,-0.1165057539,-0.2470126381,0.3731976025,0.5238136734,2.4855872543
0.3148963407,-0.1169366551,-0.2471006989,0.3728642779,0.5229045632,2.4862671985
0.3133004332,-0.1173675563,-0.2471887597,0.3725318502,0.5219952821,2.4869464185
0.3117045257,-0.1177984575,-0.2472768205,0.3722003176,0.5210858312,2.4876249161
0.3101086182,-0.1182293586,-0.2473648812,0.3718696786,0.5201762118,2.4883026928
0.3085127107,-0.1186602598,-0.2474529420,0.3715399315,0.5192664250,2.4889797506
0.3069168032,-0.1190911610,-0.2475410028,0.3712110748,0.5183564720,2.4896560910
0.3053208957,-0.1195220622,-0.2476290636,0.3708831067,0.5174463539,2.4903317158
0.3037249882,-0.1199529634,-0.2477171243,0.3705560257,0.5165360719,2.4910066268
0.3021290807,-0.1203838646,-0.2478051851,0.3702298302,0.5156256271,2.4916808257
0.3005331732,-0.1208147658,-0.2478932459,0.3699045185,0.5147150208,2.4923543141
0.2989372657,-0.1212456670,-0.2479813067,0.3695800891,0.5138042541,2.4930270938
0.2973413582,-0.1216765681,-0.2480693674,0.3692565404,0.5128933281,2.4936991665
0.2957454507,-0.1221074693,-0.2481574282,0.3689338708,0.5119822440,2.4943705339
0.2941495432,-0.1225383705,-0.2482454890,0.3686120786,0.5110710030,2.4950411977
0.2925536356,-0.1229692717,-0.2483335498,0.3682911624,0.5101596061,2.4957111595
0.2909577281,-0.1234001729,-0.2484216105,0.3679711204,0.5092480546,2.4963804212
0.2877659131,-0.1242619753,-0.2485977321,0.3673336531,0.5074244923,2.4977168506
0.2876593413,-0.1238840278,-0.2484658056,0.3681666519,0.5056661962,2.4969074376
0.2875527694,-0.1235060803,-0.2483338790,0.3689973974,0.5039069275,2.4961003074
0.2874461975,-0.1231281328,-0.2482019525,0.3698258981,0.5021466917,2.4952954518
0.2873396256,-0.1227501853,-0.2480700260,0.3706521623,0.5003854948,2.4944928625
0.2872330537,-0.1223722377,-0.2479380994,0.3714761981,0.4986233425,2.4936925313
0.2871264818,-0.1219942902,-0.2478061729,0.3722980138,0.4968602404,2.4928944500
0.2870199099,-0.1216163427,-0.2476742464,0.3731176176,0.4950961944,2.4920986105
0.2869133380,-0.1212383952,-0.2475423198,0.3739350176,0.4933312100,2.4913050048
0.2868067662,-0.1208604477,-0.2474103933,0.3747502219,0.4915652932,2.4905136248
0.2867001943,-0.1204825002,-0.2472784668,0.3755632387,0.4897984495,2.4897244624
0.2865936224,-0.1201045527,-0.2471465402,0.3763740760,0.4880306847,2.4889375097
0.2864870505,-0.1197266052,-0.2470146137,0.3771827418,0.4862620045,2.4881527586
0.2863804786,-0.1193486577,-0.2468826872,0.3779892440,0.4844924146,2.4873702013
0.2862739067,-0.1189707102,-0.2467507607,0.3787935907,0.4827219207,2.4865898299
0.2861673348,-0.1185927627,-0.2466188341,0.3795957898,0.4809505284,2.4858116364
0.2860607630,-0.1182148152,-0.2464869076,0.3803958491,0.4791782434,2.4850356132
0.2859541911,-0.1178368677,-0.2463549811,0.3811937765,0.4774050714,2.4842617522
0.2858476192,-0.1174589202,-0.2462230545,0.3819895798,0.4756310182,2.4834900459
0.2857410473,-0.1170809727,-0.2460911280,0.3827832669,0.4738560892,2.4827204865
0.2856344754,-0.1167030252,-0.2459592015,0.3835748455,0.4720802902,2.4819530662
0.2855279035,-0.1163250777,-0.2458272749,0.3843643232,0.4703036269,2.4811877774
0.2854213316,-0.1159471302,-0.2456953484,0.3851517079,0.4685261048,2.4804246125
0.2853147598,-0.1155691827,-0.2455634219,0.3859370072,0.4667477297,2.4796635638
0.2852081879,-0.1151912352,-0.2454314953,0.3867202287,0.4649685071,2.4789046237
0.2851016160,-0.1148132877,-0.2452995688,0.3875013801,0.4631884427,2.4781477848
0.2849950441,-0.1144353402,-0.2451676423,0.3882804688,0.4614075421,2.4773930395
0.2848884722,-0.1140573927,-0.2450357157,0.3890575025,0.4596258109,2.4766403803
0.2847819003,-0.1136794452,-0.2449037892,0.3898324886,0.4578432548,2.4758897997
0.2846753284,-0.1133014977,-0.2447718627,0.3906054347,0.4560598793,2.4751412904
0.2845687566,-0.1129235502,-0.2446399361,0.3913763482,0.4542756900,2.4743948450
0.2844621847,-0.1125456027,-0.2445080096,0.3921452365,0.4524906925,2.4736504560
0.2843556128,-0.1121676552,-0.2443760831,0.3929121070,0.4507048924,2.4729081162
0.2842490409,-0.1117897077,-0.2442441566,0.3936769670,0.4489182953,2.4721678182
0.2841424690,-0.1114117602,-0.2441122300,0.3944398240,0.4471309068,2.4714295549
0.2840358971,-0.1110338127,-0.2439803035,0.3952006851,0.4453427325,2.4706933189
0.2839293252,-0.1106558652,-0.2438483770,0.3959595577,0.4435537778,2.4699591030
0.2838227534,-0.1102779177,-0.2437164504,0.3967164490,0.4417640484,2.4692269000
0.2837161815,-0.1098999702,-0.2435845239,0.3974713663,0.4399735498,2.4684967029
0.2836096096,-0.1095220227,-0.2434525974,0.3982243166,0.4381822876,2.4677685045
0.2835030377,-0.1091440752,-0.2433206708,0.3989753072,0.4363902673,2.4670422976
0.2833964658,-0.1087661277,-0.2431887443,0.3997243452,0.4345974944,2.4663180753
0.2832898939,-0.1083881802,-0.2430568178,0.4004714376,0.4328039746,2.4655958305
0.2831833220,-0.1080102327,-0.2429248912,0.4012165916,0.4310097132,2.4648755562
0.2830767502,-0.1076322852,-0.2427929647,0.4019598142,0.4292147158,2.4641572454
0.2829701783,-0.1072543377,-0.2426610382,0.4027011123,0.4274189881,2.4634408911
0.2828636064,-0.1068763902,-0.2425291116,0.4034404930,0.4256225353,2.4627264866
0.2827570345,-0.1064984427,-0.2423971851,0.4041779632,0.4238253631,2.4620140248
0.2826504626,-0.1061204952,-0.2422652586,0.4049135298,0.4220274770,2.4613034989
0.2825438907,-0.1057425477,-0.2421333321,0.4056471998,0.4202288825,2.4605949020
0.2824373188,-0.1053646002,-0.2420014055,0.4063789800,0.4184295849,2.4598882275
0.2823307470,-0.1049866527,-0.2418694790,0.4071088771,0.4166295899,2.4591834685
0.2822241751,-0.1046087052,-0.2417375525,0.4078368982,0.4148289029,2.4584806182
0.2821176032,-0.1042307577,-0.2416056259,0.4085630498,0.4130275294,2.4577796700
0.2820110313,-0.1038528102,-0.2414736994,0.4092873388,0.4112254748,2.4570806171
0.2819044594,-0.1034748627,-0.2413417729,0.4100097719,0.4094227446,2.4563834529
0.2817978875,-0.1030969152,-0.2412098463,0.4107303559,0.4076193443,2.4556881708
0.2816913156,-0.1027189677,-0.2410779198,0.4114490972,0.4058152793,2.4549947641
0.2815847437,-0.1023410202,-0.2409459933,0.4121660027,0.4040105550,2.4543032262
0.2814781719,-0.1019630727,-0.2408140667,0.4128810790,0.4022051770,2.4536135507
0.2813716000,-0.1015851252,-0.2406821402,0.4135943325,0.4003991505,2.4529257310
0.2812650281,-0.1012071777,-0.2405502137,0.4143057699,0.3985924811,2.4522397605
0.2811584562,-0.1008292302,-0.2404182871,0.4150153978,0.3967851742,2.4515556329
0.2810518843,-0.1004512827,-0.2402863606,0.4157232225,0.3949772352,2.4508733417
0.2809453124,-0.1000733352,-0.2401544341,0.4164292507,0.3931686695,2.4501928804
0.2808387405,-0.0996953877,-0.2400225076,0.4171334887,0.3913594825,2.4495142427
0.2807321687,-0.0993174402,-0.2398905810,0.4178359430,0.3895496796,2.4488374222
0.2806255968,-0.0989394927,-0.2397586545,0.4185366201,0.3877392662,2.4481624126
0.2805190249,-0.0985615452,-0.2396267280,0.4192355261,0.3859282477,2.4474892075
0.2804124530,-0.0981835977,-0.2394948014,0.4199326677,0.3841166295,2.4468178007
0.2803058811,-0.0978056502,-0.2393628749,0.4206280509,0.3823044170,2.4461481859
0.2801993092,-0.0974277027,-0.2392309484,0.4213216822,0.3804916155,2.4454803570
0.2800927373,-0.0970497551,-0.2390990218,0.4220135678,0.3786782304,2.4448143075
0.2799861655,-0.0966718076,-0.2389670953,0.4227037140,0.3768642671,2.4441500315
0.2798795936,-0.0962938601,-0.2388351688,0.4233921270,0.3750497309,2.4434875228
0.2797730217,-0.0959159126,-0.2387032422,0.4240788129,0.3732346271,2.4428267751
0.2796664498,-0.0955379651,-0.2385713157,0.4247637780,0.3714189612,2.4421677825
0.2795598779,-0.0951600176,-0.2384393892,0.4254470284,0.3696027385,2.4415105388
0.2794533060,-0.0947820701,-0.2383074626,0.4261285702,0.3677859642,2.4408550380
0.2793467341,-0.0944041226,-0.2381755361,0.4268084095,0.3659686438,2.4402012740
0.2792401623,-0.0940261751,-0.2380436096,0.4274865524,0.3641507826,2.4395492409
0.2791335904,-0.0936482276,-0.2379116830,0.4281630049,0.3623323858,2.4388989327
0.2790270185,-0.0932702801,-0.2377797565,0.4288377731,0.3605134588,2.4382503434
0.2789204466,-0.0928923326,-0.2376478300,0.4295108629,0.3586940069,2.4376034670
0.2788138747,-0.0925143851,-0.2375159035,0.4301822804,0.3568740354,2.4369582978
0.2787073028,-0.0921364376,-0.2373839769,0.4308520314,0.3550535495,2.4363148298
0.2786007309,-0.0917584901,-0.2372520504,0.4315201219,0.3532325547,2.4356730572
0.2784941591,-0.0913805426,-0.2371201239,0.4321865577,0.3514110561,2.4350329741
0.2783875872,-0.0910025951,-0.2369881973,0.4328513449,0.3495890591,2.4343945747
0.2782810153,-0.0906246476,-0.2368562708,0.4335144891,0.3477665689,2.4337578532
0.2781744434,-0.0902467001,-0.2367243443,0.4341759963,0.3459435908,2.4331228040
0.2780678715,-0.0898687526,-0.2365924177,0.4348358722,0.3441201300,2.4324894212
0.2779612996,-0.0894908051,-0.2364604912,0.4354941226,0.3422961919,2.4318576992
0.2778547277,-0.0891128576,-0.2363285647,0.4361507534,0.3404717816,2.4312276322
0.2777481559,-0.0887349101,-0.2361966381,0.4368057701,0.3386469044,2.4305992146
0.2776415840,-0.0883569626,-0.2360647116,0.4374591785,0.3368215656,2.4299724408
0.2775350121,-0.0879790151,-0.2359327851,0.4381109843,0.3349957704,2.4293473051
0.2774284402,-0.0876010676,-0.2358008585,0.4387611932,0.3331695239,2.4287238020
0.2773218683,-0.0872231201,-0.2356689320,0.4394098108,0.3313428315,2.4281019259
0.2772152964,-0.0868451726,-0.2355370055,0.4400568427,0.3295156984,2.4274816713
0.2771087245,-0.0864672251,-0.2354050790,0.4407022945,0.3276881298,2.4268630325
0.2770021527,-0.0860892776,-0.2352731524,0.4413461719,0.3258601308,2.4262460042
0.2768955808,-0.0857113301,-0.2351412259,0.4419884802,0.3240317067,2.4256305808
0.2767890089,-0.0853333826,-0.2350092994,0.4426292251,0.3222028626,2.4250167570
0.2766824370,-0.0849554351,-0.2348773728,0.4432684120,0.3203736038,2.4244045272
0.2765758651,-0.0845774876,-0.2347454463,0.4439060465,0.3185439355,2.4237938860
0.2764692932,-0.0841995401,-0.2346135198,0.4445421340,0.3167138628,2.4231848282
0.2763627213,-0.0838215926,-0.2344815932,0.4451766799,0.3148833909,2.4225773482
0.2762561494,-0.0834436451,-0.2343496667,0.4458096896,0.3130525249,2.4219714409
0.2761495776,-0.0830656976,-0.2342177402,0.4464411686,0.3112212701,2.4213671007
0.2760430057,-0.0826877501,-0.2340858136,0.4470711222,0.3093896315,2.4207643226
0.2759364338,-0.0823098026,-0.2339538871,0.4476995557,0.3075576144,2.4201631011
0.2758298619,-0.0819318551,-0.2338219606,0.4483264745,0.3057252239,2.4195634311
0.2757232900,-0.0815539076,-0.2336900340,0.4489518839,0.3038924650,2.4189653072
0.2756167181,-0.0811759601,-0.2335581075,0.4495757892,0.3020593430,2.4183687244
0.2755101462,-0.0807980126,-0.2334261810,0.4501981956,0.3002258629,2.4177736773
0.2754035744,-0.0804200651,-0.2332942544,0.4508191084,0.2983920300,2.4171801610
0.2752970025,-0.0800421176,-0.2331623279,0.4514385327,0.2965578492,2.4165881701
0.2751904306,-0.0796641701,-0.2330304014,0.4520564738,0.2947233258,2.4159976995
0.2750838587,-0.0792862226,-0.2328984749,0.4526729369,0.2928884647,2.4154087443
0.2749772868,-0.0789082751,-0.2327665483,0.4532879271,0.2910532712,2.4148212993
0.2748707149,-0.0785303276,-0.2326346218,0.4539014496,0.2892177502,2.4142353593
0.2747641430,-0.0781523801,-0.2325026953,0.4545135094,0.2873819070,2.4136509195
0.2746575712,-0.0777744326,-0.2323707687,0.4551241117,0.2855457465,2.4130679748
0.2745509993,-0.0773964851,-0.2322388422,0.4557332616,0.2837092738,2.4124865202
0.2744444274,-0.0770185376,-0.2321069157,0.4563409640,0.2818724940,2.4119065506
0.2743378555,-0.0766405901,-0.2319749891,0.4569472240,0.2800354122,2.4113280612
0.2742312836,-0.0762626426,-0.2318430626,0.4575520466,0.2781980334,2.4107510471
0.2741247117,-0.0758846951,-0.2317111361,0.4581554369,0.2763603626,2.4101755032
0.2740181398,-0.0755067476,-0.2315792095,0.4587573998,0.2745224050,2.4096014248
0.2739115680,-0.0751288001,-0.2314472830,0.4593579402,0.2726841655,2.4090288069
0.2738049961,-0.0747508526,-0.2313153565,0.4599570631,0.2708456492,2.4084576447
0.2736984242,-0.0743729051,-0.2311834299,0.4605547733,0.2690068610,2.4078879333
0.2735918523,-0.0739949576,-0.2310515034,0.4611510758,0.2671678061,2.4073196680
0.2734852804,-0.0736170101,-0.2309195769,0.4617459755,0.2653284894,2.4067528439
0.2733787085,-0.0732390626,-0.2307876504,0.4623394772,0.2634889159,2.4061874564
0.2732721366,-0.0728611151,-0.2306557238,0.4629315857,0.2616490907,2.4056235005
0.2731655648,-0.0724831676,-0.2305237973,0.4635223058,0.2598090186,2.4050609716
0.2730589929,-0.0721052200,-0.2303918708,0.4641116424,0.2579687048,2.4044998650
0.2729524210,-0.0717272725,-0.2302599442,0.4646996002,0.2561281542,2.4039401760
0.2728458491,-0.0713493250,-0.2301280177,0.4652861840,0.2542873717,2.4033818999
0.2727392772,-0.0709713775,-0.2299960912,0.4658713985,0.2524463624,2.4028250320
0.2726327053,-0.0705934300,-0.2298641646,0.4664552483,0.2506051312,2.4022695678
0.2725261334,-0.0702154825,-0.2297322381,0.4670377383,0.2487636830,2.4017155025
0.2724195616,-0.0698375350,-0.2296003116,0.4676188731,0.2469220228,2.4011628316
0.2723129897,-0.0694595875,-0.2294683850,0.4681986574,0.2450801555,2.4006115506
0.2722064178,-0.0690816400,-0.2293364585,0.4687770957,0.2432380862,2.4000616548
0.2720998459,-0.0687036925,-0.2292045320,0.4693541928,0.2413958196,2.3995131397
0.2719932740,-0.0683257450,-0.2290726054,0.4699299532,0.2395533608,2.3989660009
0.2718867021,-0.0679477975,-0.2289406789,0.4705043815,0.2377107146,2.3984202337
0.2717801302,-0.0675698500,-0.2288087524,0.4710774823,0.2358678860,2.3978758337
0.2716735583,-0.0671919025,-0.2286768258,0.4716492602,0.2340248799,2.3973327965
0.2715669865,-0.0668139550,-0.2285448993,0.4722197195,0.2321817011,2.3967911175
0.2714604146,-0.0664360075,-0.2284129728,0.4727888650,0.2303383546,2.3962507924
0.2713538427,-0.0660580600,-0.2282810463,0.4733567010,0.2284948452,2.3957118167
0.2712472708,-0.0656801125,-0.2281491197,0.4739232321,0.2266511779,2.3951741861
0.2711406989,-0.0653021650,-0.2280171932,0.4744884627,0.2248073574,2.3946378962
0.2710341270,-0.0649242175,-0.2278852667,0.4750523972,0.2229633887,2.3941029426
0.2709275551,-0.0645462700,-0.2277533401,0.4756150401,0.2211192767,2.3935693210
0.2708209833,-0.0641683225,-0.2276214136,0.4761763958,0.2192750261,2.3930370270
0.2707144114,-0.0637903750,-0.2274894871,0.4767364687,0.2174306418,2.3925060564
0.2706078395,-0.0634124275,-0.2273575605,0.4772952631,0.2155861287,2.3919764048
0.2705012676,-0.0630344800,-0.2272256340,0.4778527833,0.2137414915,2.3914480680
0.2703946957,-0.0626565325,-0.2270937075,0.4784090338,0.2118967352,2.3909210418
0.2702881238,-0.0622785850,-0.2269617809,0.4789640189,0.2100518645,2.3903953219
0.2701815519,-0.0619006375,-0.2268298544,0.4795177428,0.2082068843,2.3898709041
0.2700749801,-0.0615226900,-0.2266979279,0.4800702098,0.2063617993,2.3893477842
0.2699684082,-0.0611447425,-0.2265660013,0.4806214243,0.2045166144,2.3888259580
0.2698618363,-0.0607667950,-0.2264340748,0.4811713904,0.2026713343,2.3883054213
0.2697552644,-0.0603888475,-0.2263021483,0.4817201124,0.2008259638,2.3877861701
0.2696486925,-0.0600109000,-0.2261702218,0.4822675945,0.1989805078,2.3872682001
0.2695421206,-0.0596329525,-0.2260382952,0.4828138409,0.1971349710,2.3867515073
0.2694355487,-0.0592550050,-0.2259063687,0.4833588558,0.1952893580,2.3862360875
0.2693289769,-0.0588770575,-0.2257744422,0.4839026433,0.1934436739,2.3857219368
0.2692224050,-0.0584991100,-0.2256425156,0.4844452077,0.1915979231,2.3852090509
0.2691158331,-0.0581211625,-0.2255105891,0.4849865530,0.1897521106,2.3846974259
0.2690092612,-0.0577432150,-0.2253786626,0.4855266833,0.1879062410,2.3841870578
0.2689026893,-0.0573652675,-0.2252467360,0.4860656029,0.1860603190,2.3836779424
0.2687961174,-0.0569873200,-0.2251148095,0.4866033157,0.1842143495,2.3831700760
0.2686895455,-0.0566093725,-0.2249828830,0.4871398258,0.1823683371,2.3826634543
0.2685829737,-0.0562314250,-0.2248509564,0.4876751372,0.1805222865,2.3821580736
0.2684764018,-0.0558534775,-0.2247190299,0.4882092541,0.1786762024,2.3816539297
0.2683698299,-0.0554755300,-0.2245871034,0.4887421805,0.1768300896,2.3811510189
0.2682632580,-0.0550975825,-0.2244551768,0.4892739202,0.1749839526,2.3806493372
0.2681566861,-0.0547196350,-0.2243232503,0.4898044774,0.1731377963,2.3801488807
0.2680501142,-0.0543416875,-0.2241913238,0.4903338561,0.1712916252,2.3796496455
0.2679435423,-0.0539637400,-0.2240593973,0.4908620600,0.1694454440,2.3791516277
0.2678369705,-0.0535857925,-0.2239274707,0.4913890933,0.1675992575,2.3786548235
0.2677303986,-0.0532078450,-0.2237955442,0.4919149598,0.1657530702,2.3781592290
0.2676238267,-0.0528298975,-0.2236636177,0.4924396635,0.1639068867,2.3776648405
0.2675172548,-0.0524519500,-0.2235316911,0.4929632082,0.1620607119,2.3771716541
0.2674106829,-0.0520740025,-0.2233997646,0.4934855979,0.1602145501,2.3766796660
0.2673041110,-0.0516960550,-0.2232678381,0.4940068363,0.1583684062,2.3761888724
0.2671975391,-0.0513181075,-0.2231359115,0.4945269274,0.1565222846,2.3756992697
0.2670909673,-0.0509401600,-0.2230039850,0.4950458750,0.1546761901,2.3752108540
0.2669843954,-0.0505622125,-0.2228720585,0.4955636829,0.1528301272,2.3747236217
0.2668778235,-0.0501842650,-0.2227401319,0.4960803549,0.1509841005,2.3742375690
0.2667712516,-0.0498063175,-0.2226082054,0.4965958948,0.1491381146,2.3737526921
0.2666646797,-0.0494283700,-0.2224762789,0.4971103064,0.1472921741,2.3732689876
0.2665581078,-0.0490504225,-0.2223443523,0.4976235934,0.1454462835,2.3727864515
0.2664515359,-0.0486724750,-0.2222124258,0.4981357597,0.1436004475,2.3723050804
0.2663449640,-0.0482945275,-0.2220804993,0.4986468088,0.1417546705,2.3718248706
0.2662383922,-0.0479165800,-0.2219485727,0.4991567447,0.1399089571,2.3713458184
0.2661318203,-0.0475386325,-0.2218166462,0.4996655708,0.1380633119,2.3708679202
0.2660252484,-0.0471606850,-0.2216847197,0.5001732910,0.1362177395,2.3703911725
0.2659186765,-0.0467827374,-0.2215527932,0.5006799089,0.1343722442,2.3699155716
0.2658121046,-0.0464047899,-0.2214208666,0.5011854282,0.1325268307,2.3694411140
0.2657055327,-0.0460268424,-0.2212889401,0.5016898526,0.1306815035,2.3689677962
0.2655989608,-0.0456488949,-0.2211570136,0.5021931856,0.1288362670,2.3684956146
0.2654923890,-0.0452709474,-0.2210250870,0.5026954308,0.1269911259,2.3680245657
0.2653858171,-0.0448929999,-0.2208931605,0.5031965920,0.1251460844,2.3675546460
0.2652792452,-0.0445150524,-0.2207612340,0.5036966726,0.1233011473,2.3670858519
0.2651726733,-0.0441371049,-0.2206293074,0.5041956763,0.1214563188,2.3666181801
0.2650661014,-0.0437591574,-0.2204973809,0.5046936066,0.1196116035,2.3661516270
0.2649595295,-0.0433812099,-0.2203654544,0.5051904670,0.1177670059,2.3656861892
0.2648529576,-0.0430032624,-0.2202335278,0.5056862612,0.1159225303,2.3652218633
0.2647463858,-0.0426253149,-0.2201016013,0.5061809926,0.1140781813,2.3647586458
0.2646398139,-0.0422473674,-0.2199696748,0.5066746647,0.1122339633,2.3642965333
0.2645332420,-0.0418694199,-0.2198377482,0.5071672810,0.1103898807,2.3638355224
0.2644266701,-0.0414914724,-0.2197058217,0.5076588451,0.1085459379,2.3633756098
0.2643200982,-0.0411135249,-0.2195738952,0.5081493603,0.1067021393,2.3629167920
0.2642135263,-0.0407355774,-0.2194419687,0.5086388302,0.1048584894,2.3624590658
0.2641069544,-0.0403576299,-0.2193100421,0.5091272581,0.1030149926,2.3620024278
0.2640003826,-0.0399796824,-0.2191781156,0.5096146476,0.1011716531,2.3615468746
0.2638938107,-0.0396017349,-0.2190461891,0.5101010020,0.0993284755,2.3610924029
0.2637872388,-0.0392237874,-0.2189142625,0.5105863247,0.0974854641,2.3606390095
0.2636806669,-0.0388458399,-0.2187823360,0.5110706191,0.0956426232,2.3601866910
0.2635740950,-0.0384678924,-0.2186504095,0.5115538886,0.0937999572,2.3597354442
0.2634675231,-0.0380899449,-0.2185184829,0.5120361365,0.0919574705,2.3592852659
0.2632543794,-0.0373340499,-0.2182546299,0.5129975812,0.0882730521,2.3583881013
0.2631448648,-0.0370793142,-0.2180059421,0.5145174600,0.0870790532,2.3579813923
0.2630353502,-0.0368245785,-0.2177572544,0.5160368790,0.0858842944,2.3575764980
0.2629258357,-0.0365698429,-0.2175085667,0.5175558394,0.0846887807,2.3571734192
0.2628163211,-0.0363151072,-0.2172598790,0.5190743422,0.0834925173,2.3567721564
0.2627068066,-0.0360603715,-0.2170111912,0.5205923886,0.0822955090,2.3563727105
0.2625972920,-0.0358056358,-0.2167625035,0.5221099798,0.0810977611,2.3559750819
0.2624877775,-0.0355509001,-0.2165138158,0.5236271169,0.0798992785,2.3555792713
0.2623782629,-0.0352961644,-0.2162651280,0.5251438011,0.0787000662,2.3551852794
0.2622687483,-0.0350414287,-0.2160164403,0.5266600336,0.0775001295,2.3547931067
0.2621592338,-0.0347866931,-0.2157677526,0.5281758155,0.0762994732,2.3544027538
0.2620497192,-0.0345319574,-0.2155190649,0.5296911480,0.0750981026,2.3540142214
0.2619402047,-0.0342772217,-0.2152703771,0.5312060324,0.0738960226,2.3536275101
0.2618306901,-0.0340224860,-0.2150216894,0.5327204698,0.0726932383,2.3532426203
0.2617211756,-0.0337677503,-0.2147730017,0.5342344614,0.0714897549,2.3528595528
0.2616116610,-0.0335130146,-0.2145243140,0.5357480086,0.0702855774,2.3524783080
0.2615021464,-0.0332582790,-0.2142756262,0.5372611124,0.0690807109,2.3520988866
0.2613926319,-0.0330035433,-0.2140269385,0.5387737742,0.0678751605,2.3517212890
0.2612831173,-0.0327488076,-0.2137782508,0.5402859952,0.0666689313,2.3513455159
0.2611736028,-0.0324940719,-0.2135295630,0.5417977767,0.0654620284,2.3509715678
0.2610640882,-0.0322393362,-0.2132808753,0.5433091198,0.0642544569,2.3505994452
0.2609545737,-0.0319846005,-0.2130321876,0.5448200259,0.0630462219,2.3502291487
0.2608450591,-0.0317298648,-0.2127834999,0.5463304963,0.0618373286,2.3498606787
0.2607355445,-0.0314751292,-0.2125348121,0.5478405322,0.0606277819,2.3494940358
0.2606260300,-0.0312203935,-0.2122861244,0.5493501350,0.0594175872,2.3491292205
0.2605165154,-0.0309656578,-0.2120374367,0.5508593058,0.0582067494,2.3487662333
0.2604070009,-0.0307109221,-0.2117887490,0.5523680461,0.0569952737,2.3484050747
0.2602974863,-0.0304561864,-0.2115400612,0.5538763572,0.0557831653,2.3480457452
0.2601879718,-0.0302014507,-0.2112913735,0.5553842403,0.0545704292,2.3476882452
0.2600784572,-0.0299467151,-0.2110426858,0.5568916968,0.0533570707,2.3473325753
0.2599689426,-0.0296919794,-0.2107939980,0.5583987280,0.0521430947,2.3469787359
0.2598594281,-0.0294372437,-0.2105453103,0.5599053353,0.0509285066,2.3466267275
0.2597499135,-0.0291825080,-0.2102966226,0.5614115200,0.0497133114,2.3462765505
0.2596403990,-0.0289277723,-0.2100479349,0.5629172835,0.0484975143,2.3459282054
0.2595308844,-0.0286730366,-0.2097992471,0.5644226271,0.0472811204,2.3455816926
0.2594213699,-0.0284183009,-0.2095505594,0.5659275522,0.0460641349,2.3452370126
0.2593118553,-0.0281635653,-0.2093018717,0.5674320602,0.0448465629,2.3448941658
0.2592023408,-0.0279088296,-0.2090531839,0.5689361525,0.0436284096,2.3445531526
0.2590928262,-0.0276540939,-0.2088044962,0.5704398304,0.0424096802,2.3442139734
0.2589833116,-0.0273993582,-0.2085558085,0.5719430954,0.0411903798,2.3438766288
0.2588737971,-0.0271446225,-0.2083071208,0.5734459488,0.0399705136,2.3435411189
0.2587642825,-0.0268898868,-0.2080584330,0.5749483921,0.0387500867,2.3432074444
0.2586547680,-0.0266351512,-0.2078097453,0.5764504267,0.0375291044,2.3428756055
0.2585452534,-0.0263804155,-0.2075610576,0.5779520540,0.0363075717,2.3425456026
0.2584357389,-0.0261256798,-0.2073123699,0.5794532754,0.0350854940,2.3422174362
0.2583262243,-0.0258709441,-0.2070636821,0.5809540924,0.0338628763,2.3418911066
0.2582167097,-0.0256162084,-0.2068149944,0.5824545064,0.0326397238,2.3415666141
0.2581071952,-0.0253614727,-0.2065663067,0.5839545188,0.0314160417,2.3412439592
0.2579976806,-0.0251067370,-0.2063176189,0.5854541312,0.0301918352,2.3409231422
0.2578881661,-0.0248520014,-0.2060689312,0.5869533450,0.0289671095,2.3406041635
0.2577786515,-0.0245972657,-0.2058202435,0.5884521616,0.0277418698,2.3402870234
0.2576691370,-0.0243425300,-0.2055715558,0.5899505825,0.0265161212,2.3399717222
0.2575596224,-0.0240877943,-0.2053228680,0.5914486092,0.0252898690,2.3396582602
0.2574501078,-0.0238330586,-0.2050741803,0.5929462433,0.0240631183,2.3393466379
0.2573405933,-0.0235783229,-0.2048254926,0.5944434861,0.0228358743,2.3390368556
0.2572310787,-0.0233235873,-0.2045768048,0.5959403391,0.0216081423,2.3387289135
0.2571215642,-0.0230688516,-0.2043281171,0.5974368040,0.0203799274,2.3384228119
0.2570120496,-0.0228141159,-0.2040794294,0.5989328822,0.0191512348,2.3381185513
0.2569025351,-0.0225593802,-0.2038307417,0.6004285752,0.0179220698,2.3378161318
0.2567930205,-0.0223046445,-0.2035820539,0.6019238845,0.0166924375,2.3375155537
0.2566835059,-0.0220499088,-0.2033333662,0.6034188116,0.0154623431,2.3372168175
0.2565739914,-0.0217951731,-0.2030846785,0.6049133582,0.0142317919,2.3369199233
0.2564644768,-0.0215404375,-0.2028359908,0.6064075257,0.0130007890,2.3366248714
0.2563549623,-0.0212857018,-0.2025873030,0.6079013157,0.0117693397,2.3363316621
0.2562454477,-0.0210309661,-0.2023386153,0.6093947297,0.0105374491,2.3360402957
0.2561359332,-0.0207762304,-0.2020899276,0.6108877693,0.0093051225,2.3357507724
0.2560264186,-0.0205214947,-0.2018412398,0.6123804361,0.0080723651,2.3354630926
0.2559169040,-0.0202667590,-0.2015925521,0.6138727315,0.0068391821,2.3351772563
0.2558073895,-0.0200120233,-0.2013438644,0.6153646573,0.0056055786,2.3348932640
0.2556978749,-0.0197572877,-0.2010951767,0.6168562149,0.0043715600,2.3346111158
0.2555883604,-0.0195025520,-0.2008464889,0.6183474060,0.0031371314,2.3343308120
0.2554788458,-0.0192478163,-0.2005978012,0.6198382321,0.0019022981,2.3340523528
0.2553693313,-0.0189930806,-0.2003491135,0.6213286949,0.0006670652,2.3337757384
0.2552598167,-0.0187383449,-0.2001004258,0.6228187959,-0.0005685620,2.3335009691
0.2551503021,-0.0184836092,-0.1998517380,0.6243085367,-0.0018045783,2.3332280450
0.2550407876,-0.0182288736,-0.1996030503,0.6257979190,-0.0030409786,2.3329569665
0.2549312730,-0.0179741379,-0.1993543626,0.6272869443,-0.0042777575,2.3326877336
0.2548217585,-0.0177194022,-0.1991056748,0.6287756143,-0.0055149099,2.3324203466
0.2547122439,-0.0174646665,-0.1988569871,0.6302639306,-0.0067524305,2.3321548057
0.2546027294,-0.0172099308,-0.1986082994,0.6317518949,-0.0079903141,2.3318911111
0.2544932148,-0.0169551951,-0.1983596117,0.6332395087,-0.0092285556,2.3316292629
0.2543837002,-0.0167004594,-0.1981109239,0.6347267738,-0.0104671496,2.3313692614
0.2542741857,-0.0164457238,-0.1978622362,0.6362136917,-0.0117060910,2.3311111068
0.2541646711,-0.0161909881,-0.1976135485,0.6377002641,-0.0129453746,2.3308547991
0.2540551566,-0.0159362524,-0.1973648607,0.6391864927,-0.0141849951,2.3306003386
0.2539456420,-0.0156815167,-0.1971161730,0.6406723791,-0.0154249473,2.3303477254
0.2538361275,-0.0154267810,-0.1968674853,0.6421579250,-0.0166652261,2.3300969597
0.2537266129,-0.0151720453,-0.1966187976,0.6436431320,-0.0179058261,2.3298480416
0.2536170984,-0.0149173097,-0.1963701098,0.6451280018,-0.0191467422,2.3296009713
0.2535075838,-0.0146625740,-0.1961214221,0.6466125362,-0.0203879691,2.3293557490
0.2533980692,-0.0144078383,-0.1958727344,0.6480967367,-0.0216295017,2.3291123747
0.2532885547,-0.0141531026,-0.1956240467,0.6495806051,-0.0228713347,2.3288708486
0.2531790401,-0.0138983669,-0.1953753589,0.6510641431,-0.0241134629,2.3286311708
0.2530695256,-0.0136436312,-0.1951266712,0.6525473523,-0.0253558811,2.3283933415
0.2529600110,-0.0133888955,-0.1948779835,0.6540302345,-0.0265985840,2.3281573607
0.2528504965,-0.0131341599,-0.1946292957,0.6555127914,-0.0278415665,2.3279232287
0.2527409819,-0.0128794242,-0.1943806080,0.6569950246,-0.0290848234,2.3276909454
0.2526314673,-0.0126246885,-0.1941319203,0.6584769358,-0.0303283494,2.3274605111
0.2525219528,-0.0123699528,-0.1938832326,0.6599585269,-0.0315721393,2.3272319257
0.2524124382,-0.0121152171,-0.1936345448,0.6614397995,-0.0328161879,2.3270051895
0.2523029237,-0.0118604814,-0.1933858571,0.6629207553,-0.0340604900,2.3267803024
0.2521934091,-0.0116057458,-0.1931371694,0.6644013961,-0.0353050405,2.3265572646
0.2520838946,-0.0113510101,-0.1928884817,0.6658817236,-0.0365498340,2.3263360762
0.2519743800,-0.0110962744,-0.1926397939,0.6673617396,-0.0377948653,2.3261167373
0.2518648654,-0.0108415387,-0.1923911062,0.6688414457,-0.0390401294,2.3258992479
0.2517553509,-0.0105868030,-0.1921424185,0.6703208437,-0.0402856209,2.3256836080
0.2516458363,-0.0103320673,-0.1918937307,0.6717999354,-0.0415313347,2.3254698179
0.2515363218,-0.0100773316,-0.1916450430,0.6732787226,-0.0427772655,2.3252578774
0.2514268072,-0.0098225960,-0.1913963553,0.6747572069,-0.0440234082,2.3250477867
0.2513172927,-0.0095678603,-0.1911476676,0.6762353901,-0.0452697576,2.3248395459
0.2512077781,-0.0093131246,-0.1908989798,0.6777132741,-0.0465163084,2.3246331549
0.2510982635,-0.0090583889,-0.1906502921,0.6791908605,-0.0477630555,2.3244286139
0.2509887490,-0.0088036532,-0.1904016044,0.6806681511,-0.0490099937,2.3242259228
0.2508792344,-0.0085489175,-0.1901529166,0.6821451478,-0.0502571177,2.3240250818
0.2507697199,-0.0082941819,-0.1899042289,0.6836218523,-0.0515044225,2.3238260908
0.2506602053,-0.0080394462,-0.1896555412,0.6850982663,-0.0527519027,2.3236289498
0.2505506908,-0.0077847105,-0.1894068535,0.6865743916,-0.0539995533,2.3234336590
0.2504411762,-0.0075299748,-0.1891581657,0.6880502302,-0.0552473690,2.3232402183
0.2503316616,-0.0072752391,-0.1889094780,0.6895257836,-0.0564953446,2.3230486277
0.2502221471,-0.0070205034,-0.1886607903,0.6910010538,-0.0577434750,2.3228588872
0.2501126325,-0.0067657677,-0.1884121026,0.6924760425,-0.0589917549,2.3226709969
0.2500031180,-0.0065110321,-0.1881634148,0.6939507515,-0.0602401793,2.3224849567
0.2498936034,-0.0062562964,-0.1879147271,0.6954251826,-0.0614887428,2.3223007667
0.2497840889,-0.0060015607,-0.1876660394,0.6968993377,-0.0627374405,2.3221184269
0.2496745743,-0.0057468250,-0.1874173516,0.6983732185,-0.0639862670,2.3219379371
0.2495650597,-0.0054920893,-0.1871686639,0.6998468269,-0.0652352172,2.3217592976
0.2494555452,-0.0052373536,-0.1869199762,0.7013201646,-0.0664842860,2.3215825081
0.2493460306,-0.0049826179,-0.1866712885,0.7027932336,-0.0677334681,2.3214075687
0.2492365161,-0.0047278823,-0.1864226007,0.7042660355,-0.0689827584,2.3212344795
0.2490174870,-0.0042184109,-0.1859252253,0.7072108458,-0.0714816431,2.3208938510
0.2488489497,-0.0039493208,-0.1855887874,0.7087054604,-0.0726902636,2.3209738517
0.2486804125,-0.0036802307,-0.1852523496,0.7102004453,-0.0738988772,2.3210556785
0.2485118753,-0.0034111407,-0.1849159117,0.7116958024,-0.0751074790,2.3211393324
0.2483433380,-0.0031420506,-0.1845794738,0.7131915333,-0.0763160641,2.3212248143
0.2481748008,-0.0028729605,-0.1842430360,0.7146876398,-0.0775246275,2.3213121250
0.2480062636,-0.0026038704,-0.1839065981,0.7161841237,-0.0787331641,2.3214012655
0.2478377263,-0.0023347803,-0.1835701602,0.7176809866,-0.0799416691,2.3214922366
0.2476691891,-0.0020656903,-0.1832337224,0.7191782302,-0.0811501375,2.3215850392
0.2475006519,-0.0017966002,-0.1828972845,0.7206758565,-0.0823585642,2.3216796741
0.2473321146,-0.0015275101,-0.1825608466,0.7221738670,-0.0835669443,2.3217761423
0.2471635774,-0.0012584200,-0.1822244088,0.7236722635,-0.0847752728,2.3218744447
0.2469950402,-0.0009893299,-0.1818879709,0.7251710477,-0.0859835447,2.3219745820
0.2468265029,-0.0007202399,-0.1815515331,0.7266702215,-0.0871917550,2.3220765551
0.2466579657,-0.0004511498,-0.1812150952,0.7281697864,-0.0883998987,2.3221803650
0.2464894285,-0.0001820597,-0.1808786573,0.7296697443,-0.0896079708,2.3222860124
0.2463208912,0.0000870304,-0.1805422195,0.7311700969,-0.0908159664,2.3223934981
0.2461523540,0.0003561204,-0.1802057816,0.7326708459,-0.0920238803,2.3225028232
0.2459838168,0.0006252105,-0.1798693437,0.7341719931,-0.0932317076,2.3226139883
0.2458152795,0.0008943006,-0.1795329059,0.7356735402,-0.0944394433,2.3227269943
0.2456467423,0.0011633907,-0.1791964680,0.7371754889,-0.0956470823,2.3228418420
0.2454782051,0.0014324808,-0.1788600301,0.7386778410,-0.0968546197,2.3229585324
0.2453096678,0.0017015708,-0.1785235923,0.7401805982,-0.0980620504,2.3230770661
0.2451411306,0.0019706609,-0.1781871544,0.7416837622,-0.0992693695,2.3231974440
0.2449725934,0.0022397510,-0.1778507166,0.7431873348,-0.1004765718,2.3233196670
0.2448040561,0.0025088411,-0.1775142787,0.7446913176,-0.1016836524,2.3234437358
0.2446355189,0.0027779312,-0.1771778408,0.7461957125,-0.1028906063,2.3235696513
0.2444669817,0.0030470212,-0.1768414030,0.7477005212,-0.1040974283,2.3236974142
0.2442984444,0.0033161113,-0.1765049651,0.7492057453,-0.1053041136,2.3238270253
0.2441299072,0.0035852014,-0.1761685272,0.7507113867,-0.1065106570,2.3239584855
0.2439613700,0.0038542915,-0.1758320894,0.7522174470,-0.1077170535,2.3240917955
0.2437928327,0.0041233816,-0.1754956515,0.7537239280,-0.1089232980,2.3242269561
0.2436242955,0.0043924716,-0.1751592136,0.7552308313,-0.1101293857,2.3243639682
0.2434557583,0.0046615617,-0.1748227758,0.7567381588,-0.1113353113,2.3245028323
0.2432872210,0.0049306518,-0.1744863379,0.7582459122,-0.1125410699,2.3246435495
0.2431186838,0.0051997419,-0.1741499001,0.7597540931,-0.1137466563,2.3247861203
0.2429501466,0.0054688319,-0.1738134622,0.7612627033,-0.1149520657,2.3249305456
0.2427816093,0.0057379220,-0.1734770243,0.7627717445,-0.1161572929,2.3250768262
0.2426130721,0.0060070121,-0.1731405865,0.7642812185,-0.1173623329,2.3252249627
0.2424445349,0.0062761022,-0.1728041486,0.7657911269,-0.1185671805,2.3253749559
0.2422759976,0.0065451923,-0.1724677107,0.7673014714,-0.1197718309,2.3255268067
0.2421074604,0.0068142823,-0.1721312729,0.7688122539,-0.1209762789,2.3256805156
0.2419389232,0.0070833724,-0.1717948350,0.7703234760,-0.1221805194,2.3258360835
0.2417703859,0.0073524625,-0.1714583971,0.7718351393,-0.1233845475,2.3259935111
0.2416018487,0.0076215526,-0.1711219593,0.7733472457,-0.1245883580,2.3261527991
0.2414333115,0.0078906427,-0.1707855214,0.7748597968,-0.1257919459,2.3263139483
0.2412647742,0.0081597327,-0.1704490836,0.7763727944,-0.1269953062,2.3264769593
0.2410962370,0.0084288228,-0.1701126457,0.7778862401,-0.1281984337,2.3266418328
0.2409276998,0.0086979129,-0.1697762078,0.7794001357,-0.1294013234,2.3268085697
0.2407591625,0.0089670030,-0.1694397700,0.7809144828,-0.1306039703,2.3269771705
0.2405906253,0.0092360931,-0.1691033321,0.7824292832,-0.1318063693,2.3271476359
0.2404220881,0.0095051831,-0.1687668942,0.7839445386,-0.1330085154,2.3273199668
0.2402535508,0.0097742732,-0.1684304564,0.7854602506,-0.1342104034,2.3274941637
0.2400850136,0.0100433633,-0.1680940185,0.7869764210,-0.1354120283,2.3276702273
0.2399164764,0.0103124534,-0.1677575806,0.7884930514,-0.1366133850,2.3278481584
0.2397479391,0.0105815435,-0.1674211428,0.7900101436,-0.1378144685,2.3280279576
0.2395794019,0.0108506335,-0.1670847049,0.7915276992,-0.1390152737,2.3282096255
0.2394108647,0.0111197236,-0.1667482671,0.7930457199,-0.1402157955,2.3283931629
0.2392423274,0.0113888137,-0.1664118292,0.7945642074,-0.1414160289,2.3285785703
0.2390737902,0.0116579038,-0.1660753913,0.7960831635,-0.1426159688,2.3287658485
0.2389052530,0.0119269938,-0.1657389535,0.7976025897,-0.1438156101,2.3289549981
0.2387367157,0.0121960839,-0.1654025156,0.7991224877,-0.1450149478,2.3291460197
0.2385681785,0.0124651740,-0.1650660777,0.8006428593,-0.1462139767,2.3293389140
0.2383996413,0.0127342641,-0.1647296399,0.8021637061,-0.1474126919,2.3295336816
0.2382311040,0.0130033542,-0.1643932020,0.8036850298,-0.1486110882,2.3297303232
0.2380625668,0.0132724442,-0.1640567642,0.8052068320,-0.1498091606,2.3299288393
0.2378940296,0.0135415343,-0.1637203263,0.8067291144,-0.1510069040,2.3301292306
0.2377254923,0.0138106244,-0.1633838884,0.8082518788,-0.1522043133,2.3303314977
0.2375569551,0.0140797145,-0.1630474506,0.8097751266,-0.1534013835,2.3305356412
0.2373884179,0.0143488046,-0.1627110127,0.8112988597,-0.1545981095,2.3307416617
0.2372198806,0.0146178946,-0.1623745748,0.8128230797,-0.1557944862,2.3309495598
0.2370513434,0.0148869847,-0.1620381370,0.8143477882,-0.1569905086,2.3311593362
0.2368828062,0.0151560748,-0.1617016991,0.8158729868,-0.1581861715,2.3313709913
0.2367142689,0.0154251649,-0.1613652612,0.8173986773,-0.1593814699,2.3315845258
0.2365457317,0.0156942550,-0.1610288234,0.8189248612,-0.1605763988,2.3317999402
0.2363771945,0.0159633450,-0.1606923855,0.8204515402,-0.1617709530,2.3320172352
0.2362086572,0.0162324351,-0.1603559477,0.8219787160,-0.1629651276,2.3322364112
0.2360401200,0.0165015252,-0.1600195098,0.8235063902,-0.1641589173,2.3324574689
0.2358715828,0.0167706153,-0.1596830719,0.8250345644,-0.1653523173,2.3326804088
0.2357030455,0.0170397053,-0.1593466341,0.8265632403,-0.1665453223,2.3329052315
0.2355345083,0.0173087954,-0.1590101962,0.8280924194,-0.1677379274,2.3331319374
0.2353659711,0.0175778855,-0.1586737583,0.8296221035,-0.1689301274,2.3333605272
0.2351974338,0.0178469756,-0.1583373205,0.8311522941,-0.1701219173,2.3335910013
0.2350288966,0.0181160657,-0.1580008826,0.8326829928,-0.1713132920,2.3338233604
0.2348603594,0.0183851557,-0.1576644447,0.8342142013,-0.1725042465,2.3340576048
0.2346918221,0.0186542458,-0.1573280069,0.8357459212,-0.1736947758,2.3342937352
0.2345232849,0.0189233359,-0.1569915690,0.8372781540,-0.1748848746,2.3345317520
0.2343547477,0.0191924260,-0.1566551312,0.8388109015,-0.1760745380,2.3347716557
0.2341862104,0.0194615161,-0.1563186933,0.8403441651,-0.1772637610,2.3350134469
0.2340176732,0.0197306061,-0.1559822554,0.8418779466,-0.1784525384,2.3352571261
0.2338491360,0.0199996962,-0.1556458176,0.8434122474,-0.1796408652,2.3355026936
0.2336805987,0.0202687863,-0.1553093797,0.8449470691,-0.1808287364,2.3357501501
0.2335120615,0.0205378764,-0.1549729418,0.8464824135,-0.1820161468,2.3359994959
0.2333435243,0.0208069665,-0.1546365040,0.8480182820,-0.1832030915,2.3362507316
0.2331749870,0.0210760565,-0.1543000661,0.8495546762,-0.1843895654,2.3365038576
0.2330064498,0.0213451466,-0.1539636282,0.8510915976,-0.1855755634,2.3367588743
0.2328379126,0.0216142367,-0.1536271904,0.8526290480,-0.1867610804,2.3370157823
0.2326693753,0.0218833268,-0.1532907525,0.8541670288,-0.1879461116,2.3372745819
0.2325008381,0.0221524168,-0.1529543147,0.8557055416,-0.1891306516,2.3375352736
0.2323323009,0.0224215069,-0.1526178768,0.8572445879,-0.1903146957,2.3377978579
0.2321637636,0.0226905970,-0.1522814389,0.8587841694,-0.1914982386,2.3380623351
0.2319952264,0.0229596871,-0.1519450011,0.8603242875,-0.1926812754,2.3383287057
0.2318266892,0.0232287772,-0.1516085632,0.8618649438,-0.1938638009,2.3385969701
0.2314896147,0.0237669573,-0.1509356875,0.8649478772,-0.1962272984,2.3391391818
0.2307921469,0.0243726123,-0.1504971534,0.8663438646,-0.1970466563,2.3398917695
0.2300946790,0.0249782672,-0.1500586192,0.8677407637,-0.1978650146,2.3406456757
0.2293972112,0.0255839221,-0.1496200851,0.8691385737,-0.1986823697,2.3414008994
0.2286997434,0.0261895771,-0.1491815510,0.8705372939,-0.1994987182,2.3421574399
0.2280022755,0.0267952320,-0.1487430169,0.8719369238,-0.2003140566,2.3429152962
0.2273048077,0.0274008870,-0.1483044828,0.8733374627,-0.2011283814,2.3436744674
0.2266073399,0.0280065419,-0.1478659487,0.8747389099,-0.2019416891,2.3444349525
0.2259098720,0.0286121969,-0.1474274145,0.8761412647,-0.2027539763,2.3451967506
0.2252124042,0.0292178518,-0.1469888804,0.8775445264,-0.2035652395,2.3459598608
0.2245149364,0.0298235067,-0.1465503463,0.8789486943,-0.2043754753,2.3467242822
0.2238174686,0.0304291617,-0.1461118122,0.8803537677,-0.2051846802,2.3474900136
0.2231200007,0.0310348166,-0.1456732781,0.8817597458,-0.2059928507,2.3482570541
0.2224225329,0.0316404716,-0.1452347440,0.8831666279,-0.2067999834,2.3490254028
0.2217250651,0.0322461265,-0.1447962098,0.8845744133,-0.2076060749,2.3497950586
0.2210275972,0.0328517814,-0.1443576757,0.8859831011,-0.2084111216,2.3505660205
0.2203301294,0.0334574364,-0.1439191416,0.8873926906,-0.2092151203,2.3513382875
0.2196326616,0.0340630913,-0.1434806075,0.8888031810,-0.2100180673,2.3521118584
0.2189351937,0.0346687463,-0.1430420734,0.8902145714,-0.2108199594,2.3528867323
0.2182377259,0.0352744012,-0.1426035393,0.8916268611,-0.2116207930,2.3536629080
0.2175402581,0.0358800562,-0.1421650051,0.8930400492,-0.2124205648,2.3544403846
0.2168427902,0.0364857111,-0.1417264710,0.8944541348,-0.2132192713,2.3552191608
0.2161453224,0.0370913660,-0.1412879369,0.8958691172,-0.2140169091,2.3559992355
0.2154478546,0.0376970210,-0.1408494028,0.8972849954,-0.2148134749,2.3567806077
0.2147503867,0.0383026759,-0.1404108687,0.8987017685,-0.2156089651,2.3575632762
0.2140529189,0.0389083309,-0.1399723346,0.9001194357,-0.2164033764,2.3583472398
0.2133554511,0.0395139858,-0.1395338004,0.9015379960,-0.2171967054,2.3591324974
0.2126579832,0.0401196407,-0.1390952663,0.9029574485,-0.2179889488,2.3599190478
0.2119605154,0.0407252957,-0.1386567322,0.9043777923,-0.2187801030,2.3607068899
0.2112630476,0.0413309506,-0.1382181981,0.9057990265,-0.2195701648,2.3614960223
0.2105655797,0.0419366056,-0.1377796640,0.9072211500,-0.2203591307,2.3622864440
0.2098681119,0.0425422605,-0.1373411299,0.9086441619,-0.2211469974,2.3630781536
0.2091706441,0.0431479155,-0.1369025957,0.9100680612,-0.2219337615,2.3638711499
0.2084731762,0.0437535704,-0.1364640616,0.9114928470,-0.2227194196,2.3646654318
0.2077757084,0.0443592253,-0.1360255275,0.9129185181,-0.2235039684,2.3654609978
0.2070782406,0.0449648803,-0.1355869934,0.9143450736,-0.2242874045,2.3662578468
0.2063807727,0.0455705352,-0.1351484593,0.9157725124,-0.2250697245,2.3670559774
0.2056833049,0.0461761902,-0.1347099252,0.9172008335,-0.2258509252,2.3678553884
0.2049858371,0.0467818451,-0.1342713910,0.9186300359,-0.2266310032,2.3686560784
0.2042883692,0.0473875000,-0.1338328569,0.9200601183,-0.2274099551,2.3694580461
0.2035909014,0.0479931550,-0.1333943228,0.9214910799,-0.2281877776,2.3702612901
0.2028934336,0.0485988099,-0.1329557887,0.9229229193,-0.2289644673,2.3710658091
0.2021959657,0.0492044649,-0.1325172546,0.9243556356,-0.2297400210,2.3718716018
0.2014984979,0.0498101198,-0.1320787205,0.9257892276,-0.2305144354,2.3726786666
0.2008010301,0.0504157748,-0.1316401864,0.9272236942,-0.2312877070,2.3734870023
0.2001035622,0.0510214297,-0.1312016522,0.9286590341,-0.2320598327,2.3742966075
0.1994060944,0.0516270846,-0.1307631181,0.9300952463,-0.2328308091,2.3751074806
0.1987086266,0.0522327396,-0.1303245840,0.9315323295,-0.2336006328,2.3759196204
0.1980111587,0.0528383945,-0.1298860499,0.9329702826,-0.2343693008,2.3767330252
0.1973136909,0.0534440495,-0.1294475158,0.9344091043,-0.2351368095,2.3775476937
0.1966162231,0.0540497044,-0.1290089817,0.9358487934,-0.2359031558,2.3783636244
0.1959187552,0.0546553593,-0.1285704475,0.9372893487,-0.2366683364,2.3791808158
0.1952212874,0.0552610143,-0.1281319134,0.9387307690,-0.2374323480,2.3799992663
0.1945238196,0.0558666692,-0.1276933793,0.9401730529,-0.2381951874,2.3808189746
0.1938263517,0.0564723242,-0.1272548452,0.9416161992,-0.2389568512,2.3816399389
0.1931288839,0.0570779791,-0.1268163111,0.9430602066,-0.2397173363,2.3824621579
0.1924314161,0.0576836341,-0.1263777770,0.9445050738,-0.2404766394,2.3832856300
0.1910364804,0.0588949439,-0.1255007087,0.9473973823,-0.2419916866,2.3849363268
0.1899829560,0.0595975798,-0.1253187698,0.9469978817,-0.2411013733,2.3858991622
0.1889294316,0.0603002156,-0.1251368310,0.9465975792,-0.2402114187,2.3868621697
0.1878759072,0.0610028514,-0.1249548921,0.9461964753,-0.2393218247,2.3878253499
0.1868223828,0.0617054872,-0.1247729532,0.9457945707,-0.2384325931,2.3887887030
0.1857688584,0.0624081231,-0.1245910143,0.9453918659,-0.2375437258,2.3897522294
0.1847153340,0.0631107589,-0.1244090754,0.9449883616,-0.2366552245,2.3907159294
0.1836618096,0.0638133947,-0.1242271366,0.9445840583,-0.2357670912,2.3916798036
0.1826082852,0.0645160305,-0.1240451977,0.9441789566,-0.2348793275,2.3926438521
0.1815547608,0.0652186663,-0.1238632588,0.9437730572,-0.2339919354,2.3936080753
0.1805012364,0.0659213022,-0.1236813199,0.9433663606,-0.2331049166,2.3945724737
0.1794477120,0.0666239380,-0.1234993810,0.9429588675,-0.2322182729,2.3955370475
0.1783941877,0.0673265738,-0.1233174421,0.9425505785,-0.2313320062,2.3965017971
0.1773406633,0.0680292096,-0.1231355033,0.9421414941,-0.2304461183,2.3974667229
0.1762871389,0.0687318455,-0.1229535644,0.9417316150,-0.2295606110,2.3984318251
0.1752336145,0.0694344813,-0.1227716255,0.9413209417,-0.2286754861,2.3993971041
0.1741800901,0.0701371171,-0.1225896866,0.9409094749,-0.2277907455,2.4003625603
0.1731265657,0.0708397529,-0.1224077477,0.9404972153,-0.2269063908,2.4013281940
0.1720730413,0.0715423888,-0.1222258089,0.9400841633,-0.2260224240,2.4022940055
0.1710195169,0.0722450246,-0.1220438700,0.9396703197,-0.2251388469,2.4032599951
0.1699659925,0.0729476604,-0.1218619311,0.9392556850,-0.2242556612,2.4042261632
0.1689124681,0.0736502962,-0.1216799922,0.9388402599,-0.2233728687,2.4051925100
0.1678589437,0.0743529321,-0.1214980533,0.9384240449,-0.2224904714,2.4061590360
0.1668054193,0.0750555679,-0.1213161145,0.9380070407,-0.2216084709,2.4071257413
0.1657518949,0.0757582037,-0.1211341756,0.9375892479,-0.2207268690,2.4080926264
0.1646983705,0.0764608395,-0.1209522367,0.9371706671,-0.2198456677,2.4090596915
0.1636448461,0.0771634753,-0.1207702978,0.9367512990,-0.2189648686,2.4100269370
0.1625913217,0.0778661112,-0.1205883589,0.9363311442,-0.2180844737,2.4109943631
0.1615377973,0.0785687470,-0.1204064200,0.9359102032,-0.2172044845,2.4119619701
0.1604842729,0.0792713828,-0.1202244812,0.9354884768,-0.2163249031,2.4129297584
0.1594307485,0.0799740186,-0.1200425423,0.9350659655,-0.2154457312,2.4138977281
0.1583772241,0.0806766545,-0.1198606034,0.9346426700,-0.2145669705,2.4148658797
0.1573236997,0.0813792903,-0.1196786645,0.9342185908,-0.2136886228,2.4158342134
0.1562701753,0.0820819261,-0.1194967256,0.9337937288,-0.2128106901,2.4168027295
0.1541631265,0.0834871978,-0.1191328479,0.9329416582,-0.2110560763,2.4187403100
0.1533020908,0.0841828908,-0.1185948725,0.9341616246,-0.2120128779,2.4189000249
0.1524410552,0.0848785838,-0.1180568971,0.9353820630,-0.2129695382,2.4190609754
0.1515800195,0.0855742768,-0.1175189217,0.9366029744,-0.2139260547,2.4192231622
0.1507189838,0.0862699698,-0.1169809463,0.9378243599,-0.2148824247,2.4193865862
0.1498579481,0.0869656628,-0.1164429709,0.9390462206,-0.2158386456,2.4195512481
0.1489969124,0.0876613558,-0.1159049956,0.9402685573,-0.2167947147,2.4197171489
0.1481358767,0.0883570489,-0.1153670202,0.9414913713,-0.2177506293,2.4198842892
0.1472748410,0.0890527419,-0.1148290448,0.9427146636,-0.2187063869,2.4200526699
0.1464138053,0.0897484349,-0.1142910694,0.9439384351,-0.2196619847,2.4202222918
0.1455527696,0.0904441279,-0.1137530940,0.9451626869,-0.2206174202,2.4203931556
0.1446917339,0.0911398209,-0.1132151186,0.9463874201,-0.2215726906,2.4205652623
0.1438306983,0.0918355139,-0.1126771432,0.9476126357,-0.2225277934,2.4207386125
0.1429696626,0.0925312069,-0.1121391678,0.9488383347,-0.2234827259,2.4209132071
0.1421086269,0.0932269000,-0.1116011925,0.9500645182,-0.2244374853,2.4210890468
0.1412475912,0.0939225930,-0.1110632171,0.9512911872,-0.2253920692,2.4212661325
0.1403865555,0.0946182860,-0.1105252417,0.9525183428,-0.2263464748,2.4214444650
0.1395255198,0.0953139790,-0.1099872663,0.9537459859,-0.2273006994,2.4216240449
0.1386644841,0.0960096720,-0.1094492909,0.9549741176,-0.2282547404,2.4218048732
0.1378034484,0.0967053650,-0.1089113155,0.9562027390,-0.2292085952,2.4219869505
0.1369424127,0.0974010580,-0.1083733401,0.9574318511,-0.2301622610,2.4221702777
0.1360813770,0.0980967511,-0.1078353648,0.9586614548,-0.2311157353,2.4223548556
0.1352203413,0.0987924441,-0.1072973894,0.9598915513,-0.2320690153,2.4225406849
0.1343593057,0.0994881371,-0.1067594140,0.9611221416,-0.2330220984,2.4227277664
0.1334982700,0.1001838301,-0.1062214386,0.9623532267,-0.2339749819,2.4229161009
0.1326372343,0.1008795231,-0.1056834632,0.9635848077,-0.2349276632,2.4231056891
0.1317761986,0.1015752161,-0.1051454878,0.9648168855,-0.2358801396,2.4232965318
0.1309151629,0.1022709091,-0.1046075124,0.9660494612,-0.2368324084,2.4234886298
0.1300541272,0.1029666022,-0.1040695371,0.9672825358,-0.2377844670,2.4236819838
0.1291930915,0.1036622952,-0.1035315617,0.9685161104,-0.2387363126,2.4238765947
0.1283320558,0.1043579882,-0.1029935863,0.9697501860,-0.2396879427,2.4240724631
0.1274710201,0.1050536812,-0.1024556109,0.9709847636,-0.2406393545,2.4242695899
0.1266099844,0.1057493742,-0.1019176355,0.9722198442,-0.2415905453,2.4244679757
0.1257489488,0.1064450672,-0.1013796601,0.9734554289,-0.2425415126,2.4246676214
0.1248879131,0.1071407602,-0.1008416847,0.9746915186,-0.2434922536,2.4248685277
0.1240268774,0.1078364533,-0.1003037093,0.9759281145,-0.2444427656,2.4250706953
0.1231658417,0.1085321463,-0.0997657340,0.9771652175,-0.2453930460,2.4252741250
0.1223048060,0.1092278393,-0.0992277586,0.9784028286,-0.2463430921,2.4254788175
0.1214437703,0.1099235323,-0.0986897832,0.9796409490,-0.2472929012,2.4256847737
0.1205827346,0.1106192253,-0.0981518078,0.9808795795,-0.2482424706,2.4258919941
0.1197216989,0.1113149183,-0.0976138324,0.9821187212,-0.2491917977,2.4261004796
0.1188606632,0.1120106113,-0.0970758570,0.9833583751,-0.2501408797,2.4263102310
0.1179996275,0.1127063044,-0.0965378816,0.9845985423,-0.2510897140,2.4265212488
0.1171385919,0.1134019974,-0.0959999063,0.9858392237,-0.2520382979,2.4267335340
0.1162775562,0.1140976904,-0.0954619309,0.9870804204,-0.2529866288,2.4269470871
0.1154165205,0.1147933834,-0.0949239555,0.9883221334,-0.2539347038,2.4271619090
0.1145554848,0.1154890764,-0.0943859801,0.9895643637,-0.2548825205,2.4273780004
0.1136944491,0.1161847694,-0.0938480047,0.9908071123,-0.2558300759,2.4275953619
0.1128334134,0.1168804624,-0.0933100293,0.9920503802,-0.2567773676,2.4278139944
0.1119723777,0.1175761555,-0.0927720539,0.9932941684,-0.2577243927,2.4280338985
0.1111113420,0.1182718485,-0.0922340785,0.9945384780,-0.2586711487,2.4282550749
0.1102503063,0.1189675415,-0.0916961032,0.9957833099,-0.2596176327,2.4284775244
0.1093892706,0.1196632345,-0.0911581278,0.9970286652,-0.2605638422,2.4287012476
0.1085282349,0.1203589275,-0.0906201524,0.9982745448,-0.2615097744,2.4289262454
0.1076671993,0.1210546205,-0.0900821770,0.9995209498,-0.2624554267,2.4291525184
0.1068061636,0.1217503135,-0.0895442016,1.0007678812,-0.2634007963,2.4293800672
0.1059451279,0.1224460066,-0.0890062262,1.0020153399,-0.2643458805,2.4296088927
0.1050840922,0.1231416996,-0.0884682508,1.0032633269,-0.2652906767,2.4298389955
0.1042230565,0.1238373926,-0.0879302755,1.0045118433,-0.2662351822,2.4300703763
0.1033620208,0.1245330856,-0.0873923001,1.0057608901,-0.2671793943,2.4303030358
0.1025009851,0.1252287786,-0.0868543247,1.0070104682,-0.2681233103,2.4305369747
0.1016399494,0.1259244716,-0.0863163493,1.0082605787,-0.2690669274,2.4307721936
0.1007789137,0.1266201646,-0.0857783739,1.0095112225,-0.2700102430,2.4310086934
0.0999178780,0.1273158577,-0.0852403985,1.0107624006,-0.2709532545,2.4312464746
0.0990568424,0.1280115507,-0.0847024231,1.0120141140,-0.2718959590,2.4314855380
0.0981958067,0.1287072437,-0.0841644477,1.0132663638,-0.2728383540,2.4317258842
0.0973347710,0.1294029367,-0.0836264724,1.0145191508,-0.2737804366,2.4319675140
0.0964737353,0.1300986297,-0.0830884970,1.0157724761,-0.2747222043,2.4322104279
0.0956126996,0.1307943227,-0.0825505216,1.0170263407,-0.2756636543,2.4324546267
0.0947516639,0.1314900157,-0.0820125462,1.0182807455,-0.2766047839,2.4327001110
0.0938906282,0.1321857088,-0.0814745708,1.0195356915,-0.2775455905,2.4329468815
0.0930295925,0.1328814018,-0.0809365954,1.0207911798,-0.2784860712,2.4331949389
0.0921685568,0.1335770948,-0.0803986200,1.0220472112,-0.2794262235,2.4334442839
0.0913075211,0.1342727878,-0.0798606447,1.0233037868,-0.2803660446,2.4336949170
0.0904464855,0.1349684808,-0.0793226693,1.0245609075,-0.2813055318,2.4339468389
0.0895854498,0.1356641738,-0.0787846939,1.0258185743,-0.2822446825,2.4342000504
0.0887244141,0.1363598668,-0.0782467185,1.0270767882,-0.2831834938,2.4344545521
0.0878633784,0.1370555599,-0.0777087431,1.0283355502,-0.2841219632,2.4347103445
0.0870023427,0.1377512529,-0.0771707677,1.0295948611,-0.2850600880,2.4349674284
0.0861413070,0.1384469459,-0.0766327923,1.0308547220,-0.2859978653,2.4352258045
0.0852802713,0.1391426389,-0.0760948169,1.0321151339,-0.2869352926,2.4354854732
0.0844192356,0.1398383319,-0.0755568416,1.0333760977,-0.2878723671,2.4357464353
0.0835581999,0.1405340249,-0.0750188662,1.0346376143,-0.2888090861,2.4360086915
0.0826971642,0.1412297179,-0.0744808908,1.0358996848,-0.2897454470,2.4362722423
0.0818361285,0.1419254110,-0.0739429154,1.0371623100,-0.2906814470,2.4365370884
0.0809750929,0.1426211040,-0.0734049400,1.0384254910,-0.2916170833,2.4368032304
0.0801140572,0.1433167970,-0.0728669646,1.0396892286,-0.2925523535,2.4370706690
0.0792530215,0.1440124900,-0.0723289892,1.0409535239,-0.2934872546,2.4373394046
0.0783919858,0.1447081830,-0.0717910139,1.0422183778,-0.2944217840,2.4376094381
0.0775309501,0.1454038760,-0.0712530385,1.0434837912,-0.2953559391,2.4378807700
0.0758088787,0.1467952621,-0.0701770877,1.0460163004,-0.2972231153,2.4384273313
0.0749454774,0.1474734962,-0.0696342489,1.0472721439,-0.2981654527,2.4387335570
0.0740820761,0.1481517304,-0.0690914100,1.0485287078,-0.2991074624,2.4390411231
0.0732186748,0.1488299646,-0.0685485712,1.0497859934,-0.3000491414,2.4393500305
0.0723552735,0.1495081987,-0.0680057324,1.0510440019,-0.3009904869,2.4396602801
0.0714918721,0.1501864329,-0.0674628936,1.0523027344,-0.3019314961,2.4399718731
0.0706284708,0.1508646671,-0.0669200547,1.0535621921,-0.3028721663,2.4402848103
0.0697650695,0.1515429012,-0.0663772159,1.0548223761,-0.3038124944,2.4405990928
0.0689016682,0.1522211354,-0.0658343771,1.0560832877,-0.3047524778,2.4409147215
0.0680382669,0.1528993696,-0.0652915383,1.0573449279,-0.3056921135,2.4412316974
0.0671748656,0.1535776037,-0.0647486994,1.0586072979,-0.3066313988,2.4415500214
0.0663114643,0.1542558379,-0.0642058606,1.0598703990,-0.3075703307,2.4418696947
0.0654480629,0.1549340721,-0.0636630218,1.0611342321,-0.3085089066,2.4421907180
0.0645846616,0.1556123063,-0.0631201830,1.0623987986,-0.3094471234,2.4425130924
0.0637212603,0.1562905404,-0.0625773441,1.0636640995,-0.3103849784,2.4428368189
0.0628578590,0.1569687746,-0.0620345053,1.0649301361,-0.3113224687,2.4431618984
0.0619944577,0.1576470088,-0.0614916665,1.0661969093,-0.3122595914,2.4434883318
0.0611310564,0.1583252429,-0.0609488277,1.0674644205,-0.3131963438,2.4438161201
0.0602676550,0.1590034771,-0.0604059888,1.0687326707,-0.3141327230,2.4441452643
0.0594042537,0.1596817113,-0.0598631500,1.0700016610,-0.3150687262,2.4444757653
0.0585408524,0.1603599454,-0.0593203112,1.0712713927,-0.3160043504,2.4448076241
0.0576774511,0.1610381796,-0.0587774724,1.0725418668,-0.3169395928,2.4451408415
0.0568140498,0.1617164138,-0.0582346335,1.0738130844,-0.3178744506,2.4454754186
0.0559506485,0.1623946479,-0.0576917947,1.0750850468,-0.3188089209,2.4458113562
0.0550872472,0.1630728821,-0.0571489559,1.0763577550,-0.3197430009,2.4461486553
0.0542238458,0.1637511163,-0.0566061170,1.0776312102,-0.3206766877,2.4464873169
0.0533604445,0.1644293505,-0.0560632782,1.0789054135,-0.3216099785,2.4468273418
0.0524970432,0.1651075846,-0.0555204394,1.0801803660,-0.3225428703,2.4471687309
0.0516336419,0.1657858188,-0.0549776006,1.0814560688,-0.3234753604,2.4475114853
0.0507702406,0.1664640530,-0.0544347617,1.0827325231,-0.3244074458,2.4478556058
0.0499068393,0.1671422871,-0.0538919229,1.0840097299,-0.3253391238,2.4482010932
0.0490434380,0.1678205213,-0.0533490841,1.0852876904,-0.3262703914,2.4485479486
0.0481800366,0.1684987555,-0.0528062453,1.0865664057,-0.3272012457,2.4488961728
0.0473166353,0.1691769896,-0.0522634064,1.0878458768,-0.3281316840,2.4492457668
0.0464532340,0.1698552238,-0.0517205676,1.0891261050,-0.3290617034,2.4495967314
0.0455898327,0.1705334580,-0.0511777288,1.0904070913,-0.3299913009,2.4499490675
0.0447264314,0.1712116921,-0.0506348900,1.0916888367,-0.3309204737,2.4503027760
0.0438630301,0.1718899263,-0.0500920511,1.0929713424,-0.3318492190,2.4506578578
0.0429996287,0.1725681605,-0.0495492123,1.0942546096,-0.3327775339,2.4510143138
0.0421362274,0.1732463947,-0.0490063735,1.0955386391,-0.3337054154,2.4513721449
0.0412728261,0.1739246288,-0.0484635347,1.0968234323,-0.3346328608,2.4517313519
0.0404094248,0.1746028630,-0.0479206958,1.0981089901,-0.3355598672,2.4520919358
0.0395460235,0.1752810972,-0.0473778570,1.0993953136,-0.3364864316,2.4524538973
0.0386826222,0.1759593313,-0.0468350182,1.1006824040,-0.3374125513,2.4528172374
0.0378192209,0.1766375655,-0.0462921794,1.1019702622,-0.3383382233,2.4531819569
0.0369558195,0.1773157997,-0.0457493405,1.1032588893,-0.3392634447,2.4535480567
0.0360924182,0.1779940338,-0.0452065017,1.1045482865,-0.3401882128,2.4539155377
0.0352290169,0.1786722680,-0.0446636629,1.1058384548,-0.3411125245,2.4542844006
0.0343656156,0.1793505022,-0.0441208241,1.1071293953,-0.3420363771,2.4546546463
0.0335022143,0.1800287363,-0.0435779852,1.1084211089,-0.3429597676,2.4550262758
0.0326388130,0.1807069705,-0.0430351464,1.1097135969,-0.3438826932,2.4553992897
0.0317754117,0.1813852047,-0.0424923076,1.1110068601,-0.3448051510,2.4557736890
0.0309120103,0.1820634388,-0.0419494687,1.1123008998,-0.3457271381,2.4561494745
0.0300486090,0.1827416730,-0.0414066299,1.1135957169,-0.3466486517,2.4565266470
0.0291852077,0.1834199072,-0.0408637911,1.1148913124,-0.3475696888,2.4569052073
0.0283218064,0.1840981414,-0.0403209523,1.1161876875,-0.3484902466,2.4572851563
0.0274584051,0.1847763755,-0.0397781134,1.1174848432,-0.3494103221,2.4576664948
0.0265950038,0.1854546097,-0.0392352746,1.1187827804,-0.3503299126,2.4580492236
0.0257316025,0.1861328439,-0.0386924358,1.1200815003,-0.3512490150,2.4584333434
0.0248682011,0.1868110780,-0.0381495970,1.1213810038,-0.3521676266,2.4588188552
0.0240047998,0.1874893122,-0.0376067581,1.1226812919,-0.3530857445,2.4592057597
0.0231413985,0.1881675464,-0.0370639193,1.1239823658,-0.3540033657,2.4595940576
0.0222779972,0.1888457805,-0.0365210805,1.1252842264,-0.3549204874,2.4599837499
0.0214145959,0.1895240147,-0.0359782417,1.1265868748,-0.3558371067,2.4603748372
0.0205511946,0.1902022489,-0.0354354028,1.1278903118,-0.3567532207,2.4607673203
0.0196877932,0.1908804830,-0.0348925640,1.1291945387,-0.3576688265,2.4611612002
0.0188243919,0.1915587172,-0.0343497252,1.1304995562,-0.3585839213,2.4615564774
0.0179609906,0.1922369514,-0.0338068864,1.1318053656,-0.3594985021,2.4619531528
0.0170975893,0.1929151856,-0.0332640475,1.1331119676,-0.3604125661,2.4623512271
0.0162341880,0.1935934197,-0.0327212087,1.1344193635,-0.3613261103,2.4627507012
0.0153707867,0.1942716539,-0.0321783699,1.1357275540,-0.3622391319,2.4631515757
0.0145073854,0.1949498881,-0.0316355311,1.1370365403,-0.3631516280,2.4635538514
0.0136439840,0.1956281222,-0.0310926922,1.1383463232,-0.3640635957,2.4639575291
0.0127805827,0.1963063564,-0.0305498534,1.1396569039,-0.3649750321,2.4643626095
0.0119171814,0.1969845906,-0.0300070146,1.1409682832,-0.3658859344,2.4647690933
0.0101903788,0.1983410589,-0.0289213369,1.1435934415,-0.3677061248,2.4655862742
0.0098318544,0.1987429429,-0.0284059647,1.1447250203,-0.3684053382,2.4649224569
0.0094733299,0.1991448269,-0.0278905925,1.1458564227,-0.3691052615,2.4642592999
0.0091148055,0.1995467108,-0.0273752203,1.1469876479,-0.3698058928,2.4635968045
0.0087562811,0.1999485948,-0.0268598481,1.1481186951,-0.3705072303,2.4629349723
0.0083977567,0.2003504788,-0.0263444759,1.1492495635,-0.3712092718,2.4622738048
0.0080392323,0.2007523627,-0.0258291036,1.1503802522,-0.3719120155,2.4616133034
0.0076807078,0.2011542467,-0.0253137314,1.1515107606,-0.3726154594,2.4609534697
0.0073221834,0.2015561307,-0.0247983592,1.1526410879,-0.3733196015,2.4602943052
0.0069636590,0.2019580147,-0.0242829870,1.1537712332,-0.3740244399,2.4596358112
0.0066051346,0.2023598986,-0.0237676148,1.1549011958,-0.3747299725,2.4589779894
0.0062466102,0.2027617826,-0.0232522426,1.1560309749,-0.3754361974,2.4583208412
0.0058880857,0.2031636666,-0.0227368703,1.1571605698,-0.3761431127,2.4576643680
0.0055295613,0.2035655506,-0.0222214981,1.1582899798,-0.3768507163,2.4570085713
0.0051710369,0.2039674345,-0.0217061259,1.1594192039,-0.3775590061,2.4563534526
0.0048125125,0.2043693185,-0.0211907537,1.1605482416,-0.3782679804,2.4556990134
0.0044539881,0.2047712025,-0.0206753815,1.1616770921,-0.3789776369,2.4550452551
0.0040954636,0.2051730865,-0.0201600093,1.1628057545,-0.3796879738,2.4543921791
0.0037369392,0.2055749704,-0.0196446371,1.1639342283,-0.3803989891,2.4537397870
0.0033784148,0.2059768544,-0.0191292648,1.1650625126,-0.3811106806,2.4530880801
0.0030198904,0.2063787384,-0.0186138926,1.1661906068,-0.3818230464,2.4524370600
0.0023028415,0.2071825063,-0.0175831482,1.1684462217,-0.3832497929,2.4511370857
0.0014293879,0.2078694273,-0.0169472475,1.1697630336,-0.3840167794,2.4513620119
0.0005559343,0.2085563483,-0.0163113468,1.1710804842,-0.3847835161,2.4515881049
-0.0003175194,0.2092432694,-0.0156754461,1.1723985738,-0.3855500007,2.4518153656
-0.0011909730,0.2099301904,-0.0150395454,1.1737173031,-0.3863162309,2.4520437946
-0.0020644266,0.2106171114,-0.0144036447,1.1750366726,-0.3870822043,2.4522733928
-0.0029378803,0.2113040324,-0.0137677440,1.1763566828,-0.3878479187,2.4525041610
-0.0038113339,0.2119909534,-0.0131318433,1.1776773343,-0.3886133717,2.4527361000
-0.0046847876,0.2126778744,-0.0124959426,1.1789986275,-0.3893785611,2.4529692105
-0.0055582412,0.2133647955,-0.0118600419,1.1803205630,-0.3901434845,2.4532034933
-0.0064316948,0.2140517165,-0.0112241412,1.1816431413,-0.3909081396,2.4534389492
-0.0073051485,0.2147386375,-0.0105882405,1.1829663630,-0.3916725242,2.4536755790
-0.0081786021,0.2154255585,-0.0099523398,1.1842902285,-0.3924366358,2.4539133834
-0.0090520557,0.2161124795,-0.0093164391,1.1856147383,-0.3932004721,2.4541523632
-0.0099255094,0.2167994005,-0.0086805384,1.1869398929,-0.3939640310,2.4543925192
-0.0107989630,0.2174863216,-0.0080446377,1.1882656930,-0.3947273099,2.4546338521
-0.0116724167,0.2181732426,-0.0074087370,1.1895921389,-0.3954903067,2.4548763626
-0.0125458703,0.2188601636,-0.0067728363,1.1909192311,-0.3962530190,2.4551200515
-0.0134193239,0.2195470846,-0.0061369356,1.1922469703,-0.3970154445,2.4553649196
-0.0142927776,0.2202340056,-0.0055010349,1.1935753568,-0.3977775808,2.4556109676
-0.0151662312,0.2209209266,-0.0048651342,1.1949043912,-0.3985394256,2.4558581962
-0.0160396848,0.2216078477,-0.0042292334,1.1962340739,-0.3993009767,2.4561066061
-0.0169131385,0.2222947687,-0.0035933327,1.1975644054,-0.4000622317,2.4563561982
-0.0177865921,0.2229816897,-0.0029574320,1.1988953863,-0.4008231883,2.4566069730
-0.0186600458,0.2236686107,-0.0023215313,1.2002270171,-0.4015838441,2.4568589314
-0.0195334994,0.2243555317,-0.0016856306,1.2015592981,-0.4023441968,2.4571120740
-0.0204069530,0.2250424527,-0.0010497299,1.2028922299,-0.4031042441,2.4573664017
-0.0212804067,0.2257293738,-0.0004138292,1.2042258130,-0.4038639838,2.4576219149
-0.0221538603,0.2264162948,0.0002220715,1.2055600478,-0.4046234133,2.4578786146
-0.0230273139,0.2271032158,0.0008579722,1.2068949348,-0.4053825305,2.4581365013
-0.0239007676,0.2277901368,0.0014938729,1.2082304745,-0.4061413330,2.4583955758
-0.0247742212,0.2284770578,0.0021297736,1.2095666674,-0.4068998184,2.4586558388
-0.0256476749,0.2291639788,0.0027656743,1.2109035138,-0.4076579845,2.4589172909
-0.0265211285,0.2298508999,0.0034015750,1.2122410144,-0.4084158289,2.4591799329
-0.0273945821,0.2305378209,0.0040374757,1.2135791695,-0.4091733493,2.4594437653
-0.0282680358,0.2312247419,0.0046733764,1.2149179796,-0.4099305434,2.4597087890
-0.0291414894,0.2319116629,0.0053092771,1.2162574451,-0.4106874087,2.4599750046
-0.0300149430,0.2325985839,0.0059451778,1.2175975666,-0.4114439431,2.4602424127
-0.0308883967,0.2332855049,0.0065810785,1.2189383444,-0.4122001441,2.4605110140
-0.0317618503,0.2339724260,0.0072169792,1.2202797790,-0.4129560095,2.4607808091
-0.0326353040,0.2346593470,0.0078528799,1.2216218708,-0.4137115368,2.4610517988
-0.0335087576,0.2353462680,0.0084887806,1.2229646204,-0.4144667238,2.4613239836
-0.0343822112,0.2360331890,0.0091246813,1.2243080280,-0.4152215682,2.4615973642
-0.0352556649,0.2367201100,0.0097605820,1.2256520942,-0.4159760675,2.4618719413
-0.0361291185,0.2374070310,0.0103964827,1.2269968194,-0.4167302196,2.4621477155
-0.0370025721,0.2380939521,0.0110323834,1.2283422040,-0.4174840219,2.4624246874
-0.0378760258,0.2387808731,0.0116682841,1.2296882485,-0.4182374723,2.4627028577
-0.0387494794,0.2394677941,0.0123041848,1.2310349533,-0.4189905683,2.4629822270
-0.0396229331,0.2401547151,0.0129400855,1.2323823187,-0.4197433077,2.4632627958
-0.0404963867,0.2408416361,0.0135759862,1.2337303452,-0.4204956881,2.4635445649
-0.0413698403,0.2415285571,0.0142118869,1.2350790333,-0.4212477071,2.4638275348
-0.0422432940,0.2422154782,0.0148477876,1.2364283833,-0.4219993625,2.4641117061
-0.0431167476,0.2429023992,0.0154836883,1.2377783956,-0.4227506519,2.4643970795
-0.0439902012,0.2435893202,0.0161195890,1.2391290707,-0.4235015729,2.4646836555
-0.0448636549,0.2442762412,0.0167554897,1.2404804089,-0.4242521232,2.4649714347
-0.0457371085,0.2449631622,0.0173913904,1.2418324107,-0.4250023006,2.4652604178
-0.0466105622,0.2456500832,0.0180272911,1.2431850764,-0.4257521026,2.4655506052
-0.0474840158,0.2463370043,0.0186631918,1.2445384065,-0.4265015269,2.4658419977
-0.0483574694,0.2470239253,0.0192990925,1.2458924013,-0.4272505712,2.4661345957
-0.0492309231,0.2477108463,0.0199349932,1.2472470611,-0.4279992332,2.4664283998
-0.0501043767,0.2483977673,0.0205708939,1.2486023865,-0.4287475104,2.4667234106
-0.0509778303,0.2490846883,0.0212067946,1.2499583778,-0.4294954007,2.4670196287
-0.0518512840,0.2497716093,0.0218426954,1.2513150353,-0.4302429015,2.4673170545
-0.0535981913,0.2511454514,0.0231144968,1.2540303505,-0.4317367259,2.4679155319
-0.0545179958,0.2518666705,0.0239102539,1.2551235350,-0.4324077939,2.4676940273
-0.0554378004,0.2525878895,0.0247060110,1.2562169393,-0.4330791088,2.4674732534
-0.0563576049,0.2533091086,0.0255017682,1.2573105636,-0.4337506692,2.4672532112
-0.0572774094,0.2540303277,0.0262975253,1.2584044082,-0.4344224739,2.4670339017
-0.0581972140,0.2547515468,0.0270932824,1.2594984732,-0.4350945213,2.4668153259
-0.0591170185,0.2554727658,0.0278890396,1.2605927589,-0.4357668101,2.4665974850
-0.0600368231,0.2561939849,0.0286847967,1.2616872653,-0.4364393389,2.4663803798
-0.0609566276,0.2569152040,0.0294805539,1.2627819929,-0.4371121064,2.4661640115
-0.0618764322,0.2576364231,0.0302763110,1.2638769416,-0.4377851112,2.4659483810
-0.0627962367,0.2583576421,0.0310720681,1.2649721118,-0.4384583518,2.4657334894
-0.0637160413,0.2590788612,0.0318678253,1.2660675036,-0.4391318269,2.4655193377
-0.0646358458,0.2598000803,0.0326635824,1.2671631173,-0.4398055350,2.4653059270
-0.0655556504,0.2605212994,0.0334593395,1.2682589531,-0.4404794749,2.4650932582
-0.0664754549,0.2612425184,0.0342550967,1.2693550111,-0.4411536451,2.4648813324
-0.0673952595,0.2619637375,0.0350508538,1.2704512917,-0.4418280442,2.4646701505
-0.0683150640,0.2626849566,0.0358466109,1.2715477949,-0.4425026708,2.4644597138
-0.0692348686,0.2634061757,0.0366423681,1.2726445211,-0.4431775236,2.4642500230
-0.0701546731,0.2641273947,0.0374381252,1.2737414704,-0.4438526010,2.4640410793
-0.0710744777,0.2648486138,0.0382338824,1.2748386432,-0.4445279018,2.4638328837
-0.0719942822,0.2655698329,0.0390296395,1.2759360395,-0.4452034245,2.4636254372
-0.0729140868,0.2662910520,0.0398253966,1.2770336596,-0.4458791677,2.4634187409
-0.0738338913,0.2670122710,0.0406211538,1.2781315038,-0.4465551300,2.4632127956
-0.0747536958,0.2677334901,0.0414169109,1.2792295723,-0.4472313101,2.4630076026
-0.0756735004,0.2684547092,0.0422126680,1.2803278653,-0.4479077064,2.4628031627
-0.0765933049,0.2691759283,0.0430084252,1.2814263830,-0.4485843176,2.4625994770
-0.0775131095,0.2698971473,0.0438041823,1.2825251258,-0.4492611423,2.4623965465
-0.0784329140,0.2706183664,0.0445999395,1.2836240937,-0.4499381790,2.4621943722
-0.0793527186,0.2713395855,0.0453956966,1.2847232871,-0.4506154265,2.4619929551
-0.0802725231,0.2720608046,0.0461914537,1.2858227062,-0.4512928831,2.4617922963
-0.0811923277,0.2727820236,0.0469872109,1.2869223512,-0.4519705476,2.4615923968
-0.0821121322,0.2735032427,0.0477829680,1.2880222224,-0.4526484185,2.4613932576
-0.0830319368,0.2742244618,0.0485787251,1.2891223201,-0.4533264943,2.4611948796
-0.0839517413,0.2749456809,0.0493744823,1.2902226444,-0.4540047738,2.4609972639
-0.0848715459,0.2756668999,0.0501702394,1.2913231956,-0.4546832554,2.4608004115
-0.0857913504,0.2763881190,0.0509659966,1.2924239740,-0.4553619377,2.4606043235
-0.0867111550,0.2771093381,0.0517617537,1.2935249799,-0.4560408193,2.4604090008
-0.0876309595,0.2778305572,0.0525575108,1.2946262134,-0.4567198988,2.4602144444
-0.0885507641,0.2785517762,0.0533532680,1.2957276749,-0.4573991747,2.4600206553
-0.0894705686,0.2792729953,0.0541490251,1.2968293645,-0.4580786457,2.4598276346
-0.0903903732,0.2799942144,0.0549447822,1.2979312826,-0.4587583103,2.4596353833
-0.0913101777,0.2807154335,0.0557405394,1.2990334295,-0.4594381670,2.4594439023
-0.0922299823,0.2814366525,0.0565362965,1.3001358053,-0.4601182144,2.4592531927
-0.0931497868,0.2821578716,0.0573320536,1.3012384103,-0.4607984512,2.4590632554
-0.0940695913,0.2828790907,0.0581278108,1.3023412449,-0.4614788758,2.4588740916
-0.0949893959,0.2836003098,0.0589235679,1.3034443092,-0.4621594869,2.4586857021
-0.0959092004,0.2843215288,0.0597193251,1.3045476036,-0.4628402829,2.4584980880
-0.0968290050,0.2850427479,0.0605150822,1.3056511284,-0.4635212626,2.4583112502
-0.0977488095,0.2857639670,0.0613108393,1.3067548837,-0.4642024243,2.4581251899
-0.0986686141,0.2864851861,0.0621065965,1.3078588699,-0.4648837667,2.4579399079
-0.0995884186,0.2872064051,0.0629023536,1.3089630873,-0.4655652883,2.4577554054
-0.1005082232,0.2879276242,0.0636981107,1.3100675360,-0.4662469878,2.4575716832
-0.1014280277,0.2886488433,0.0644938679,1.3111722165,-0.4669288636,2.4573887424
-0.1023478323,0.2893700624,0.0652896250,1.3122771290,-0.4676109143,2.4572065839
-0.1032676368,0.2900912814,0.0660853822,1.3133822738,-0.4682931384,2.4570252089
-0.1041874414,0.2908125005,0.0668811393,1.3144876512,-0.4689755346,2.4568446182
-0.1051072459,0.2915337196,0.0676768964,1.3155932614,-0.4696581013,2.4566648129
-0.1060270505,0.2922549387,0.0684726536,1.3166991047,-0.4703408372,2.4564857940
-0.1069468550,0.2929761577,0.0692684107,1.3178051815,-0.4710237407,2.4563075624
-0.1078666596,0.2936973768,0.0700641678,1.3189114920,-0.4717068104,2.4561301191
-0.1087864641,0.2944185959,0.0708599250,1.3200180365,-0.4723900449,2.4559534653
-0.1097062687,0.2951398150,0.0716556821,1.3211248154,-0.4730734427,2.4557776017
-0.1106260732,0.2958610340,0.0724514393,1.3222318288,-0.4737570024,2.4556025295
-0.1115458777,0.2965822531,0.0732471964,1.3233390772,-0.4744407224,2.4554282496
-0.1124656823,0.2973034722,0.0740429535,1.3244465609,-0.4751246014,2.4552547630
-0.1133854868,0.2980246913,0.0748387107,1.3255542800,-0.4758086379,2.4550820708
-0.1143052914,0.2987459103,0.0756344678,1.3266622350,-0.4764928304,2.4549101738
-0.1152250959,0.2994671294,0.0764302249,1.3277704261,-0.4771771775,2.4547390731
-0.1161449005,0.3001883485,0.0772259821,1.3288788537,-0.4778616776,2.4545687696
-0.1170647050,0.3009095676,0.0780217392,1.3299875180,-0.4785463294,2.4543992645
-0.1179845096,0.3016307866,0.0788174964,1.3310964194,-0.4792311314,2.4542305585
-0.1189043141,0.3023520057,0.0796132535,1.3322055582,-0.4799160821,2.4540626528
-0.1198241187,0.3030732248,0.0804090106,1.3333149347,-0.4806011800,2.4538955483
-0.1207439232,0.3037944439,0.0812047678,1.3344245493,-0.4812864237,2.4537292460
-0.1216637278,0.3045156629,0.0820005249,1.3355344021,-0.4819718118,2.4535637469
-0.1225835323,0.3052368820,0.0827962820,1.3366444937,-0.4826573426,2.4533990519
-0.1235033369,0.3059581011,0.0835920392,1.3377548242,-0.4833430149,2.4532351621
-0.1244231414,0.3066793202,0.0843877963,1.3388653940,-0.4840288270,2.4530720784
-0.1253429460,0.3074005392,0.0851835534,1.3399762035,-0.4847147776,2.4529098018
-0.1262627505,0.3081217583,0.0859793106,1.3410872529,-0.4854008651,2.4527483333
-0.1271825551,0.3088429774,0.0867750677,1.3421985426,-0.4860870881,2.4525876739
-0.1281023596,0.3095641965,0.0875708249,1.3433100730,-0.4867734452,2.4524278245
-0.1290221641,0.3102854155,0.0883665820,1.3444218443,-0.4874599348,2.4522687861
-0.1299419687,0.3110066346,0.0891623391,1.3455338569,-0.4881465554,2.4521105597
-0.1308617732,0.3117278537,0.0899580963,1.3466461111,-0.4888333056,2.4519531463
-0.1317815778,0.3124490728,0.0907538534,1.3477586073,-0.4895201840,2.4517965469
-0.1327013823,0.3131702918,0.0915496105,1.3488713458,-0.4902071889,2.4516407623
-0.1345409914,0.3146127300,0.0931411248,1.3510975511,-0.4915815728,2.4513316420
-0.1356058930,0.3155737906,0.0938238792,1.3509548860,-0.4916869674,2.4506493929
-0.1366707946,0.3165348512,0.0945066335,1.3508121312,-0.4917922763,2.4499670876
-0.1377356961,0.3174959118,0.0951893879,1.3506692867,-0.4918974994,2.4492847262
-0.1388005977,0.3184569724,0.0958721422,1.3505263527,-0.4920026366,2.4486023089
-0.1398654993,0.3194180331,0.0965548966,1.3503833292,-0.4921076879,2.4479198359
-0.1409304008,0.3203790937,0.0972376510,1.3502402162,-0.4922126531,2.4472373072
-0.1419953024,0.3213401543,0.0979204053,1.3500970140,-0.4923175322,2.4465547231
-0.1430602040,0.3223012149,0.0986031597,1.3499537225,-0.4924223251,2.4458720837
-0.1441251055,0.3232622755,0.0992859140,1.3498103419,-0.4925270318,2.4451893892
-0.1451900071,0.3242233361,0.0999686684,1.3496668722,-0.4926316521,2.4445066397
-0.1473198102,0.3261454574,0.1013341771,1.3493796659,-0.4928406333,2.4431409764
-0.1484972881,0.3273377995,0.1020319785,1.3493188564,-0.4933741176,2.4427553524
-0.1496747659,0.3285301416,0.1027297800,1.3492577955,-0.4939075833,2.4423695793
-0.1508522438,0.3297224837,0.1034275814,1.3491964830,-0.4944410302,2.4419836569
-0.1520297216,0.3309148258,0.1041253829,1.3491349187,-0.4949744581,2.4415975848
-0.1532071995,0.3321071680,0.1048231843,1.3490731024,-0.4955078668,2.4412113630
-0.1543846773,0.3332995101,0.1055209857,1.3490110339,-0.4960412561,2.4408249909
-0.1555621551,0.3344918522,0.1062187872,1.3489487128,-0.4965746258,2.4404384685
-0.1567396330,0.3356841943,0.1069165886,1.3488861389,-0.4971079758,2.4400517955
-0.1579171108,0.3368765364,0.1076143900,1.3488233122,-0.4976413057,2.4396649715
-0.1590945887,0.3380688786,0.1083121915,1.3487602322,-0.4981746155,2.4392779963
-0.1602720665,0.3392612207,0.1090099929,1.3486968987,-0.4987079048,2.4388908697
-0.1614495444,0.3404535628,0.1097077944,1.3486333116,-0.4992411736,2.4385035914
-0.1626270222,0.3416459049,0.1104055958,1.3485694706,-0.4997744216,2.4381161611
-0.1638045001,0.3428382470,0.1111033972,1.3485053754,-0.5003076487,2.4377285785
-0.1649819779,0.3440305891,0.1118011987,1.3484410259,-0.5008408545,2.4373408434
-0.1661594557,0.3452229313,0.1124990001,1.3483764217,-0.5013740390,2.4369529555
-0.1673369336,0.3464152734,0.1131968016,1.3483115627,-0.5019072019,2.4365649146
-0.1685144114,0.3476076155,0.1138946030,1.3482464485,-0.5024403430,2.4361767204
-0.1696918893,0.3487999576,0.1145924044,1.3481810791,-0.5029734621,2.4357883725
-0.1708693671,0.3499922997,0.1152902059,1.3481154541,-0.5035065590,2.4353998709
-0.1720468450,0.3511846419,0.1159880073,1.3480495733,-0.5040396336,2.4350112150
-0.1732243228,0.3523769840,0.1166858088,1.3479834364,-0.5045726856,2.4346224048
-0.1744018006,0.3535693261,0.1173836102,1.3479170433,-0.5051057148,2.4342334400
-0.1755792785,0.3547616682,0.1180814116,1.3478503936,-0.5056387210,2.4338443201
-0.1767567563,0.3559540103,0.1187792131,1.3477834872,-0.5061717041,2.4334550451
-0.1779342342,0.3571463524,0.1194770145,1.3477163238,-0.5067046637,2.4330656146
-0.1791117120,0.3583386946,0.1201748160,1.3476489031,-0.5072375998,2.4326760283
-0.1802891899,0.3595310367,0.1208726174,1.3475812250,-0.5077705121,2.4322862861
-0.1814666677,0.3607233788,0.1215704188,1.3475132891,-0.5083034005,2.4318963875
-0.1826441456,0.3619157209,0.1222682203,1.3474450953,-0.5088362646,2.4315063323
-0.1838216234,0.3631080630,0.1229660217,1.3473766432,-0.5093691044,2.4311161203
-0.1849991012,0.3643004052,0.1236638232,1.3473079327,-0.5099019195,2.4307257512
-0.1861765791,0.3654927473,0.1243616246,1.3472389635,-0.5104347099,2.4303352247
-0.1873540569,0.3666850894,0.1250594260,1.3471697354,-0.5109674753,2.4299445406
-0.1885315348,0.3678774315,0.1257572275,1.3471002481,-0.5115002155,2.4295536985
-0.1897090126,0.3690697736,0.1264550289,1.3470305014,-0.5120329304,2.4291626982
-0.1908864905,0.3702621158,0.1271528303,1.3469604950,-0.5125656196,2.4287715394
-0.1920639683,0.3714544579,0.1278506318,1.3468902287,-0.5130982831,2.4283802218
-0.1944189240,0.3738391421,0.1292462347,1.3467489154,-0.5141635318,2.4275971093
-0.1954513956,0.3749379302,0.1294161074,1.3453305930,-0.5141214007,2.4269140219
-0.1964838672,0.3760367183,0.1295859802,1.3439122980,-0.5140784249,2.4262310010
-0.1975163388,0.3771355064,0.1297558529,1.3424940328,-0.5140346044,2.4255480487
-0.1985488105,0.3782342944,0.1299257257,1.3410757998,-0.5139899394,2.4248651673
-0.1995812821,0.3793330825,0.1300955984,1.3396576015,-0.5139444299,2.4241823589
-0.2006137537,0.3804318706,0.1302654712,1.3382394401,-0.5138980760,2.4234996259
-0.2016462253,0.3815306587,0.1304353439,1.3368213182,-0.5138508779,2.4228169703
-0.2026786969,0.3826294468,0.1306052167,1.3354032381,-0.5138028357,2.4221343945
-0.2037111685,0.3837282348,0.1307750894,1.3339852024,-0.5137539495,2.4214519006
-0.2047436402,0.3848270229,0.1309449622,1.3325672132,-0.5137042193,2.4207694908
-0.2057761118,0.3859258110,0.1311148349,1.3311492732,-0.5136536454,2.4200871674
-0.2068085834,0.3870245991,0.1312847077,1.3297313846,-0.5136022279,2.4194049326
-0.2078410550,0.3881233872,0.1314545805,1.3283135500,-0.5135499669,2.4187227886
-0.2088735266,0.3892221752,0.1316244532,1.3268957716,-0.5134968625,2.4180407376
-0.2099059983,0.3903209633,0.1317943260,1.3254780519,-0.5134429150,2.4173587817
-0.2109384699,0.3914197514,0.1319641987,1.3240603934,-0.5133881244,2.4166769233
-0.2119709415,0.3925185395,0.1321340715,1.3226427984,-0.5133324910,2.4159951645
-0.2130034131,0.3936173276,0.1323039442,1.3212252692,-0.5132760148,2.4153135075
-0.2140358847,0.3947161157,0.1324738170,1.3198078084,-0.5132186961,2.4146319546
-0.2150683563,0.3958149037,0.1326436897,1.3183904183,-0.5131605350,2.4139505078
-0.2161008280,0.3969136918,0.1328135625,1.3169731013,-0.5131015317,2.4132691695
-0.2171332996,0.3980124799,0.1329834352,1.3155558598,-0.5130416865,2.4125879418
-0.2181657712,0.3991112680,0.1331533080,1.3141386962,-0.5129809994,2.4119068270
-0.2191982428,0.4002100561,0.1333231807,1.3127216130,-0.5129194707,2.4112258271
-0.2202307144,0.4013088441,0.1334930535,1.3113046124,-0.5128571006,2.4105449445
-0.2212631860,0.4024076322,0.1336629262,1.3098876969,-0.5127938893,2.4098641813
-0.2222956577,0.4035064203,0.1338327990,1.3084708688,-0.5127298370,2.4091835398
-0.2233281293,0.4046052084,0.1340026718,1.3070541306,-0.5126649439,2.4085030220
-0.2243606009,0.4057039965,0.1341725445,1.3056374847,-0.5125992102,2.4078226302
-0.2253930725,0.4068027845,0.1343424173,1.3042209334,-0.5125326362,2.4071423666
-0.2264255441,0.4079015726,0.1345122900,1.3028044792,-0.5124652221,2.4064622333
-0.2274580158,0.4090003607,0.1346821628,1.3013881243,-0.5123969681,2.4057822327
-0.2284904874,0.4100991488,0.1348520355,1.2999718713,-0.5123278745,2.4051023667
-0.2295229590,0.4111979369,0.1350219083,1.2985557224,-0.5122579415,2.4044226377
-0.2305554306,0.4122967250,0.1351917810,1.2971396800,-0.5121871694,2.4037430478
-0.2315879022,0.4133955130,0.1353616538,1.2957237466,-0.5121155584,2.4030635992
-0.2326203738,0.4144943011,0.1355315265,1.2943079245,-0.5120431088,2.4023842941
-0.2336528455,0.4155930892,0.1357013993,1.2928922161,-0.5119698208,2.4017051346
-0.2346853171,0.4166918773,0.1358712720,1.2914766237,-0.5118956947,2.4010261229
-0.2357177887,0.4177906654,0.1360411448,1.2900611498,-0.5118207308,2.4003472612
-0.2367502603,0.4188894534,0.1362110175,1.2886457966,-0.5117449294,2.3996685516
-0.2377827319,0.4199882415,0.1363808903,1.2872305666,-0.5116682907,2.3989899964
-0.2388152036,0.4210870296,0.1365507631,1.2858154621,-0.5115908151,2.3983115977
-0.2398476752,0.4221858177,0.1367206358,1.2844004855,-0.5115125028,2.3976333577
-0.2408801468,0.4232846058,0.1368905086,1.2829856392,-0.5114333542,2.3969552785
-0.2419126184,0.4243833938,0.1370603813,1.2815709254,-0.5113533695,2.3962773622
-0.2429450900,0.4254821819,0.1372302541,1.2801563466,-0.5112725491,2.3955996112
-0.2439775616,0.4265809700,0.1374001268,1.2787419052,-0.5111908932,2.3949220274
-0.2450100333,0.4276797581,0.1375699996,1.2773276034,-0.5111084022,2.3942446131
-0.2460425049,0.4287785462,0.1377398723,1.2759134437,-0.5110250765,2.3935673704
-0.2470749765,0.4298773342,0.1379097451,1.2744994283,-0.5109409163,2.3928903015
-0.2481074481,0.4309761223,0.1380796178,1.2730855597,-0.5108559219,2.3922134086
-0.2491399197,0.4320749104,0.1382494906,1.2716718402,-0.5107700938,2.3915366936
-0.2501723913,0.4331736985,0.1384193633,1.2702582720,-0.5106834323,2.3908601590
-0.2512048630,0.4342724866,0.1385892361,1.2688448577,-0.5105959376,2.3901838066
-0.2522373346,0.4353712747,0.1387591088,1.2674315994,-0.5105076102,2.3895076388
-0.2532698062,0.4364700627,0.1389289816,1.2660184996,-0.5104184505,2.3888316576
-0.2543022778,0.4375688508,0.1390988543,1.2646055605,-0.5103284587,2.3881558651
-0.2553347494,0.4386676389,0.1392687271,1.2631927846,-0.5102376353,2.3874802636
-0.2563672211,0.4397664270,0.1394385999,1.2617801741,-0.5101459807,2.3868048551
-0.2573996927,0.4408652151,0.1396084726,1.2603677313,-0.5100534951,2.3861296418
-0.2584321643,0.4419640031,0.1397783454,1.2589554587,-0.5099601790,2.3854546258
-0.2594646359,0.4430627912,0.1399482181,1.2575433585,-0.5098660328,2.3847798092
-0.2604971075,0.4441615793,0.1401180909,1.2561314330,-0.5097710569,2.3841051942
-0.2615295791,0.4452603674,0.1402879636,1.2547196845,-0.5096752517,2.3834307828
-0.2625620508,0.4463591555,0.1404578364,1.2533081155,-0.5095786175,2.3827565772
-0.2635945224,0.4474579435,0.1406277091,1.2518967281,-0.5094811548,2.3820825796
-0.2646269940,0.4485567316,0.1407975819,1.2504855247,-0.5093828640,2.3814087919
-0.2656594656,0.4496555197,0.1409674546,1.2490745077,-0.5092837455,2.3807352163
-0.2666919372,0.4507543078,0.1411373274,1.2476636792,-0.5091837998,2.3800618550
-0.2677244088,0.4518530959,0.1413072001,1.2462530417,-0.5090830272,2.3793887100
-0.2687568805,0.4529518840,0.1414770729,1.2448425974,-0.5089814282,2.3787157834
-0.2697893521,0.4540506720,0.1416469456,1.2434323486,-0.5088790032,2.3780430774
-0.2708218237,0.4551494601,0.1418168184,1.2420222976,-0.5087757527,2.3773705940
-0.2728867669,0.4573470363,0.1421565639,1.2392027983,-0.5085667769,2.3760263035
-0.2733834612,0.4581330169,0.1423203265,1.2378786167,-0.5092263069,2.3744936810
-0.2738801554,0.4589189976,0.1424840891,1.2365527708,-0.5098840730,2.3729594716
-0.2743768496,0.4597049782,0.1426478517,1.2352252636,-0.5105400710,2.3714236782
-0.2748735439,0.4604909588,0.1428116143,1.2338960983,-0.5111942965,2.3698863039
-0.2753702381,0.4612769395,0.1429753769,1.2325652780,-0.5118467453,2.3683473519
-0.2758669323,0.4620629201,0.1431391395,1.2312328059,-0.5124974132,2.3668068254
-0.2763636266,0.4628489008,0.1433029021,1.2298986853,-0.5131462959,2.3652647275
-0.2768603208,0.4636348814,0.1434666647,1.2285629194,-0.5137933892,2.3637210615
-0.2773570150,0.4644208620,0.1436304273,1.2272255116,-0.5144386889,2.3621758307
-0.2778537093,0.4652068427,0.1437941899,1.2258864651,-0.5150821907,2.3606290382
-0.2783504035,0.4659928233,0.1439579525,1.2245457834,-0.5157238906,2.3590806876
-0.2788470977,0.4667788040,0.1441217151,1.2232034698,-0.5163637841,2.3575307820
-0.2793437920,0.4675647846,0.1442854777,1.2218595279,-0.5170018673,2.3559793251
-0.2798404862,0.4683507652,0.1444492403,1.2205139610,-0.5176381360,2.3544263200
-0.2803371804,0.4691367459,0.1446130029,1.2191667726,-0.5182725859,2.3528717705
-0.2808338746,0.4699227265,0.1447767655,1.2178179664,-0.5189052129,2.3513156799
-0.2813305689,0.4707087072,0.1449405281,1.2164675459,-0.5195360130,2.3497580517
-0.2818272631,0.4714946878,0.1451042907,1.2151155147,-0.5201649820,2.3481988897
-0.2823239573,0.4722806684,0.1452680533,1.2137618765,-0.5207921157,2.3466381973
-0.2828206516,0.4730666491,0.1454318158,1.2124066349,-0.5214174101,2.3450759782
-0.2833173458,0.4738526297,0.1455955784,1.2110497936,-0.5220408610,2.3435122361
-0.2838140400,0.4746386104,0.1457593410,1.2096913564,-0.5226624645,2.3419469747
-0.2843107343,0.4754245910,0.1459231036,1.2083313271,-0.5232822165,2.3403801977
-0.2848074285,0.4762105716,0.1460868662,1.2069697095,-0.5239001128,2.3388119090
-0.2858008170,0.4777825329,0.1464143914,1.2042417248,-0.5251303224,2.3356708115
-0.2865381550,0.4787350202,0.1466695815,1.2025407350,-0.5248160055,2.3347395710
-0.2872754931,0.4796875076,0.1469247716,1.2008403305,-0.5245003068,2.3338090844
-0.2880128311,0.4806399949,0.1471799616,1.1991405152,-0.5241832278,2.3328793557
-0.2887501692,0.4815924822,0.1474351517,1.1974412934,-0.5238647702,2.3319503887
-0.2894875072,0.4825449695,0.1476903417,1.1957426692,-0.5235449357,2.3310221875
-0.2902248453,0.4834974569,0.1479455318,1.1940446466,-0.5232237260,2.3300947560
-0.2909621833,0.4844499442,0.1482007219,1.1923472298,-0.5229011427,2.3291680979
-0.2916995213,0.4854024315,0.1484559119,1.1906504227,-0.5225771876,2.3282422173
-0.2924368594,0.4863549188,0.1487111020,1.1889542294,-0.5222518624,2.3273171179
-0.2931741974,0.4873074062,0.1489662920,1.1872586539,-0.5219251687,2.3263928037
-0.2939115355,0.4882598935,0.1492214821,1.1855637003,-0.5215971083,2.3254692785
-0.2946488735,0.4892123808,0.1494766722,1.1838693726,-0.5212676830,2.3245465460
-0.2953862116,0.4901648681,0.1497318622,1.1821756747,-0.5209368945,2.3236246102
-0.2961235496,0.4911173555,0.1499870523,1.1804826106,-0.5206047446,2.3227034748
-0.2968608877,0.4920698428,0.1502422423,1.1787901843,-0.5202712351,2.3217831436
-0.2975982257,0.4930223301,0.1504974324,1.1770983998,-0.5199363676,2.3208636204
-0.2983355638,0.4939748174,0.1507526225,1.1754072609,-0.5196001441,2.3199449089
-0.2990729018,0.4949273047,0.1510078125,1.1737167716,-0.5192625663,2.3190270129
-0.2998102399,0.4958797921,0.1512630026,1.1720269358,-0.5189236361,2.3181099361
-0.3005475779,0.4968322794,0.1515181926,1.1703377574,-0.5185833552,2.3171936822
-0.3012849160,0.4977847667,0.1517733827,1.1686492402,-0.5182417256,2.3162782549
-0.3020222540,0.4987372540,0.1520285728,1.1669613882,-0.5178987490,2.3153636579
-0.3027595921,0.4996897414,0.1522837628,1.1652742051,-0.5175544273,2.3144498949
-0.3034969301,0.5006422287,0.1525389529,1.1635876948,-0.5172087624,2.3135369694
-0.3042342682,0.5015947160,0.1527941429,1.1619018611,-0.5168617562,2.3126248853
-0.3049716062,0.5025472033,0.1530493330,1.1602167079,-0.5165134106,2.3117136460
-0.3057089443,0.5034996907,0.1533045231,1.1585322388,-0.5161637274,2.3108032553
-0.3064462823,0.5044521780,0.1535597131,1.1568484578,-0.5158127086,2.3098937166
-0.3071836203,0.5054046653,0.1538149032,1.1551653685,-0.5154603561,2.3089850336
-0.3079209584,0.5063571526,0.1540700933,1.1534829747,-0.5151066718,2.3080772098
-0.3086582964,0.5073096400,0.1543252833,1.1518012801,-0.5147516577,2.3071702489
-0.3093956345,0.5082621273,0.1545804734,1.1501202885,-0.5143953157,2.3062641542
-0.3101329725,0.5092146146,0.1548356634,1.1484400035,-0.5140376477,2.3053589294
-0.3108703106,0.5101671019,0.1550908535,1.1467604289,-0.5136786558,2.3044545780
-0.3116076486,0.5111195893,0.1553460436,1.1450815683,-0.5133183420,2.3035511034
-0.3123449867,0.5120720766,0.1556012336,1.1434034253,-0.5129567081,2.3026485091
-0.3130823247,0.5130245639,0.1558564237,1.1417260036,-0.5125937563,2.3017467986
-0.3138196628,0.5139770512,0.1561116137,1.1400493069,-0.5122294884,2.3008459753
-0.3145570008,0.5149295386,0.1563668038,1.1383733387,-0.5118639067,2.2999460427
-0.3152943389,0.5158820259,0.1566219939,1.1366981027,-0.5114970130,2.2990470042
-0.3160316769,0.5168345132,0.1568771839,1.1350236024,-0.5111288094,2.2981488631
-0.3167690150,0.5177870005,0.1571323740,1.1333498414,-0.5107592979,2.2972516229
-0.3175063530,0.5187394878,0.1573875640,1.1316768232,-0.5103884807,2.2963552869
-0.3182436911,0.5196919752,0.1576427541,1.1300045514,-0.5100163598,2.2954598585
-0.3189810291,0.5206444625,0.1578979442,1.1283330296,-0.5096429372,2.2945653410
-0.3197183672,0.5215969498,0.1581531342,1.1266622611,-0.5092682151,2.2936717378
-0.3204557052,0.5225494371,0.1584083243,1.1249922496,-0.5088921955,2.2927790521
-0.3211930433,0.5235019245,0.1586635143,1.1233229984,-0.5085148806,2.2918872872
-0.3219303813,0.5244544118,0.1589187044,1.1216545111,-0.5081362724,2.2909964464
-0.3226677194,0.5254068991,0.1591738945,1.1199867910,-0.5077563731,2.2901065330
-0.3234050574,0.5263593864,0.1594290845,1.1183198417,-0.5073751848,2.2892175502
-0.3241423954,0.5273118738,0.1596842746,1.1166536665,-0.5069927097,2.2883295013
-0.3248797335,0.5282643611,0.1599394646,1.1149882689,-0.5066089499,2.2874423894
-0.3256170715,0.5292168484,0.1601946547,1.1133236522,-0.5062239075,2.2865562178
-0.3263544096,0.5301693357,0.1604498448,1.1116598197,-0.5058375848,2.2856709896
-0.3270917476,0.5311218231,0.1607050348,1.1099967749,-0.5054499839,2.2847867080
-0.3278290857,0.5320743104,0.1609602249,1.1083345211,-0.5050611070,2.2839033762
-0.3285664237,0.5330267977,0.1612154150,1.1066730615,-0.5046709563,2.2830209972
-0.3293037618,0.5339792850,0.1614706050,1.1050123996,-0.5042795340,2.2821395742
-0.3300410998,0.5349317724,0.1617257951,1.1033525386,-0.5038868422,2.2812591104
-0.3307784379,0.5358842597,0.1619809851,1.1016934817,-0.5034928833,2.2803796087
-0.3315157759,0.5368367470,0.1622361752,1.1000352322,-0.5030976595,2.2795010723
-0.3322531140,0.5377892343,0.1624913653,1.0983777935,-0.5027011730,2.2786235042
-0.3329904520,0.5387417216,0.1627465553,1.0967211686,-0.5023034260,2.2777469075
-0.3337277901,0.5396942090,0.1630017454,1.0950653608,-0.5019044207,2.2768712851
-0.3344651281,0.5406466963,0.1632569354,1.0934103733,-0.5015041596,2.2759966401
-0.3359398042,0.5425516709,0.1637673156,1.0901028720,-0.5006998785,2.2742502943
-0.3364018127,0.5432955861,0.1643964441,1.0897748344,-0.5010899836,2.2725008218
-0.3368638212,0.5440395013,0.1650255726,1.0894459031,-0.5014796387,2.2707505869
-0.3373258297,0.5447834165,0.1656547011,1.0891160788,-0.5018688417,2.2689995915
-0.3377878382,0.5455273317,0.1662838296,1.0887853620,-0.5022575904,2.2672478375
-0.3382498467,0.5462712468,0.1669129581,1.0884537534,-0.5026458829,2.2654953270
-0.3387118552,0.5470151620,0.1675420866,1.0881212533,-0.5030337170,2.2637420619
-0.3391738637,0.5477590772,0.1681712151,1.0877878626,-0.5034210907,2.2619880443
-0.3396358722,0.5485029924,0.1688003436,1.0874535817,-0.5038080019,2.2602332761
-0.3400978807,0.5492469076,0.1694294721,1.0871184113,-0.5041944485,2.2584777594
-0.3405598892,0.5499908228,0.1700586006,1.0867823520,-0.5045804284,2.2567214962
-0.3410218978,0.5507347379,0.1706877291,1.0864454044,-0.5049659397,2.2549644886
-0.3414839063,0.5514786531,0.1713168576,1.0861075691,-0.5053509802,2.2532067385
-0.3419459148,0.5522225683,0.1719459861,1.0857688468,-0.5057355478,2.2514482481
-0.3424079233,0.5529664835,0.1725751146,1.0854292382,-0.5061196406,2.2496890194
-0.3428699318,0.5537103987,0.1732042431,1.0850887439,-0.5065032564,2.2479290545
-0.3433319403,0.5544543138,0.1738333716,1.0847473646,-0.5068863931,2.2461683555
-0.3437939488,0.5551982290,0.1744625001,1.0844051010,-0.5072690488,2.2444069244
-0.3442559573,0.5559421442,0.1750916286,1.0840619538,-0.5076512214,2.2426447634
-0.3447179658,0.5566860594,0.1757207571,1.0837179236,-0.5080329088,2.2408818745
-0.3451799743,0.5574299746,0.1763498856,1.0833730113,-0.5084141089,2.2391182600
-0.3456419828,0.5581738897,0.1769790141,1.0830272174,-0.5087948198,2.2373539218
-0.3461039913,0.5589178049,0.1776081426,1.0826805429,-0.5091750394,2.2355888622
-0.3465659998,0.5596617201,0.1782372711,1.0823329883,-0.5095547656,2.2338230833
-0.3470280083,0.5604056353,0.1788663996,1.0819845545,-0.5099339964,2.2320565872
-0.3474900168,0.5611495505,0.1794955281,1.0816352422,-0.5103127297,2.2302893761
-0.3479520253,0.5618934657,0.1801246566,1.0812850522,-0.5106909636,2.2285214522
-0.3484140338,0.5626373808,0.1807537851,1.0809339853,-0.5110686959,2.2267528177
-0.3488760423,0.5633812960,0.1813829136,1.0805820422,-0.5114459247,2.2249834747
-0.3493380508,0.5641252112,0.1820120421,1.0802292238,-0.5118226479,2.2232134254
-0.3498000593,0.5648691264,0.1826411706,1.0798755309,-0.5121988636,2.2214426721
-0.3502620678,0.5656130416,0.1832702991,1.0795209644,-0.5125745696,2.2196712169
-0.3507240763,0.5663569567,0.1838994276,1.0791655249,-0.5129497640,2.2178990622
-0.3511860848,0.5671008719,0.1845285561,1.0788092135,-0.5133244447,2.2161262100
-0.3516480933,0.5678447871,0.1851576846,1.0784520309,-0.5136986097,2.2143526628
-0.3521101018,0.5685887023,0.1857868131,1.0780939780,-0.5140722570,2.2125784226
-0.3525721103,0.5693326175,0.1864159416,1.0777350556,-0.5144453846,2.2108034918
-0.3530341189,0.5700765326,0.1870450701,1.0773752648,-0.5148179905,2.2090278726
-0.3534961274,0.5708204478,0.1876741986,1.0770146062,-0.5151900727,2.2072515673
-0.3539581359,0.5715643630,0.1883033271,1.0766530810,-0.5155616292,2.2054745783
-0.3544201444,0.5723082782,0.1889324556,1.0762906899,-0.5159326580,2.2036969077
-0.3548821529,0.5730521934,0.1895615841,1.0759274338,-0.5163031570,2.2019185580
-0.3553441614,0.5737961086,0.1901907126,1.0755633138,-0.5166731243,2.2001395313
-0.3558061699,0.5745400237,0.1908198411,1.0751983308,-0.5170425579,2.1983598301
-0.3562681784,0.5752839389,0.1914489696,1.0748324857,-0.5174114559,2.1965794566
-0.3567301869,0.5760278541,0.1920780981,1.0744657794,-0.5177798161,2.1947984133
-0.3571921954,0.5767717693,0.1927072266,1.0740982131,-0.5181476367,2.1930167024
-0.3576542039,0.5775156845,0.1933363551,1.0737297875,-0.5185149157,2.1912343263
-0.3581162124,0.5782595996,0.1939654837,1.0733605037,-0.5188816510,2.1894512873
-0.3585782209,0.5790035148,0.1945946122,1.0729903628,-0.5192478408,2.1876675879
-0.3590402294,0.5797474300,0.1952237407,1.0726193658,-0.5196134830,2.1858832305
-0.3595022379,0.5804913452,0.1958528692,1.0722475135,-0.5199785757,2.1840982173
-0.3599642464,0.5812352604,0.1964819977,1.0718748072,-0.5203431169,2.1823125509
-0.3604262549,0.5819791756,0.1971111262,1.0715012478,-0.5207071046,2.1805262336
-0.3608882634,0.5827230907,0.1977402547,1.0711268364,-0.5210705370,2.1787392679
-0.3613502719,0.5834670059,0.1983693832,1.0707515741,-0.5214334120,2.1769516561
-0.3618122804,0.5842109211,0.1989985117,1.0703754619,-0.5217957277,2.1751634008
-0.3622742889,0.5849548363,0.1996276402,1.0699985008,-0.5221574821,2.1733745043
-0.3627362974,0.5856987515,0.2002567687,1.0696206921,-0.5225186734,2.1715849691
-0.3631983059,0.5864426666,0.2008858972,1.0692420368,-0.5228792995,2.1697947977
-0.3636603144,0.5871865818,0.2015150257,1.0688625360,-0.5232393585,2.1680039926
-0.3641223229,0.5879304970,0.2021441542,1.0684821908,-0.5235988485,2.1662125561
-0.3645843314,0.5886744122,0.2027732827,1.0681010024,-0.5239577676,2.1644204909
-0.3650463400,0.5894183274,0.2034024112,1.0677189719,-0.5243161138,2.1626277994
-0.3655083485,0.5901622425,0.2040315397,1.0673361004,-0.5246738853,2.1608344841
-0.3659703570,0.5909061577,0.2046606682,1.0669523892,-0.5250310800,2.1590405475
-0.3664323655,0.5916500729,0.2052897967,1.0665678394,-0.5253876961,2.1572459922
-0.3668943740,0.5923939881,0.2059189252,1.0661824522,-0.5257437317,2.1554508207
-0.3673563825,0.5931379033,0.2065480537,1.0657962287,-0.5260991849,2.1536550355
-0.3678183910,0.5938818185,0.2071771822,1.0654091702,-0.5264540537,2.1518586392
-0.3682803995,0.5946257336,0.2078063107,1.0650212779,-0.5268083363,2.1500616344
-0.3687424080,0.5953696488,0.2084354392,1.0646325530,-0.5271620307,2.1482640235
-0.3692044165,0.5961135640,0.2090645677,1.0642429968,-0.5275151351,2.1464658093
-0.3696664250,0.5968574792,0.2096936962,1.0638526104,-0.5278676476,2.1446669942
-0.3701284335,0.5976013944,0.2103228247,1.0634613952,-0.5282195663,2.1428675808
-0.3705904420,0.5983453095,0.2109519532,1.0630693524,-0.5285708894,2.1410675719
-0.3710524505,0.5990892247,0.2115810817,1.0626764833,-0.5289216148,2.1392669699
-0.3715144590,0.5998331399,0.2122102102,1.0622827891,-0.5292717409,2.1374657775
-0.3719764675,0.6005770551,0.2128393387,1.0618882712,-0.5296212656,2.1356639973
-0.3724384760,0.6013209703,0.2134684672,1.0614929308,-0.5299701872,2.1338616320
-0.3729004845,0.6020648854,0.2140975957,1.0610967694,-0.5303185038,2.1320586842
-0.3733624930,0.6028088006,0.2147267242,1.0606997881,-0.5306662135,2.1302551566
-0.3738245015,0.6035527158,0.2153558527,1.0603019883,-0.5310133145,2.1284510518
-0.3742865100,0.6042966310,0.2159849812,1.0599033714,-0.5313598049,2.1266463724
-0.3747485185,0.6050405462,0.2166141097,1.0595039387,-0.5317056828,2.1248411213
-0.3752105270,0.6057844614,0.2172432382,1.0591036916,-0.5320509466,2.1230353010
-0.3756725355,0.6065283765,0.2178723667,1.0587026315,-0.5323955942,2.1212289143
-0.3761345440,0.6072722917,0.2185014952,1.0583007597,-0.5327396239,2.1194219638
-0.3765965526,0.6080162069,0.2191306237,1.0578980777,-0.5330830339,2.1176144524
-0.3770585611,0.6087601221,0.2197597522,1.0574945868,-0.5334258223,2.1158063826
-0.3775205696,0.6095040373,0.2203888807,1.0570902884,-0.5337679873,2.1139977573
-0.3779825781,0.6102479524,0.2210180092,1.0566851841,-0.5341095272,2.1121885791
-0.3784445866,0.6109918676,0.2216471377,1.0562792751,-0.5344504400,2.1103788509
-0.3789065951,0.6117357828,0.2222762662,1.0558725630,-0.5347907241,2.1085685753
-0.3793686036,0.6124796980,0.2229053947,1.0554650492,-0.5351303775,2.1067577552
-0.3798306121,0.6132236132,0.2235345232,1.0550567351,-0.5354693986,2.1049463933
-0.3802926206,0.6139675283,0.2241636517,1.0546476223,-0.5358077854,2.1031344924
-0.3807546291,0.6147114435,0.2247927802,1.0542377123,-0.5361455363,2.1013220554
-0.3812166376,0.6154553587,0.2254219087,1.0538270064,-0.5364826495,2.0995090849
-0.3816786461,0.6161992739,0.2260510372,1.0534155063,-0.5368191231,2.0976955837
-0.3821406546,0.6169431891,0.2266801657,1.0530032134,-0.5371549554,2.0958815549
-0.3826026631,0.6176871043,0.2273092943,1.0525901292,-0.5374901447,2.0940670010
-0.3830646716,0.6184310194,0.2279384228,1.0521762553,-0.5378246892,2.0922519250
-0.3835266801,0.6191749346,0.2285675513,1.0517615933,-0.5381585871,2.0904363297
-0.3839886886,0.6199188498,0.2291966798,1.0513461446,-0.5384918366,2.0886202180
-0.3844506971,0.6206627650,0.2298258083,1.0509299109,-0.5388244361,2.0868035927
-0.3849127056,0.6214066802,0.2304549368,1.0505128937,-0.5391563838,2.0849864567
-0.3853747141,0.6221505953,0.2310840653,1.0500950946,-0.5394876780,2.0831688128
-0.3858367226,0.6228945105,0.2317131938,1.0496765152,-0.5398183169,2.0813506640
-0.3862987311,0.6236384257,0.2323423223,1.0492571571,-0.5401482988,2.0795320131
-0.3867607396,0.6243823409,0.2329714508,1.0488370218,-0.5404776219,2.0777128630
-0.3872227481,0.6251262561,0.2336005793,1.0484161111,-0.5408062847,2.0758932167
-0.3876847566,0.6258701712,0.2342297078,1.0479944265,-0.5411342853,2.0740730770
-0.3881467651,0.6266140864,0.2348588363,1.0475719698,-0.5414616220,2.0722524469
-0.3886087737,0.6273580016,0.2354879648,1.0471487424,-0.5417882932,2.0704313293
-0.3890707822,0.6281019168,0.2361170933,1.0467247462,-0.5421142972,2.0686097271
-0.3895327907,0.6288458320,0.2367462218,1.0462999827,-0.5424396322,2.0667876433
-0.3899947992,0.6295897472,0.2373753503,1.0458744537,-0.5427642967,2.0649650808
-0.3904568077,0.6303336623,0.2380044788,1.0454481608,-0.5430882888,2.0631420427
-0.3909188162,0.6310775775,0.2386336073,1.0450211057,-0.5434116070,2.0613185318
-0.3913808247,0.6318214927,0.2392627358,1.0445932902,-0.5437342495,2.0594945512
-0.3918428332,0.6325654079,0.2398918643,1.0441647159,-0.5440562148,2.0576701038
-0.3923048417,0.6333093231,0.2405209928,1.0437353847,-0.5443775011,2.0558451927
-0.3927668502,0.6340532382,0.2411501213,1.0433052981,-0.5446981068,2.0540198208
-0.3932288587,0.6347971534,0.2417792498,1.0428744580,-0.5450180302,2.0521939911
-0.3936908672,0.6355410686,0.2424083783,1.0424428662,-0.5453372698,2.0503677068
-0.3941528757,0.6362849838,0.2430375068,1.0420105243,-0.5456558239,2.0485409707
-0.3946148842,0.6370288990,0.2436666353,1.0415774342,-0.5459736908,2.0467137859
-0.3950768927,0.6377728141,0.2442957638,1.0411435977,-0.5462908689,2.0448861555
-0.3955389012,0.6385167293,0.2449248923,1.0407090165,-0.5466073567,2.0430580826
-0.3960009097,0.6392606445,0.2455540208,1.0402736924,-0.5469231525,2.0412295701
-0.3964629182,0.6400045597,0.2461831493,1.0398376273,-0.5472382547,2.0394006212
-0.3969249267,0.6407484749,0.2468122778,1.0394008230,-0.5475526616,2.0375712389
-0.3973869352,0.6414923901,0.2474414063,1.0389632813,-0.5478663718,2.0357414263
-0.3978489437,0.6422363052,0.2480705348,1.0385250041,-0.5481793836,2.0339111865
-0.3983109522,0.6429802204,0.2486996633,1.0380859931,-0.5484916954,2.0320805225
-0.3987729607,0.6437241356,0.2493287918,1.0376462504,-0.5488033057,2.0302494376
-0.3992349692,0.6444680508,0.2499579203,1.0372057776,-0.5491142129,2.0284179348
-0.3996969777,0.6452119660,0.2505870488,1.0367645768,-0.5494244154,2.0265860172
-0.4001589862,0.6459558811,0.2512161773,1.0363226498,-0.5497339116,2.0247536879
-0.4006209948,0.6466997963,0.2518453058,1.0358799985,-0.5500427001,2.0229209501
-0.4010830033,0.6474437115,0.2524744343,1.0354366248,-0.5503507792,2.0210878069
-0.4015450118,0.6481876267,0.2531035628,1.0349925306,-0.5506581475,2.0192542615
-0.4020070203,0.6489315419,0.2537326913,1.0345477179,-0.5509648034,2.0174203171
-0.4024690288,0.6496754570,0.2543618198,1.0341021885,-0.5512707453,2.0155859767
-0.4029310373,0.6504193722,0.2549909483,1.0336559445,-0.5515759718,2.0137512436
-0.4033930458,0.6511632874,0.2556200768,1.0332089877,-0.5518804813,2.0119161209
-0.4038550543,0.6519072026,0.2562492053,1.0327613202,-0.5521842723,2.0100806119
-0.4043170628,0.6526511178,0.2568783338,1.0323129439,-0.5524873433,2.0082447197
-0.4047790713,0.6533950330,0.2575074623,1.0318638608,-0.5527896928,2.0064084475
-0.4052410798,0.6541389481,0.2581365908,1.0314140729,-0.5530913194,2.0045717985
-0.4057030883,0.6548828633,0.2587657193,1.0309635821,-0.5533922215,2.0027347760
-0.4061650968,0.6556267785,0.2593948478,1.0305123905,-0.5536923977,2.0008973831
-0.4066271053,0.6563706937,0.2600239764,1.0300605002,-0.5539918464,1.9990596231
-0.4070891138,0.6571146089,0.2606531049,1.0296079130,-0.5542905663,1.9972214993
-0.4075511223,0.6578585240,0.2612822334,1.0291546311,-0.5545885559,1.9953830148
-0.4080131308,0.6586024392,0.2619113619,1.0287006565,-0.5548858136,1.9935441730
-0.4084751393,0.6593463544,0.2625404904,1.0282459913,-0.5551823382,1.9917049770
-0.4089371478,0.6600902696,0.2631696189,1.0277906375,-0.5554781280,1.9898654302
-0.4093991563,0.6608341848,0.2637987474,1.0273345971,-0.5557731818,1.9880255358
-0.4098611648,0.6615780999,0.2644278759,1.0268778723,-0.5560674980,1.9861852971
-0.4103231733,0.6623220151,0.2650570044,1.0264204652,-0.5563610753,1.9843447174
-0.4107851818,0.6630659303,0.2656861329,1.0259623778,-0.5566539122,1.9825038000
-0.4112471903,0.6638098455,0.2663152614,1.0255036123,-0.5569460074,1.9806625481
-0.4117091988,0.6645537607,0.2669443899,1.0250441707,-0.5572373593,1.9788209651
-0.4121712074,0.6652976759,0.2675735184,1.0245840552,-0.5575279667,1.9769790543
-0.4126332159,0.6660415910,0.2682026469,1.0241232679,-0.5578178282,1.9751368190
-0.4130952244,0.6667855062,0.2688317754,1.0236618109,-0.5581069423,1.9732942625
-0.4135572329,0.6675294214,0.2694609039,1.0231996865,-0.5583953078,1.9714513882
-0.4140192414,0.6682733366,0.2700900324,1.0227368967,-0.5586829231,1.9696081994
-0.4144812499,0.6690172518,0.2707191609,1.0222734437,-0.5589697871,1.9677646995
-0.4149432584,0.6697611669,0.2713482894,1.0218093297,-0.5592558982,1.9659208917
-0.4154052669,0.6705050821,0.2719774179,1.0213445569,-0.5595412552,1.9640767796
-0.4158672754,0.6712489973,0.2726065464,1.0208791275,-0.5598258568,1.9622323663
-0.4163292839,0.6719929125,0.2732356749,1.0204130436,-0.5601097015,1.9603876554
-0.4167912924,0.6727368277,0.2738648034,1.0199463075,-0.5603927882,1.9585426501
-0.4172533009,0.6734807428,0.2744939319,1.0194789213,-0.5606751154,1.9566973538
-0.4177153094,0.6742246580,0.2751230604,1.0190108874,-0.5609566818,1.9548517701
-0.4181773179,0.6749685732,0.2757521889,1.0185422079,-0.5612374862,1.9530059021
-0.4186393264,0.6757124884,0.2763813174,1.0180728851,-0.5615175272,1.9511597535
-0.4191013349,0.6764564036,0.2770104459,1.0176029212,-0.5617968036,1.9493133275
-0.4195633434,0.6772003188,0.2776395744,1.0171323185,-0.5620753140,1.9474666275
-0.4200253519,0.6779442339,0.2782687029,1.0166610792,-0.5623530573,1.9456196571
-0.4204873604,0.6786881491,0.2788978314,1.0161892057,-0.5626300320,1.9437724195
-0.4209493689,0.6794320643,0.2795269599,1.0157167002,-0.5629062371,1.9419249184
-0.4214113774,0.6801759795,0.2801560884,1.0152435649,-0.5631816711,1.9400771570
-0.4218733859,0.6809198947,0.2807852169,1.0147698022,-0.5634563329,1.9382291389
-0.4223353944,0.6816638098,0.2814143454,1.0142954145,-0.5637302213,1.9363808675
-0.4227974029,0.6824077250,0.2820434739,1.0138204039,-0.5640033349,1.9345323462
-0.4232594114,0.6831516402,0.2826726024,1.0133447728,-0.5642756726,1.9326835785
-0.4237214199,0.6838955554,0.2833017309,1.0128685236,-0.5645472331,1.9308345680
-0.4241834285,0.6846394706,0.2839308594,1.0123916586,-0.5648180153,1.9289853180
-0.4246454370,0.6853833857,0.2845599879,1.0119141801,-0.5650880179,1.9271358320
-0.4251074455,0.6861273009,0.2851891164,1.0114360905,-0.5653572397,1.9252861135
-0.4255694540,0.6868712161,0.2858182449,1.0109573921,-0.5656256795,1.9234361661
-0.4260314625,0.6876151313,0.2864473734,1.0104780873,-0.5658933363,1.9215859932
-0.4264934710,0.6883590465,0.2870765019,1.0099981785,-0.5661602087,1.9197355983
-0.4269554795,0.6891029617,0.2877056304,1.0095176681,-0.5664262956,1.9178849850
-0.4274174880,0.6898468768,0.2883347589,1.0090365584,-0.5666915959,1.9160341567
-0.4278794965,0.6905907920,0.2889638874,1.0085548519,-0.5669561084,1.9141831169
-0.4288035135,0.6920786224,0.2902221444,1.0075896580,-0.5674827655,1.9104804173
-0.4282929905,0.6922132875,0.2913256975,1.0080088368,-0.5674525714,1.9092369826
-0.4277824675,0.6923479526,0.2924292506,1.0084280676,-0.5674228158,1.9079935099
-0.4272719445,0.6924826177,0.2935328037,1.0088473493,-0.5673934987,1.9067500005
-0.4267614215,0.6926172827,0.2946363569,1.0092666811,-0.5673646203,1.9055064556
-0.4262508985,0.6927519478,0.2957399100,1.0096860618,-0.5673361807,1.9042628766
-0.4257403756,0.6928866129,0.2968434631,1.0101054906,-0.5673081800,1.9030192647
-0.4252298526,0.6930212780,0.2979470162,1.0105249662,-0.5672806184,1.9017756212
-0.4247193296,0.6931559431,0.2990505693,1.0109444878,-0.5672534959,1.9005319474
-0.4242088066,0.6932906082,0.3001541224,1.0113640544,-0.5672268127,1.8992882446
-0.4236982836,0.6934252733,0.3012576755,1.0117836649,-0.5672005689,1.8980445141
-0.4231877606,0.6935599384,0.3023612286,1.0122033183,-0.5671747645,1.8968007571
-0.4226772376,0.6936946035,0.3034647817,1.0126230137,-0.5671493997,1.8955569750
-0.4221667146,0.6938292686,0.3045683348,1.0130427499,-0.5671244746,1.8943131690
-0.4216561916,0.6939639337,0.3056718879,1.0134625261,-0.5670999893,1.8930693405
-0.4211456687,0.6940985988,0.3067754410,1.0138823411,-0.5670759438,1.8918254906
-0.4206351457,0.6942332639,0.3078789941,1.0143021941,-0.5670523383,1.8905816208
-0.4201246227,0.6943679290,0.3089825472,1.0147220839,-0.5670291728,1.8893377323
-0.4196140997,0.6945025940,0.3100861003,1.0151420095,-0.5670064475,1.8880938264
-0.4191035767,0.6946372591,0.3111896534,1.0155619700,-0.5669841623,1.8868499043
-0.4185930537,0.6947719242,0.3122932065,1.0159819644,-0.5669623175,1.8856059674
-0.4180825307,0.6949065893,0.3133967596,1.0164019915,-0.5669409131,1.8843620170
-0.4175720077,0.6950412544,0.3145003127,1.0168220505,-0.5669199491,1.8831180543
-0.4170614847,0.6951759195,0.3156038658,1.0172421403,-0.5668994256,1.8818740807
-0.4165509618,0.6953105846,0.3167074189,1.0176622599,-0.5668793427,1.8806300973
-0.4160404388,0.6954452497,0.3178109720,1.0180824082,-0.5668597005,1.8793861056
-0.4155299158,0.6955799148,0.3189145251,1.0185025844,-0.5668404990,1.8781421068
-0.4150193928,0.6957145799,0.3200180782,1.0189227873,-0.5668217383,1.8768981022
-0.4145088698,0.6958492450,0.3211216313,1.0193430159,-0.5668034185,1.8756540931
-0.4139983468,0.6959839101,0.3222251844,1.0197632692,-0.5667855395,1.8744100808
-0.4134878238,0.6961185752,0.3233287375,1.0201835463,-0.5667681016,1.8731660666
-0.4129773008,0.6962532402,0.3244322906,1.0206038461,-0.5667511046,1.8719220517
-0.4124667778,0.6963879053,0.3255358437,1.0210241676,-0.5667345487,1.8706780375
-0.4119562549,0.6965225704,0.3266393968,1.0214445097,-0.5667184339,1.8694340252
-0.4114457319,0.6966572355,0.3277429499,1.0218648715,-0.5667027603,1.8681900162
-0.4109352089,0.6967919006,0.3288465030,1.0222852520,-0.5666875278,1.8669460117
-0.4104246859,0.6969265657,0.3299500561,1.0227056501,-0.5666727366,1.8657020130
-0.4099141629,0.6970612308,0.3310536092,1.0231260648,-0.5666583867,1.8644580215
-0.4094036399,0.6971958959,0.3321571623,1.0235464952,-0.5666444781,1.8632140383
-0.4088931169,0.6973305610,0.3332607154,1.0239669401,-0.5666310108,1.8619700649
-0.4083825939,0.6974652261,0.3343642685,1.0243873987,-0.5666179849,1.8607261024
-0.4078720709,0.6975998912,0.3354678216,1.0248078698,-0.5666054003,1.8594821522
-0.4073615480,0.6977345563,0.3365713747,1.0252283524,-0.5665932572,1.8582382157
-0.4068510250,0.6978692214,0.3376749278,1.0256488456,-0.5665815555,1.8569942939
-0.4063405020,0.6980038865,0.3387784809,1.0260693483,-0.5665702952,1.8557503884
-0.4058299790,0.6981385515,0.3398820340,1.0264898596,-0.5665594764,1.8545065002
-0.4053194560,0.6982732166,0.3409855871,1.0269103783,-0.5665490991,1.8532626309
-0.4048089330,0.6984078817,0.3420891402,1.0273309036,-0.5665391633,1.8520187815
-0.4042984100,0.6985425468,0.3431926933,1.0277514343,-0.5665296690,1.8507749535
-0.4037878870,0.6986772119,0.3442962464,1.0281719694,-0.5665206161,1.8495311481
-0.4032773641,0.6988118770,0.3453997995,1.0285925081,-0.5665120048,1.8482873666
-0.4027668411,0.6989465421,0.3465033526,1.0290130491,-0.5665038349,1.8470436103
-0.4022563181,0.6990812072,0.3476069057,1.0294335916,-0.5664961065,1.8457998805
-0.4017457951,0.6992158723,0.3487104588,1.0298541345,-0.5664888197,1.8445561785
-0.4012352721,0.6993505374,0.3498140119,1.0302746767,-0.5664819743,1.8433125055
-0.4007247491,0.6994852025,0.3509175650,1.0306952174,-0.5664755703,1.8420688629
-0.4002142261,0.6996198676,0.3520211181,1.0311157554,-0.5664696078,1.8408252520
-0.3997037031,0.6997545327,0.3531246712,1.0315362898,-0.5664640868,1.8395816740
-0.3991931801,0.6998891978,0.3542282243,1.0319568195,-0.5664590071,1.8383381302
-0.3986826572,0.7000238628,0.3553317774,1.0323773435,-0.5664543689,1.8370946220
-0.3981721342,0.7001585279,0.3564353305,1.0327978609,-0.5664501720,1.8358511506
-0.3976616112,0.7002931930,0.3575388836,1.0332183706,-0.5664464164,1.8346077172
-0.3971510882,0.7004278581,0.3586424368,1.0336388715,-0.5664431022,1.8333643233
-0.3966405652,0.7005625232,0.3597459899,1.0340593628,-0.5664402292,1.8321209700
-0.3961300422,0.7006971883,0.3608495430,1.0344798433,-0.5664377975,1.8308776587
-0.3956195192,0.7008318534,0.3619530961,1.0349003120,-0.5664358070,1.8296343907
-0.3951089962,0.7009665185,0.3630566492,1.0353207680,-0.5664342576,1.8283911672
-0.3940879503,0.7012358487,0.3652637554,1.0361616377,-0.5664324821,1.8259048590
-0.3931600621,0.7014814601,0.3662243997,1.0352848888,-0.5665913535,1.8242156912
-0.3922321740,0.7017270716,0.3671850440,1.0344076908,-0.5667489827,1.8225261045
-0.3913042858,0.7019726831,0.3681456883,1.0335300478,-0.5669053687,1.8208361029
-0.3903763977,0.7022182945,0.3691063327,1.0326519635,-0.5670605106,1.8191456906
-0.3894485095,0.7024639060,0.3700669770,1.0317734420,-0.5672144072,1.8174548719
-0.3885206214,0.7027095174,0.3710276213,1.0308944870,-0.5673670576,1.8157636508
-0.3875927332,0.7029551289,0.3719882656,1.0300151026,-0.5675184607,1.8140720315
-0.3866648450,0.7032007403,0.3729489100,1.0291352926,-0.5676686156,1.8123800183
-0.3857369569,0.7034463518,0.3739095543,1.0282550609,-0.5678175213,1.8106876153
-0.3848090687,0.7036919633,0.3748701986,1.0273744116,-0.5679651768,1.8089948267
-0.3838811806,0.7039375747,0.3758308429,1.0264933484,-0.5681115811,1.8073016567
-0.3829532924,0.7041831862,0.3767914873,1.0256118754,-0.5682567334,1.8056081095
-0.3820254043,0.7044287976,0.3777521316,1.0247299966,-0.5684006326,1.8039141894
-0.3810975161,0.7046744091,0.3787127759,1.0238477158,-0.5685432778,1.8022199006
-0.3801696280,0.7049200206,0.3796734202,1.0229650371,-0.5686846681,1.8005252473
-0.3792417398,0.7051656320,0.3806340645,1.0220819645,-0.5688248026,1.7988302338
-0.3783138517,0.7054112435,0.3815947089,1.0211985019,-0.5689636804,1.7971348644
-0.3773859635,0.7056568549,0.3825553532,1.0203146533,-0.5691013005,1.7954391431
-0.3764580754,0.7059024664,0.3835159975,1.0194304228,-0.5692376622,1.7937430745
-0.3755301872,0.7061480779,0.3844766418,1.0185458143,-0.5693727645,1.7920466627
-0.3746022991,0.7063936893,0.3854372862,1.0176608319,-0.5695066066,1.7903499120
-0.3736744109,0.7066393008,0.3863979305,1.0167754795,-0.5696391877,1.7886528266
-0.3727465228,0.7068849122,0.3873585748,1.0158897613,-0.5697705068,1.7869554110
-0.3718186346,0.7071305237,0.3883192191,1.0150036812,-0.5699005632,1.7852576694
-0.3708907465,0.7073761351,0.3892798635,1.0141172433,-0.5700293560,1.7835596061
-0.3699628583,0.7076217466,0.3902405078,1.0132304516,-0.5701568844,1.7818612254
-0.3690349702,0.7078673581,0.3912011521,1.0123433103,-0.5702831477,1.7801625316
-0.3681070820,0.7081129695,0.3921617964,1.0114558233,-0.5704081451,1.7784635291
-0.3671791939,0.7083585810,0.3931224408,1.0105679948,-0.5705318757,1.7767642223
-0.3662513057,0.7086041924,0.3940830851,1.0096798288,-0.5706543389,1.7750646153
-0.3653234176,0.7088498039,0.3950437294,1.0087913293,-0.5707755338,1.7733647127
-0.3643955294,0.7090954154,0.3960043737,1.0079025006,-0.5708954597,1.7716645187
-0.3634676413,0.7093410268,0.3969650181,1.0070133467,-0.5710141159,1.7699640378
-0.3625397531,0.7095866383,0.3979256624,1.0061238716,-0.5711315016,1.7682632742
-0.3616118650,0.7098322497,0.3988863067,1.0052340795,-0.5712476162,1.7665622323
-0.3606839768,0.7100778612,0.3998469510,1.0043439746,-0.5713624589,1.7648609167
-0.3597560887,0.7103234727,0.4008075954,1.0034535609,-0.5714760291,1.7631593315
-0.3588282005,0.7105690841,0.4017682397,1.0025628425,-0.5715883260,1.7614574812
-0.3579003124,0.7108146956,0.4027288840,1.0016718237,-0.5716993491,1.7597553702
-0.3569724242,0.7110603070,0.4036895283,1.0007805084,-0.5718090976,1.7580530030
-0.3560445361,0.7113059185,0.4046501727,0.9998889009,-0.5719175708,1.7563503838
-0.3551166479,0.7115515299,0.4056108170,0.9989970054,-0.5720247683,1.7546475172
-0.3541887598,0.7117971414,0.4065714613,0.9981048259,-0.5721306892,1.7529444075
-0.3532608716,0.7120427529,0.4075321056,0.9972123667,-0.5722353331,1.7512410591
-0.3523329835,0.7122883643,0.4084927499,0.9963196318,-0.5723386993,1.7495374766
-0.3514050953,0.7125339758,0.4094533943,0.9954266256,-0.5724407872,1.7478336643
-0.3504772072,0.7127795872,0.4104140386,0.9945333520,-0.5725415962,1.7461296267
-0.3495493190,0.7130251987,0.4113746829,0.9936398154,-0.5726411258,1.7444253681
-0.3486214309,0.7132708102,0.4123353272,0.9927460199,-0.5727393754,1.7427208931
-0.3476935427,0.7135164216,0.4132959716,0.9918519697,-0.5728363445,1.7410162061
-0.3467656546,0.7137620331,0.4142566159,0.9909576690,-0.5729320324,1.7393113116
-0.3458377664,0.7140076445,0.4152172602,0.9900631220,-0.5730264388,1.7376062140
-0.3449098783,0.7142532560,0.4161779045,0.9891683329,-0.5731195630,1.7359009178
-0.3439819901,0.7144988675,0.4171385489,0.9882733058,-0.5732114045,1.7341954275
-0.3430541020,0.7147444789,0.4180991932,0.9873780451,-0.5733019629,1.7324897475
-0.3421262138,0.7149900904,0.4190598375,0.9864825549,-0.5733912377,1.7307838824
-0.3411983257,0.7152357018,0.4200204818,0.9855868395,-0.5734792284,1.7290778365
-0.3402704375,0.7154813133,0.4209811262,0.9846909031,-0.5735659346,1.7273716144
-0.3393425494,0.7157269248,0.4219417705,0.9837947498,-0.5736513557,1.7256652206
-0.3384146612,0.7159725362,0.4229024148,0.9828983840,-0.5737354913,1.7239586596
-0.3374867731,0.7162181477,0.4238630591,0.9820018099,-0.5738183411,1.7222519358
-0.3365588849,0.7164637591,0.4248237035,0.9811050317,-0.5738999046,1.7205450539
-0.3356309968,0.7167093706,0.4257843478,0.9802080537,-0.5739801814,1.7188380182
-0.3347031086,0.7169549820,0.4267449921,0.9793108801,-0.5740591711,1.7171308333
-0.3337752205,0.7172005935,0.4277056364,0.9784135151,-0.5741368733,1.7154235037
-0.3328473323,0.7174462050,0.4286662808,0.9775159631,-0.5742132876,1.7137160340
-0.3319194442,0.7176918164,0.4296269251,0.9766182282,-0.5742884137,1.7120084285
-0.3309915560,0.7179374279,0.4305875694,0.9757203148,-0.5743622512,1.7103006920
-0.3300636679,0.7181830393,0.4315482137,0.9748222271,-0.5744347999,1.7085928289
-0.3291357797,0.7184286508,0.4325088581,0.9739239693,-0.5745060592,1.7068848437
-0.3282078916,0.7186742623,0.4334695024,0.9730255458,-0.5745760290,1.7051767409
-0.3272800034,0.7189198737,0.4344301467,0.9721269609,-0.5746447089,1.7034685251
-0.3263521153,0.7191654852,0.4353907910,0.9712282187,-0.5747120987,1.7017602009
-0.3254242271,0.7194110966,0.4363514354,0.9703293236,-0.5747781980,1.7000517728
-0.3244963390,0.7196567081,0.4373120797,0.9694302798,-0.5748430065,1.6983432452
-0.3235684508,0.7199023196,0.4382727240,0.9685310917,-0.5749065241,1.6966346228
-0.3226405627,0.7201479310,0.4392333683,0.9676317635,-0.5749687505,1.6949259102
-0.3217126745,0.7203935425,0.4401940126,0.9667322996,-0.5750296853,1.6932171118
-0.3207847864,0.7206391539,0.4411546570,0.9658327042,-0.5750893284,1.6915082322
-0.3198568982,0.7208847654,0.4421153013,0.9649329815,-0.5751476796,1.6897992759
-0.3189290101,0.7211303768,0.4430759456,0.9640331360,-0.5752047387,1.6880902476
-0.3180011219,0.7213759883,0.4440365899,0.9631331719,-0.5752605054,1.6863811518
-0.3170732338,0.7216215998,0.4449972343,0.9622330935,-0.5753149797,1.6846719930
-0.3161453456,0.7218672112,0.4459578786,0.9613329051,-0.5753681612,1.6829627759
-0.3152174575,0.7221128227,0.4469185229,0.9604326110,-0.5754200499,1.6812535049
-0.3142895693,0.7223584341,0.4478791672,0.9595322155,-0.5754706455,1.6795441846
-0.3133616812,0.7226040456,0.4488398116,0.9586317229,-0.5755199480,1.6778348197
-0.3124337930,0.7228496571,0.4498004559,0.9577311376,-0.5755679573,1.6761254146
-0.3115059049,0.7230952685,0.4507611002,0.9568304638,-0.5756146732,1.6744159739
-0.3105780167,0.7233408800,0.4517217445,0.9559297059,-0.5756600955,1.6727065023
-0.3096501286,0.7235864914,0.4526823889,0.9550288681,-0.5757042243,1.6709970042
-0.3087222404,0.7238321029,0.4536430332,0.9541279548,-0.5757470594,1.6692874843
-0.3077943523,0.7240777144,0.4546036775,0.9532269704,-0.5757886008,1.6675779472
-0.3068664641,0.7243233258,0.4555643218,0.9523259190,-0.5758288484,1.6658683973
-0.3059385760,0.7245689373,0.4565249662,0.9514248051,-0.5758678021,1.6641588394
-0.3050106878,0.7248145487,0.4574856105,0.9505236329,-0.5759054619,1.6624492778
-0.3040827997,0.7250601602,0.4584462548,0.9496224068,-0.5759418278,1.6607397174
-0.3022270234,0.7255513831,0.4603675435,0.9478198100,-0.5760106778,1.6573206178
-0.3008441557,0.7257830219,0.4605279916,0.9466898887,-0.5751324167,1.6561951021
-0.2994612880,0.7260146607,0.4606884397,0.9455617098,-0.5742530290,1.6550713311
-0.2980784202,0.7262462996,0.4608488879,0.9444352721,-0.5733725180,1.6539493037
-0.2966955525,0.7264779384,0.4610093360,0.9433105744,-0.5724908872,1.6528290188
-0.2953126848,0.7267095772,0.4611697842,0.9421876154,-0.5716081400,1.6517104751
-0.2939298171,0.7269412160,0.4613302323,0.9410663940,-0.5707242799,1.6505936713
-0.2925469494,0.7271728548,0.4614906804,0.9399469089,-0.5698393103,1.6494786062
-0.2911640817,0.7274044936,0.4616511286,0.9388291588,-0.5689532348,1.6483652785
-0.2897812140,0.7276361324,0.4618115767,0.9377131425,-0.5680660567,1.6472536871
-0.2883983463,0.7278677713,0.4619720249,0.9365988586,-0.5671777795,1.6461438305
-0.2870154785,0.7280994101,0.4621324730,0.9354863059,-0.5662884067,1.6450357075
-0.2856326108,0.7283310489,0.4622929212,0.9343754831,-0.5653979417,1.6439293169
-0.2842497431,0.7285626877,0.4624533693,0.9332663887,-0.5645063879,1.6428246571
-0.2828668754,0.7287943265,0.4626138174,0.9321590216,-0.5636137488,1.6417217270
-0.2814840077,0.7290259653,0.4627742656,0.9310533802,-0.5627200278,1.6406205251
-0.2801011400,0.7292576042,0.4629347137,0.9299494634,-0.5618252284,1.6395210502
-0.2787182723,0.7294892430,0.4630951619,0.9288472696,-0.5609293540,1.6384233008
-0.2773354046,0.7297208818,0.4632556100,0.9277467975,-0.5600324081,1.6373272755
-0.2759525368,0.7299525206,0.4634160581,0.9266480457,-0.5591343941,1.6362329729
-0.2745696691,0.7301841594,0.4635765063,0.9255510128,-0.5582353154,1.6351403917
-0.2731868014,0.7304157982,0.4637369544,0.9244556973,-0.5573351755,1.6340495303
-0.2718039337,0.7306474370,0.4638974026,0.9233620978,-0.5564339777,1.6329603875
-0.2704210660,0.7308790759,0.4640578507,0.9222702129,-0.5555317256,1.6318729616
-0.2690381983,0.7311107147,0.4642182989,0.9211800411,-0.5546284226,1.6307872513
-0.2676553306,0.7313423535,0.4643787470,0.9200915809,-0.5537240720,1.6297032551
-0.2662724629,0.7315739923,0.4645391951,0.9190048309,-0.5528186774,1.6286209714
-0.2648895951,0.7318056311,0.4646996433,0.9179197895,-0.5519122421,1.6275403989
-0.2635067274,0.7320372699,0.4648600914,0.9168364552,-0.5510047695,1.6264615360
-0.2621238597,0.7322689088,0.4650205396,0.9157548265,-0.5500962631,1.6253843811
-0.2607409920,0.7325005476,0.4651809877,0.9146749019,-0.5491867264,1.6243089328
-0.2593581243,0.7327321864,0.4653414358,0.9135966799,-0.5482761626,1.6232351895
-0.2579752566,0.7329638252,0.4655018840,0.9125201588,-0.5473645753,1.6221631497
-0.2565923889,0.7331954640,0.4656623321,0.9114453372,-0.5464519678,1.6210928117
-0.2552095212,0.7334271028,0.4658227803,0.9103722134,-0.5455383436,1.6200241741
-0.2538266534,0.7336587416,0.4659832284,0.9093007858,-0.5446237061,1.6189572352
-0.2524437857,0.7338903805,0.4661436766,0.9082310530,-0.5437080586,1.6178919935
-0.2510609180,0.7341220193,0.4663041247,0.9071630132,-0.5427914047,1.6168284473
-0.2496780503,0.7343536581,0.4664645728,0.9060966648,-0.5418737476,1.6157665951
-0.2482951826,0.7345852969,0.4666250210,0.9050320063,-0.5409550908,1.6147064351
-0.2469123149,0.7348169357,0.4667854691,0.9039690359,-0.5400354377,1.6136479659
-0.2455294472,0.7350485745,0.4669459173,0.9029077521,-0.5391147916,1.6125911856
-0.2441465795,0.7352802134,0.4671063654,0.9018481532,-0.5381931561,1.6115360927
-0.2427637117,0.7355118522,0.4672668135,0.9007902375,-0.5372705344,1.6104826856
-0.2413808440,0.7357434910,0.4674272617,0.8997340033,-0.5363469300,1.6094309624
-0.2399979763,0.7359751298,0.4675877098,0.8986794490,-0.5354223463,1.6083809217
-0.2386151086,0.7362067686,0.4677481580,0.8976265728,-0.5344967866,1.6073325616
-0.2372322409,0.7364384074,0.4679086061,0.8965753731,-0.5335702543,1.6062858804
-0.2358493732,0.7366700462,0.4680690543,0.8955258481,-0.5326427529,1.6052408765
-0.2344665055,0.7369016851,0.4682295024,0.8944779962,-0.5317142856,1.6041975481
-0.2330836377,0.7371333239,0.4683899505,0.8934318155,-0.5307848559,1.6031558935
-0.2317007700,0.7373649627,0.4685503987,0.8923873044,-0.5298544671,1.6021159110
-0.2303179023,0.7375966015,0.4687108468,0.8913444611,-0.5289231227,1.6010775988
-0.2289350346,0.7378282403,0.4688712950,0.8903032838,-0.5279908259,1.6000409551
-0.2275521669,0.7380598791,0.4690317431,0.8892637708,-0.5270575802,1.5990059782
-0.2261692992,0.7382915180,0.4691921912,0.8882259202,-0.5261233889,1.5979726663
-0.2247864315,0.7385231568,0.4693526394,0.8871897304,-0.5251882554,1.5969410177
-0.2234035638,0.7387547956,0.4695130875,0.8861551995,-0.5242521830,1.5959110305
-0.2220206960,0.7389864344,0.4696735357,0.8851223257,-0.5233151751,1.5948827029
-0.2206378283,0.7392180732,0.4698339838,0.8840911072,-0.5223772351,1.5938560331
-0.2192549606,0.7394497120,0.4699944320,0.8830615421,-0.5214383663,1.5928310194
-0.2178720929,0.7396813508,0.4701548801,0.8820336288,-0.5204985720,1.5918076598
-0.2164892252,0.7399129897,0.4703153282,0.8810073652,-0.5195578557,1.5907859526
-0.2151063575,0.7401446285,0.4704757764,0.8799827496,-0.5186162206,1.5897658960
-0.2137234898,0.7403762673,0.4706362245,0.8789597802,-0.5176736700,1.5887474879
-0.2123406221,0.7406079061,0.4707966727,0.8779384550,-0.5167302075,1.5877307267
-0.2109577543,0.7408395449,0.4709571208,0.8769187723,-0.5157858361,1.5867156105
-0.2095748866,0.7410711837,0.4711175689,0.8759007300,-0.5148405594,1.5857021373
-0.2081920189,0.7413028225,0.4712780171,0.8748843264,-0.5138943806,1.5846903053
-0.2068091512,0.7415344614,0.4714384652,0.8738695596,-0.5129473031,1.5836801127
-0.2054262835,0.7417661002,0.4715989134,0.8728564276,-0.5119993302,1.5826715574
-0.2040434158,0.7419977390,0.4717593615,0.8718449286,-0.5110504651,1.5816646377
-0.2026605481,0.7422293778,0.4719198096,0.8708350607,-0.5101007113,1.5806593515
-0.2012776804,0.7424610166,0.4720802578,0.8698268219,-0.5091500721,1.5796556971
-0.1998948126,0.7426926554,0.4722407059,0.8688202103,-0.5081985507,1.5786536724
-0.1985119449,0.7429242943,0.4724011541,0.8678152239,-0.5072461504,1.5776532756
-0.1971290772,0.7431559331,0.4725616022,0.8668118610,-0.5062928747,1.5766545047
-0.1957462095,0.7433875719,0.4727220504,0.8658101194,-0.5053387267,1.5756573577
-0.1943633418,0.7436192107,0.4728824985,0.8648099972,-0.5043837098,1.5746618327
-0.1929804741,0.7438508495,0.4730429466,0.8638114926,-0.5034278273,1.5736679278
-0.1915976064,0.7440824883,0.4732033948,0.8628146034,-0.5024710825,1.5726756410
-0.1902147387,0.7443141271,0.4733638429,0.8618193278,-0.5015134787,1.5716849704
-0.1888318709,0.7445457660,0.4735242911,0.8608256638,-0.5005550192,1.5706959139
-0.1874490032,0.7447774048,0.4736847392,0.8598336094,-0.4995957071,1.5697084695
-0.1860661355,0.7450090436,0.4738451873,0.8588431626,-0.4986355460,1.5687226353
-0.1846832678,0.7452406824,0.4740056355,0.8578543213,-0.4976745389,1.5677384094
-0.1833004001,0.7454723212,0.4741660836,0.8568670837,-0.4967126893,1.5667557896
-0.1819175324,0.7457039600,0.4743265318,0.8558814477,-0.4957500003,1.5657747740
-0.1805346647,0.7459355989,0.4744869799,0.8548974113,-0.4947864753,1.5647953605
-0.1791517970,0.7461672377,0.4746474281,0.8539149724,-0.4938221175,1.5638175472
-0.1777689292,0.7463988765,0.4748078762,0.8529341290,-0.4928569301,1.5628413321
-0.1763860615,0.7466305153,0.4749683243,0.8519548792,-0.4918909165,1.5618667130
-0.1750031938,0.7468621541,0.4751287725,0.8509772208,-0.4909240800,1.5608936880
-0.1736203261,0.7470937929,0.4752892206,0.8500011519,-0.4899564236,1.5599222551
-0.1722374584,0.7473254317,0.4754496688,0.8490266703,-0.4889879508,1.5589524121
-0.1708545907,0.7475570706,0.4756101169,0.8480537740,-0.4880186647,1.5579841570
-0.1694717230,0.7477887094,0.4757705650,0.8470824611,-0.4870485687,1.5570174879
-0.1680888553,0.7480203482,0.4759310132,0.8461127293,-0.4860776658,1.5560524025
-0.1667059875,0.7482519870,0.4760914613,0.8451445767,-0.4851059595,1.5550888989
-0.1653231198,0.7484836258,0.4762519095,0.8441780011,-0.4841334529,1.5541269750
-0.1639402521,0.7487152646,0.4764123576,0.8432130005,-0.4831601493,1.5531666287
-0.1625573844,0.7489469035,0.4765728058,0.8422495728,-0.4821860518,1.5522078578
-0.1611745167,0.7491785423,0.4767332539,0.8412877159,-0.4812111637,1.5512506605
-0.1597916490,0.7494101811,0.4768937020,0.8403274278,-0.4802354883,1.5502950344
-0.1584087813,0.7496418199,0.4770541502,0.8393687062,-0.4792590287,1.5493409777
-0.1570259136,0.7498734587,0.4772145983,0.8384115492,-0.4782817882,1.5483884880
-0.1556430458,0.7501050975,0.4773750465,0.8374559546,-0.4773037700,1.5474375634
-0.1542601781,0.7503367363,0.4775354946,0.8365019204,-0.4763249773,1.5464882018
-0.1528773104,0.7505683752,0.4776959427,0.8355494442,-0.4753454133,1.5455404010
-0.1514944427,0.7508000140,0.4778563909,0.8345985242,-0.4743650811,1.5445941588
-0.1501115750,0.7510316528,0.4780168390,0.8336491581,-0.4733839841,1.5436494733
-0.1487287073,0.7512632916,0.4781772872,0.8327013438,-0.4724021253,1.5427063422
-0.1473458396,0.7514949304,0.4783377353,0.8317550792,-0.4714195080,1.5417647634
-0.1459629719,0.7517265692,0.4784981835,0.8308103622,-0.4704361354,1.5408247349
-0.1445801041,0.7519582081,0.4786586316,0.8298671905,-0.4694520107,1.5398862543
-0.1431972364,0.7521898469,0.4788190797,0.8289255622,-0.4684671369,1.5389493197
-0.1418143687,0.7524214857,0.4789795279,0.8279854749,-0.4674815174,1.5380139289
-0.1404315010,0.7526531245,0.4791399760,0.8270469266,-0.4664951553,1.5370800797
-0.1390486333,0.7528847633,0.4793004242,0.8261099151,-0.4655080537,1.5361477699
-0.1376657656,0.7531164021,0.4794608723,0.8251744382,-0.4645202158,1.5352169974
-0.1362828979,0.7533480409,0.4796213204,0.8242404938,-0.4635316449,1.5342877601
-0.1349000302,0.7535796798,0.4797817686,0.8233080797,-0.4625423439,1.5333600558
-0.1335171624,0.7538113186,0.4799422167,0.8223771938,-0.4615523162,1.5324338822
-0.1321342947,0.7540429574,0.4801026649,0.8214478338,-0.4605615648,1.5315092373
-0.1307514270,0.7542745962,0.4802631130,0.8205199977,-0.4595700929,1.5305861189
-0.1293685593,0.7545062350,0.4804235612,0.8195936831,-0.4585779036,1.5296645247
-0.1279856916,0.7547378738,0.4805840093,0.8186688880,-0.4575850001,1.5287444527
-0.1266028239,0.7549695127,0.4807444574,0.8177456101,-0.4565913856,1.5278259006
-0.1252199562,0.7552011515,0.4809049056,0.8168238473,-0.4555970630,1.5269088662
-0.1238370884,0.7554327903,0.4810653537,0.8159035973,-0.4546020357,1.5259933473
-0.1224542207,0.7556644291,0.4812258019,0.8149848580,-0.4536063067,1.5250793418
-0.1210713530,0.7558960679,0.4813862500,0.8140676272,-0.4526098790,1.5241668475
-0.1196884853,0.7561277067,0.4815466981,0.8131519026,-0.4516127560,1.5232558621
-0.1183056176,0.7563593455,0.4817071463,0.8122376821,-0.4506149405,1.5223463834
-0.1169227499,0.7565909844,0.4818675944,0.8113249634,-0.4496164359,1.5214384093
-0.1155398822,0.7568226232,0.4820280426,0.8104137444,-0.4486172451,1.5205319376
-0.1141570145,0.7570542620,0.4821884907,0.8095040228,-0.4476173713,1.5196269659
-0.1127741467,0.7572859008,0.4823489389,0.8085957964,-0.4466168176,1.5187234922
-0.1113912790,0.7575175396,0.4825093870,0.8076890630,-0.4456155870,1.5178215142
-0.1100084113,0.7577491784,0.4826698351,0.8067838204,-0.4446136827,1.5169210296
-0.1086255436,0.7579808173,0.4828302833,0.8058800664,-0.4436111077,1.5160220363
-0.1072426759,0.7582124561,0.4829907314,0.8049777986,-0.4426078652,1.5151245321
-0.1058598082,0.7584440949,0.4831511796,0.8040770150,-0.4416039582,1.5142285146
-0.1044769405,0.7586757337,0.4833116277,0.8031777133,-0.4405993897,1.5133339818
-0.1030940728,0.7589073725,0.4834720758,0.8022798911,-0.4395941629,1.5124409313
-0.1003283373,0.7593706501,0.4837929721,0.8004886769,-0.4375817466,1.5106592684
-0.0992182679,0.7598558042,0.4833294734,0.7990254737,-0.4370422104,1.5099226041
-0.0981081985,0.7603409582,0.4828659747,0.7975630346,-0.4365016824,1.5091869754
-0.0969981291,0.7608261123,0.4824024760,0.7961013612,-0.4359601648,1.5084523838
-0.0958880596,0.7613112663,0.4819389773,0.7946404550,-0.4354176597,1.5077188310
-0.0947779902,0.7617964203,0.4814754786,0.7931803175,-0.4348741694,1.5069863183
-0.0936679208,0.7622815744,0.4810119799,0.7917209504,-0.4343296960,1.5062548473
-0.0925578513,0.7627667284,0.4805484812,0.7902623550,-0.4337842416,1.5055244194
-0.0914477819,0.7632518824,0.4800849825,0.7888045330,-0.4332378085,1.5047950362
-0.0903377125,0.7637370365,0.4796214838,0.7873474858,-0.4326903989,1.5040666990
-0.0892276431,0.7642221905,0.4791579851,0.7858912149,-0.4321420149,1.5033394094
-0.0881175736,0.7647073445,0.4786944864,0.7844357218,-0.4315926588,1.5026131687
-0.0870075042,0.7651924986,0.4782309877,0.7829810080,-0.4310423328,1.5018879785
-0.0858974348,0.7656776526,0.4777674890,0.7815270749,-0.4304910390,1.5011638401
-0.0847873654,0.7661628067,0.4773039903,0.7800739240,-0.4299387797,1.5004407548
-0.0836772959,0.7666479607,0.4768404916,0.7786215567,-0.4293855572,1.4997187242
-0.0825672265,0.7671331147,0.4763769929,0.7771699744,-0.4288313735,1.4989977496
-0.0814571571,0.7676182688,0.4759134942,0.7757191786,-0.4282762310,1.4982778323
-0.0803470876,0.7681034228,0.4754499955,0.7742691706,-0.4277201319,1.4975589737
-0.0792370182,0.7685885768,0.4749864968,0.7728199518,-0.4271630785,1.4968411753
-0.0781269488,0.7690737309,0.4745229981,0.7713715237,-0.4266050728,1.4961244382
-0.0770168794,0.7695588849,0.4740594994,0.7699238876,-0.4260461173,1.4954087638
-0.0759068099,0.7700440389,0.4735960007,0.7684770448,-0.4254862141,1.4946941535
-0.0747967405,0.7705291930,0.4731325020,0.7670309967,-0.4249253655,1.4939806085
-0.0736866711,0.7710143470,0.4726690033,0.7655857447,-0.4243635737,1.4932681301
-0.0725766017,0.7714995011,0.4722055046,0.7641412900,-0.4238008411,1.4925567196
-0.0714665322,0.7719846551,0.4717420059,0.7626976340,-0.4232371698,1.4918463784
-0.0703564628,0.7724698091,0.4712785072,0.7612547780,-0.4226725622,1.4911371076
-0.0692463934,0.7729549632,0.4708150085,0.7598127233,-0.4221070204,1.4904289084
-0.0681363240,0.7734401172,0.4703515098,0.7583714712,-0.4215405468,1.4897217822
-0.0670262545,0.7739252712,0.4698880110,0.7569310229,-0.4209731437,1.4890157301
-0.0659161851,0.7744104253,0.4694245123,0.7554913797,-0.4204048133,1.4883107534
-0.0648061157,0.7748955793,0.4689610136,0.7540525428,-0.4198355579,1.4876068533
-0.0636960462,0.7753807333,0.4684975149,0.7526145136,-0.4192653798,1.4869040309
-0.0625859768,0.7758658874,0.4680340162,0.7511772931,-0.4186942813,1.4862022875
-0.0614759074,0.7763510414,0.4675705175,0.7497408828,-0.4181222647,1.4855016241
-0.0603658380,0.7768361955,0.4671070188,0.7483052837,-0.4175493323,1.4848020421
-0.0592557685,0.7773213495,0.4666435201,0.7468704970,-0.4169754864,1.4841035424
-0.0581456991,0.7778065035,0.4661800214,0.7454365240,-0.4164007292,1.4834061263
-0.0570356297,0.7782916576,0.4657165227,0.7440033658,-0.4158250632,1.4827097949
-0.0559255603,0.7787768116,0.4652530240,0.7425710237,-0.4152484905,1.4820145493
-0.0548154908,0.7792619656,0.4647895253,0.7411394986,-0.4146710136,1.4813203906
-0.0537054214,0.7797471197,0.4643260266,0.7397087919,-0.4140926348,1.4806273199
-0.0525953520,0.7802322737,0.4638625279,0.7382789046,-0.4135133563,1.4799353382
-0.0514852825,0.7807174277,0.4633990292,0.7368498379,-0.4129331804,1.4792444468
-0.0503752131,0.7812025818,0.4629355305,0.7354215928,-0.4123521096,1.4785546465
-0.0492651437,0.7816877358,0.4624720318,0.7339941705,-0.4117701462,1.4778659385
-0.0481550743,0.7821728899,0.4620085331,0.7325675721,-0.4111872924,1.4771783238
-0.0470450048,0.7826580439,0.4615450344,0.7311417987,-0.4106035507,1.4764918035
-0.0459349354,0.7831431979,0.4610815357,0.7297168513,-0.4100189233,1.4758063785
-0.0448248660,0.7836283520,0.4606180370,0.7282927310,-0.4094334126,1.4751220498
-0.0437147966,0.7841135060,0.4601545383,0.7268694388,-0.4088470210,1.4744388186
-0.0426047271,0.7845986600,0.4596910396,0.7254469759,-0.4082597508,1.4737566857
-0.0414946577,0.7850838141,0.4592275409,0.7240253431,-0.4076716043,1.4730756521
-0.0403845883,0.7855689681,0.4587640422,0.7226045416,-0.4070825839,1.4723957188
-0.0392745188,0.7860541221,0.4583005435,0.7211845724,-0.4064926920,1.4717168868
-0.0381644494,0.7865392762,0.4578370448,0.7197654365,-0.4059019310,1.4710391569
-0.0370543800,0.7870244302,0.4573735461,0.7183471348,-0.4053103031,1.4703625302
-0.0359443106,0.7875095843,0.4569100474,0.7169296683,-0.4047178107,1.4696870076
-0.0337241717,0.7884798923,0.4559830500,0.7140972450,-0.4035302422,1.4683392781
-0.0325337604,0.7884130651,0.4556346218,0.7142649343,-0.4048871647,1.4691592756
-0.0313433492,0.7883462380,0.4552861936,0.7144339925,-0.4062444403,1.4699802893
-0.0301529379,0.7882794108,0.4549377654,0.7146044236,-0.4076020667,1.4708023233
-0.0289625266,0.7882125836,0.4545893372,0.7147762318,-0.4089600412,1.4716253819
-0.0277721153,0.7881457564,0.4542409090,0.7149494210,-0.4103183613,1.4724494691
-0.0265817041,0.7880789292,0.4538924809,0.7151239954,-0.4116770244,1.4732745892
-0.0253912928,0.7880121021,0.4535440527,0.7152999589,-0.4130360278,1.4741007464
-0.0242008815,0.7879452749,0.4531956245,0.7154773157,-0.4143953690,1.4749279450
-0.0230104703,0.7878784477,0.4528471963,0.7156560698,-0.4157550453,1.4757561892
-0.0218200590,0.7878116205,0.4524987681,0.7158362255,-0.4171150542,1.4765854834
-0.0206296477,0.7877447934,0.4521503399,0.7160177869,-0.4184753930,1.4774158317
-0.0194392364,0.7876779662,0.4518019117,0.7162007581,-0.4198360591,1.4782472385
-0.0182488252,0.7876111390,0.4514534836,0.7163851433,-0.4211970498,1.4790797082
-0.0170584139,0.7875443118,0.4511050554,0.7165709467,-0.4225583626,1.4799132452
-0.0158680026,0.7874774846,0.4507566272,0.7167581726,-0.4239199946,1.4807478536
-0.0146775913,0.7874106575,0.4504081990,0.7169468252,-0.4252819433,1.4815835381
-0.0134871801,0.7873438303,0.4500597708,0.7171369087,-0.4266442060,1.4824203029
-0.0122967688,0.7872770031,0.4497113426,0.7173284275,-0.4280067800,1.4832581526
-0.0111063575,0.7872101759,0.4493629144,0.7175213857,-0.4293696626,1.4840970914
-0.0099159462,0.7871433487,0.4490144863,0.7177157878,-0.4307328512,1.4849371240
-0.0087255350,0.7870765216,0.4486660581,0.7179116380,-0.4320963429,1.4857782548
-0.0075351237,0.7870096944,0.4483176299,0.7181089408,-0.4334601351,1.4866204882
-0.0063447124,0.7869428672,0.4479692017,0.7183077004,-0.4348242250,1.4874638289
-0.0051543011,0.7868760400,0.4476207735,0.7185079213,-0.4361886100,1.4883082814
-0.0039638899,0.7868092128,0.4472723453,0.7187096079,-0.4375532873,1.4891538501
-0.0027734786,0.7867423857,0.4469239171,0.7189127647,-0.4389182541,1.4900005398
-0.0015830673,0.7866755585,0.4465754890,0.7191173959,-0.4402835077,1.4908483549
-0.0003926560,0.7866087313,0.4462270608,0.7193235062,-0.4416490452,1.4916973002
0.0007977552,0.7865419041,0.4458786326,0.7195311001,-0.4430148640,1.4925473802
0.0019881665,0.7864750769,0.4455302044,0.7197401819,-0.4443809613,1.4933985996
0.0031785778,0.7864082498,0.4451817762,0.7199507563,-0.4457473341,1.4942509631
0.0043689890,0.7863414226,0.4448333480,0.7201628278,-0.4471139799,1.4951044754
0.0055594003,0.7862745954,0.4444849198,0.7203764009,-0.4484808956,1.4959591412
0.0067498116,0.7862077682,0.4441364917,0.7205914803,-0.4498480786,1.4968149653
0.0079402229,0.7861409410,0.4437880635,0.7208080706,-0.4512155260,1.4976719523
0.0091306341,0.7860741139,0.4434396353,0.7210261763,-0.4525832350,1.4985301071
0.0103210454,0.7860072867,0.4430912071,0.7212458022,-0.4539512026,1.4993894345
0.0115114567,0.7859404595,0.4427427789,0.7214669528,-0.4553194261,1.5002499393
0.0127018680,0.7858736323,0.4423943507,0.7216896330,-0.4566879026,1.5011116263
0.0138922792,0.7858068051,0.4420459225,0.7219138473,-0.4580566292,1.5019745005
0.0150826905,0.7857399780,0.4416974944,0.7221396006,-0.4594256031,1.5028385666
0.0162731018,0.7856731508,0.4413490662,0.7223668975,-0.4607948213,1.5037038296
0.0174635131,0.7856063236,0.4410006380,0.7225957429,-0.4621642810,1.5045702944
0.0186539243,0.7855394964,0.4406522098,0.7228261415,-0.4635339793,1.5054379659
0.0198443356,0.7854726692,0.4403037816,0.7230580982,-0.4649039131,1.5063068492
0.0210347469,0.7854058421,0.4399553534,0.7232916177,-0.4662740798,1.5071769492
0.0222251582,0.7853390149,0.4396069252,0.7235267050,-0.4676444762,1.5080482709
0.0234155694,0.7852721877,0.4392584971,0.7237633650,-0.4690150994,1.5089208194
0.0246059807,0.7852053605,0.4389100689,0.7240016024,-0.4703859465,1.5097945997
0.0257963920,0.7851385333,0.4385616407,0.7242414223,-0.4717570146,1.5106696168
0.0269868032,0.7850717062,0.4382132125,0.7244828296,-0.4731283007,1.5115458759
0.0281772145,0.7850048790,0.4378647843,0.7247258292,-0.4744998017,1.5124233821
0.0293676258,0.7849380518,0.4375163561,0.7249704262,-0.4758715148,1.5133021406
0.0305580371,0.7848712246,0.4371679280,0.7252166255,-0.4772434368,1.5141821565
0.0317484483,0.7848043974,0.4368194998,0.7254644321,-0.4786155649,1.5150634349
0.0329388596,0.7847375703,0.4364710716,0.7257138513,-0.4799878960,1.5159459811
0.0341292709,0.7846707431,0.4361226434,0.7259648879,-0.4813604271,1.5168298004
0.0353196822,0.7846039159,0.4357742152,0.7262175471,-0.4827331551,1.5177148979
0.0365100934,0.7845370887,0.4354257870,0.7264718341,-0.4841060770,1.5186012790
0.0377005047,0.7844702615,0.4350773588,0.7267277539,-0.4854791898,1.5194889490
0.0388909160,0.7844034344,0.4347289307,0.7269853118,-0.4868524904,1.5203779131
0.0400813273,0.7843366072,0.4343805025,0.7272445129,-0.4882259757,1.5212681767
0.0412717385,0.7842697800,0.4340320743,0.7275053625,-0.4895996427,1.5221597453
0.0424621498,0.7842029528,0.4336836461,0.7277678657,-0.4909734883,1.5230526241
0.0436525611,0.7841361256,0.4333352179,0.7280320279,-0.4923475094,1.5239468186
0.0448429724,0.7840692985,0.4329867897,0.7282978543,-0.4937217028,1.5248423342
0.0460333836,0.7840024713,0.4326383615,0.7285653502,-0.4950960656,1.5257391765
0.0472237949,0.7839356441,0.4322899334,0.7288345210,-0.4964705944,1.5266373508
0.0484142062,0.7838688169,0.4319415052,0.7291053720,-0.4978452863,1.5275368627
0.0496046174,0.7838019898,0.4315930770,0.7293779087,-0.4992201381,1.5284377177
0.0507950287,0.7837351626,0.4312446488,0.7296521363,-0.5005951466,1.5293399215
0.0519854400,0.7836683354,0.4308962206,0.7299280603,-0.5019703086,1.5302434795
0.0531758513,0.7836015082,0.4305477924,0.7302056862,-0.5033456211,1.5311483973
0.0543662625,0.7835346810,0.4301993642,0.7304850195,-0.5047210808,1.5320546807
0.0555566738,0.7834678539,0.4298509361,0.7307660656,-0.5060966845,1.5329623353
0.0567470851,0.7834010267,0.4295025079,0.7310488301,-0.5074724291,1.5338713666
0.0579374964,0.7833341995,0.4291540797,0.7313333185,-0.5088483113,1.5347817806
0.0591279076,0.7832673723,0.4288056515,0.7316195364,-0.5102243279,1.5356935828
0.0603183189,0.7832005451,0.4284572233,0.7319074894,-0.5116004757,1.5366067791
0.0615087302,0.7831337180,0.4281087951,0.7321971832,-0.5129767514,1.5375213752
0.0626991415,0.7830668908,0.4277603669,0.7324886233,-0.5143531519,1.5384373769
0.0638895527,0.7830000636,0.4274119388,0.7327818155,-0.5157296738,1.5393547900
0.0650799640,0.7829332364,0.4270635106,0.7330767654,-0.5171063140,1.5402736205
0.0662703753,0.7828664092,0.4267150824,0.7333734788,-0.5184830690,1.5411938742
0.0674607866,0.7827995821,0.4263666542,0.7336719614,-0.5198599357,1.5421155570
0.0686511978,0.7827327549,0.4260182260,0.7339722190,-0.5212369107,1.5430386748
0.0698416091,0.7826659277,0.4256697978,0.7342742575,-0.5226139908,1.5439632337
0.0710320204,0.7825991005,0.4253213696,0.7345780826,-0.5239911726,1.5448892395
0.0722224317,0.7825322733,0.4249729415,0.7348837001,-0.5253684529,1.5458166983
0.0734128429,0.7824654462,0.4246245133,0.7351911161,-0.5267458282,1.5467456162
0.0746032542,0.7823986190,0.4242760851,0.7355003363,-0.5281232952,1.5476759992
0.0757936655,0.7823317918,0.4239276569,0.7358113668,-0.5295008507,1.5486078534
0.0769840767,0.7822649646,0.4235792287,0.7361242135,-0.5308784911,1.5495411849
0.0781744880,0.7821981374,0.4232308005,0.7364388823,-0.5322562132,1.5504759999
0.0793648993,0.7821313103,0.4228823723,0.7367553793,-0.5336340136,1.5514123046
0.0805553106,0.7820644831,0.4225339442,0.7370737106,-0.5350118889,1.5523501051
0.0817457218,0.7819976559,0.4221855160,0.7373938822,-0.5363898356,1.5532894077
0.0829361331,0.7819308287,0.4218370878,0.7377159001,-0.5377678504,1.5542302186
0.0841265444,0.7818640015,0.4214886596,0.7380397706,-0.5391459299,1.5551725442
0.0853169557,0.7817971744,0.4211402314,0.7383654998,-0.5405240706,1.5561163907
0.0865073669,0.7817303472,0.4207918032,0.7386930939,-0.5419022690,1.5570617644
0.0876977782,0.7816635200,0.4204433750,0.7390225590,-0.5432805218,1.5580086718
0.0888881895,0.7815966928,0.4200949469,0.7393539015,-0.5446588255,1.5589571193
0.0900786008,0.7815298656,0.4197465187,0.7396871275,-0.5460371765,1.5599071132
0.0912690120,0.7814630385,0.4193980905,0.7400222434,-0.5474155714,1.5608586600
0.0924594233,0.7813962113,0.4190496623,0.7403592555,-0.5487940068,1.5618117662
0.0936498346,0.7813293841,0.4187012341,0.7406981702,-0.5501724791,1.5627664384
0.0948402459,0.7812625569,0.4183528059,0.7410389938,-0.5515509847,1.5637226830
0.0960306571,0.7811957297,0.4180043777,0.7413817327,-0.5529295203,1.5646805066
0.0972210684,0.7811289026,0.4176559496,0.7417263934,-0.5543080821,1.5656399158
0.0984114797,0.7810620754,0.4173075214,0.7420729824,-0.5556866668,1.5666009172
0.0996018909,0.7809952482,0.4169590932,0.7424215060,-0.5570652708,1.5675635176
0.1007923022,0.7809284210,0.4166106650,0.7427719710,-0.5584438904,1.5685277235
0.1019827135,0.7808615938,0.4162622368,0.7431243838,-0.5598225221,1.5694935418
0.1031731248,0.7807947667,0.4159138086,0.7434787509,-0.5612011623,1.5704609791
0.1043635360,0.7807279395,0.4155653804,0.7438350791,-0.5625798074,1.5714300422
0.1055539473,0.7806611123,0.4152169523,0.7441933750,-0.5639584538,1.5724007379
0.1067443586,0.7805942851,0.4148685241,0.7445536452,-0.5653370980,1.5733730731
0.1079347699,0.7805274579,0.4145200959,0.7449158965,-0.5667157362,1.5743470546
0.1091251811,0.7804606308,0.4141716677,0.7452801355,-0.5680943648,1.5753226893
0.1103155924,0.7803938036,0.4138232395,0.7456463692,-0.5694729802,1.5762999842
0.1115060037,0.7803269764,0.4134748113,0.7460146041,-0.5708515787,1.5772789462
0.1126964150,0.7802601492,0.4131263832,0.7463848472,-0.5722301567,1.5782595823
0.1138868262,0.7801933220,0.4127779550,0.7467571054,-0.5736087104,1.5792418995
0.1150772375,0.7801264949,0.4124295268,0.7471313855,-0.5749872361,1.5802259049
0.1162676488,0.7800596677,0.4120810986,0.7475076945,-0.5763657302,1.5812116055
0.1174580601,0.7799928405,0.4117326704,0.7478860393,-0.5777441890,1.5821990085
0.1186484713,0.7799260133,0.4113842422,0.7482664268,-0.5791226087,1.5831881210
0.1198388826,0.7798591862,0.4110358140,0.7486488642,-0.5805009855,1.5841789502
0.1210292939,0.7797923590,0.4106873859,0.7490333584,-0.5818793158,1.5851715033
0.1222197051,0.7797255318,0.4103389577,0.7494199166,-0.5832575958,1.5861657876
0.1234101164,0.7796587046,0.4099905295,0.7498085458,-0.5846358216,1.5871618102
0.1246005277,0.7795918774,0.4096421013,0.7501992532,-0.5860139896,1.5881595786
0.1257909390,0.7795250503,0.4092936731,0.7505920460,-0.5873920959,1.5891591001
0.1269813502,0.7794582231,0.4089452449,0.7509869314,-0.5887701367,1.5901603820
0.1281717615,0.7793913959,0.4085968167,0.7513839167,-0.5901481082,1.5911634317
0.1293621728,0.7793245687,0.4082483886,0.7517830090,-0.5915260066,1.5921682567
0.1305525841,0.7792577415,0.4078999604,0.7521842158,-0.5929038280,1.5931748645
0.1317429953,0.7791909144,0.4075515322,0.7525875443,-0.5942815686,1.5941832626
0.1329334066,0.7791240872,0.4072031040,0.7529930020,-0.5956592246,1.5951934584
0.1341238179,0.7790572600,0.4068546758,0.7534005962,-0.5970367920,1.5962054596
0.1353142292,0.7789904328,0.4065062476,0.7538103344,-0.5984142669,1.5972192738
0.1365046404,0.7789236056,0.4061578194,0.7542222241,-0.5997916455,1.5982349086
0.1376950517,0.7788567785,0.4058093913,0.7546362728,-0.6011689239,1.5992523717
0.1388854630,0.7787899513,0.4054609631,0.7550524881,-0.6025460981,1.6002716708
0.1400758743,0.7787231241,0.4051125349,0.7554708774,-0.6039231643,1.6012928136
0.1412662855,0.7786562969,0.4047641067,0.7558914485,-0.6053001184,1.6023158080
0.1424566968,0.7785894697,0.4044156785,0.7563142090,-0.6066769565,1.6033406616
0.1436471081,0.7785226426,0.4040672503,0.7567391666,-0.6080536747,1.6043673825
0.1448375194,0.7784558154,0.4037188221,0.7571663289,-0.6094302689,1.6053959785
0.1460279306,0.7783889882,0.4033703940,0.7575957038,-0.6108067352,1.6064264574
0.1472183419,0.7783221610,0.4030219658,0.7580272990,-0.6121830696,1.6074588273
0.1484087532,0.7782553338,0.4026735376,0.7584611224,-0.6135592681,1.6084930961
0.1495991644,0.7781885067,0.4023251094,0.7588971819,-0.6149353266,1.6095292718
0.1507895757,0.7781216795,0.4019766812,0.7593354852,-0.6163112411,1.6105673626
0.1519799870,0.7780548523,0.4016282530,0.7597760404,-0.6176870075,1.6116073765
0.1531703983,0.7779880251,0.4012798248,0.7602188555,-0.6190626219,1.6126493216
0.1543608095,0.7779211979,0.4009313967,0.7606639384,-0.6204380800,1.6136932061
0.1555512208,0.7778543708,0.4005829685,0.7611112972,-0.6218133779,1.6147390383
0.1567416321,0.7777875436,0.4002345403,0.7615609400,-0.6231885114,1.6157868263
0.1579320434,0.7777207164,0.3998861121,0.7620128748,-0.6245634764,1.6168365785
0.1591224546,0.7776538892,0.3995376839,0.7624671099,-0.6259382688,1.6178883031
0.1603128659,0.7775870620,0.3991892557,0.7629236534,-0.6273128845,1.6189420086
0.1615032772,0.7775202349,0.3988408275,0.7633825136,-0.6286873193,1.6199977032
0.1626936885,0.7774534077,0.3984923994,0.7638436987,-0.6300615690,1.6210553955
0.1638840997,0.7773865805,0.3981439712,0.7643072170,-0.6314356295,1.6221150939
0.1650745110,0.7773197533,0.3977955430,0.7647730769,-0.6328094966,1.6231768070
0.1662649223,0.7772529261,0.3974471148,0.7652412867,-0.6341831661,1.6242405431
0.1674553336,0.7771860990,0.3970986866,0.7657118550,-0.6355566337,1.6253063111
0.1686457448,0.7771192718,0.3967502584,0.7661847900,-0.6369298953,1.6263741193
0.1698361561,0.7770524446,0.3964018302,0.7666601004,-0.6383029466,1.6274439766
0.1710265674,0.7769856174,0.3960534021,0.7671377947,-0.6396757834,1.6285158916
0.1722169786,0.7769187902,0.3957049739,0.7676178813,-0.6410484014,1.6295898731
0.1734073899,0.7768519631,0.3953565457,0.7681003690,-0.6424207963,1.6306659298
0.1745978012,0.7767851359,0.3950081175,0.7685852665,-0.6437929638,1.6317440705
0.1757882125,0.7767183087,0.3946596893,0.7690725823,-0.6451648997,1.6328243041
0.1769786237,0.7766514815,0.3943112611,0.7695623252,-0.6465365996,1.6339066396
0.1781690350,0.7765846543,0.3939628329,0.7700545040,-0.6479080591,1.6349910857
0.1793594463,0.7765178272,0.3936144048,0.7705491275,-0.6492792741,1.6360776516
0.1805498576,0.7764510000,0.3932659766,0.7710462045,-0.6506502400,1.6371663461
0.1817402688,0.7763841728,0.3929175484,0.7715457440,-0.6520209526,1.6382571784
0.1829306801,0.7763173456,0.3925691202,0.7720477549,-0.6533914074,1.6393501576
0.1841210914,0.7762505184,0.3922206920,0.7725522461,-0.6547616000,1.6404452928
0.1853115027,0.7761836913,0.3918722638,0.7730592267,-0.6561315261,1.6415425932
0.1865019139,0.7761168641,0.3915238356,0.7735687056,-0.6575011812,1.6426420680
0.1876923252,0.7760500369,0.3911754075,0.7740806921,-0.6588705609,1.6437437264
0.1888827365,0.7759832097,0.3908269793,0.7745951952,-0.6602396607,1.6448475777
0.1900731478,0.7759163826,0.3904785511,0.7751122242,-0.6616084762,1.6459536314
0.1912635590,0.7758495554,0.3901301229,0.7756317881,-0.6629770029,1.6470618967
0.1924539703,0.7757827282,0.3897816947,0.7761538964,-0.6643452363,1.6481723832
0.1936443816,0.7757159010,0.3894332665,0.7766785583,-0.6657131720,1.6492851002
0.1948347928,0.7756490738,0.3890848383,0.7772057831,-0.6670808053,1.6504000573
0.1960252041,0.7755822467,0.3887364102,0.7777355803,-0.6684481317,1.6515172640
0.1972156154,0.7755154195,0.3883879820,0.7782679592,-0.6698151468,1.6526367300
0.1984060267,0.7754485923,0.3880395538,0.7788029293,-0.6711818459,1.6537584648
0.1995964379,0.7753817651,0.3876911256,0.7793405003,-0.6725482245,1.6548824782
0.2007868492,0.7753149379,0.3873426974,0.7798806815,-0.6739142779,1.6560087799
0.2019772605,0.7752481108,0.3869942692,0.7804234827,-0.6752800017,1.6571373796
0.2031676718,0.7751812836,0.3866458411,0.7809689134,-0.6766453911,1.6582682871
0.2043580830,0.7751144564,0.3862974129,0.7815169833,-0.6780104415,1.6594015124
0.2055484943,0.7750476292,0.3859489847,0.7820677023,-0.6793751484,1.6605370652
0.2067389056,0.7749808020,0.3856005565,0.7826210800,-0.6807395069,1.6616749556
0.2079293169,0.7749139749,0.3852521283,0.7831771264,-0.6821035126,1.6628151936
0.2091197281,0.7748471477,0.3849037001,0.7837358511,-0.6834671605,1.6639577891
0.2103101394,0.7747803205,0.3845552719,0.7842972643,-0.6848304462,1.6651027522
0.2115005507,0.7747134933,0.3842068438,0.7848613757,-0.6861933648,1.6662500931
0.2126909620,0.7746466661,0.3838584156,0.7854281955,-0.6875559115,1.6673998220
0.2138813732,0.7745798390,0.3835099874,0.7859977337,-0.6889180818,1.6685519490
0.2150717845,0.7745130118,0.3831615592,0.7865700003,-0.6902798707,1.6697064843
0.2162621958,0.7744461846,0.3828131310,0.7871450055,-0.6916412736,1.6708634384
0.2174526070,0.7743793574,0.3824647028,0.7877227595,-0.6930022856,1.6720228215
0.2186430183,0.7743125302,0.3821162746,0.7883032725,-0.6943629019,1.6731846440
0.2198334296,0.7742457031,0.3817678465,0.7888865548,-0.6957231177,1.6743489165
0.2210238409,0.7741788759,0.3814194183,0.7894726166,-0.6970829281,1.6755156492
0.2222142521,0.7741120487,0.3810709901,0.7900614685,-0.6984423283,1.6766848529
0.2234046634,0.7740452215,0.3807225619,0.7906531207,-0.6998013135,1.6778565381
0.2245950747,0.7739783943,0.3803741337,0.7912475838,-0.7011598787,1.6790307153
0.2257854860,0.7739115672,0.3800257055,0.7918448682,-0.7025180190,1.6802073953
0.2269758972,0.7738447400,0.3796772773,0.7924449845,-0.7038757296,1.6813865888
0.2281663085,0.7737779128,0.3793288492,0.7930479433,-0.7052330055,1.6825683066
0.2293567198,0.7737110856,0.3789804210,0.7936537553,-0.7065898417,1.6837525594
0.2305471311,0.7736442584,0.3786319928,0.7942624311,-0.7079462332,1.6849393581
0.2317375423,0.7735774313,0.3782835646,0.7948739815,-0.7093021752,1.6861287137
0.2329279536,0.7735106041,0.3779351364,0.7954884173,-0.7106576626,1.6873206371
0.2341183649,0.7734437769,0.3775867082,0.7961057493,-0.7120126904,1.6885151393
0.2353087762,0.7733769497,0.3772382800,0.7967259884,-0.7133672535,1.6897122314
0.2364991874,0.7733101225,0.3768898519,0.7973491456,-0.7147213470,1.6909119244
0.2376895987,0.7732432954,0.3765414237,0.7979752318,-0.7160749658,1.6921142295
0.2388800100,0.7731764682,0.3761929955,0.7986042580,-0.7174281047,1.6933191579
0.2400704213,0.7731096410,0.3758445673,0.7992362355,-0.7187807587,1.6945267209
0.2412608325,0.7730428138,0.3754961391,0.7998711752,-0.7201329227,1.6957369297
0.2424512438,0.7729759866,0.3751477109,0.8005090883,-0.7214845915,1.6969497958
0.2436416551,0.7729091595,0.3747992827,0.8011499862,-0.7228357601,1.6981653304
0.2448320663,0.7728423323,0.3744508546,0.8017938800,-0.7241864232,1.6993835451
0.2460224776,0.7727755051,0.3741024264,0.8024407812,-0.7255365757,1.7006044514
0.2472128889,0.7727086779,0.3737539982,0.8030907010,-0.7268862124,1.7018280607
0.2484033002,0.7726418507,0.3734055700,0.8037436510,-0.7282353281,1.7030543847
0.2495937114,0.7725750236,0.3730571418,0.8043996426,-0.7295839175,1.7042834351
0.2507841227,0.7725081964,0.3727087136,0.8050586873,-0.7309319754,1.7055152235
0.2519745340,0.7724413692,0.3723602854,0.8057207967,-0.7322794966,1.7067497617
0.2531649453,0.7723745420,0.3720118573,0.8063859825,-0.7336264758,1.7079870614
0.2543553565,0.7723077148,0.3716634291,0.8070542563,-0.7349729076,1.7092271347
0.2555457678,0.7722408877,0.3713150009,0.8077256299,-0.7363187868,1.7104699932
0.2567361791,0.7721740605,0.3709665727,0.8084001150,-0.7376641080,1.7117156491
0.2579265904,0.7721072333,0.3706181445,0.8090777236,-0.7390088658,1.7129641142
0.2591170016,0.7720404061,0.3702697163,0.8097584675,-0.7403530551,1.7142154007
0.2603074129,0.7719735790,0.3699212881,0.8104423586,-0.7416966702,1.7154695207
0.2614978242,0.7719067518,0.3695728600,0.8111294089,-0.7430397059,1.7167264863
0.2626882355,0.7718399246,0.3692244318,0.8118196305,-0.7443821567,1.7179863098
0.2638786467,0.7717730974,0.3688760036,0.8125130355,-0.7457240171,1.7192490033
0.2650690580,0.7717062702,0.3685275754,0.8132096360,-0.7470652818,1.7205145793
0.2662594693,0.7716394431,0.3681791472,0.8139094443,-0.7484059453,1.7217830501
0.2674498805,0.7715726159,0.3678307190,0.8146124726,-0.7497460019,1.7230544281
0.2686402918,0.7715057887,0.3674822908,0.8153187332,-0.7510854464,1.7243287258
0.2698307031,0.7714389615,0.3671338627,0.8160282384,-0.7524242731,1.7256059558
0.2710211144,0.7713721343,0.3667854345,0.8167410008,-0.7537624764,1.7268861305
0.2722115256,0.7713053072,0.3664370063,0.8174570327,-0.7551000508,1.7281692627
0.2734019369,0.7712384800,0.3660885781,0.8181763467,-0.7564369908,1.7294553651
0.2745923482,0.7711716528,0.3657401499,0.8188989554,-0.7577732907,1.7307444504
0.2757827595,0.7711048256,0.3653917217,0.8196248713,-0.7591089449,1.7320365313
0.2769731707,0.7710379984,0.3650432935,0.8203541073,-0.7604439478,1.7333316208
0.2781635820,0.7709711713,0.3646948654,0.8210866760,-0.7617782936,1.7346297318
0.2793539933,0.7709043441,0.3643464372,0.8218225902,-0.7631119768,1.7359308771
0.2805444046,0.7708375169,0.3639980090,0.8225618628,-0.7644449916,1.7372350699
0.2817348158,0.7707706897,0.3636495808,0.8233045067,-0.7657773323,1.7385423232
0.2829252271,0.7707038625,0.3633011526,0.8240505348,-0.7671089932,1.7398526501
0.2841156384,0.7706370354,0.3629527244,0.8247999602,-0.7684399685,1.7411660639
0.2853060497,0.7705702082,0.3626042962,0.8255527959,-0.7697702525,1.7424825777
0.2864964609,0.7705033810,0.3622558681,0.8263090550,-0.7710998393,1.7438022048
0.2876868722,0.7704365538,0.3619074399,0.8270687508,-0.7724287231,1.7451249586
0.2888772835,0.7703697266,0.3615590117,0.8278318965,-0.7737568982,1.7464508525
0.2900676947,0.7703028995,0.3612105835,0.8285985053,-0.7750843586,1.7477799000
0.2912581060,0.7702360723,0.3608621553,0.8293685906,-0.7764110984,1.7491121145
0.2924485173,0.7701692451,0.3605137271,0.8301421659,-0.7777371118,1.7504475097
0.2936389286,0.7701024179,0.3601652990,0.8309192445,-0.7790623929,1.7517860991
0.2948293398,0.7700355907,0.3598168708,0.8316998400,-0.7803869357,1.7531278964
0.2960197511,0.7699687636,0.3594684426,0.8324839660,-0.7817107343,1.7544729155
0.2972101624,0.7699019364,0.3591200144,0.8332716360,-0.7830337827,1.7558211700
0.2984005737,0.7698351092,0.3587715862,0.8340628638,-0.7843560748,1.7571726739
0.2995909849,0.7697682820,0.3584231580,0.8348576632,-0.7856776048,1.7585274409
0.3007813962,0.7697014548,0.3580747298,0.8356560478,-0.7869983665,1.7598854852
0.3019718075,0.7696346277,0.3577263017,0.8364580317,-0.7883183538,1.7612468207
0.3031622188,0.7695678005,0.3573778735,0.8372636286,-0.7896375608,1.7626114616
0.3043526300,0.7695009733,0.3570294453,0.8380728526,-0.7909559813,1.7639794218
0.3055430413,0.7694341461,0.3566810171,0.8388857176,-0.7922736091,1.7653507157
0.3067334526,0.7693673189,0.3563325889,0.8397022378,-0.7935904382,1.7667253575
0.3079238639,0.7693004918,0.3559841607,0.8405224274,-0.7949064623,1.7681033614
0.3091142751,0.7692336646,0.3556357325,0.8413463004,-0.7962216754,1.7694847420
0.3103046864,0.7691668374,0.3552873044,0.8421738712,-0.7975360711,1.7708695135
0.3114950977,0.7691000102,0.3549388762,0.8430051540,-0.7988496432,1.7722576904
0.3126855090,0.7690331830,0.3545904480,0.8438401633,-0.8001623855,1.7736492874
0.3138759202,0.7689663559,0.3542420198,0.8446789135,-0.8014742918,1.7750443190
0.3150663315,0.7688995287,0.3538935916,0.8455214190,-0.8027853556,1.7764427998
0.3162567428,0.7688327015,0.3535451634,0.8463676945,-0.8040955708,1.7778447445
0.3174471540,0.7687658743,0.3531967352,0.8472177544,-0.8054049309,1.7792501680
0.3186375653,0.7686990471,0.3528483071,0.8480716136,-0.8067134296,1.7806590851
0.3198279766,0.7686322200,0.3524998789,0.8489292866,-0.8080210605,1.7820715106
0.3210183879,0.7685653928,0.3521514507,0.8497907883,-0.8093278173,1.7834874595
0.3222087991,0.7684985656,0.3518030225,0.8506561335,-0.8106336934,1.7849069468
0.3233992104,0.7684317384,0.3514545943,0.8515253371,-0.8119386824,1.7863299876
0.3245896217,0.7683649112,0.3511061661,0.8523984140,-0.8132427778,1.7877565969
0.3257800330,0.7682980841,0.3507577379,0.8532753794,-0.8145459732,1.7891867900
0.3269704442,0.7682312569,0.3504093098,0.8541562481,-0.8158482620,1.7906205820
0.3281608555,0.7681644297,0.3500608816,0.8550410354,-0.8171496377,1.7920579884
0.3293512668,0.7680976025,0.3497124534,0.8559297565,-0.8184500937,1.7934990244
0.3305416781,0.7680307754,0.3493640252,0.8568224266,-0.8197496234,1.7949437054
0.3317320893,0.7679639482,0.3490155970,0.8577190609,-0.8210482202,1.7963920470
0.3329225006,0.7678971210,0.3486671688,0.8586196749,-0.8223458774,1.7978440646
0.3341129119,0.7678302938,0.3483187406,0.8595242840,-0.8236425885,1.7992997739
0.3353033232,0.7677634666,0.3479703125,0.8604329037,-0.8249383466,1.8007591904
0.3364937344,0.7676966395,0.3476218843,0.8613455495,-0.8262331451,1.8022223299
0.3376841457,0.7676298123,0.3472734561,0.8622622369,-0.8275269772,1.8036892082
0.3388745570,0.7675629851,0.3469250279,0.8631829818,-0.8288198363,1.8051598411
0.3400649682,0.7674961579,0.3465765997,0.8641077996,-0.8301117154,1.8066342444
0.3412553795,0.7674293307,0.3462281715,0.8650367064,-0.8314026079,1.8081124341
0.3424457908,0.7673625036,0.3458797433,0.8659697178,-0.8326925068,1.8095944262
0.3436362021,0.7672956764,0.3455313152,0.8669068497,-0.8339814053,1.8110802368
0.3448266133,0.7672288492,0.3451828870,0.8678481182,-0.8352692965,1.8125698819
0.3460170246,0.7671620220,0.3448344588,0.8687935392,-0.8365561736,1.8140633778
0.3472074359,0.7670951948,0.3444860306,0.8697431288,-0.8378420295,1.8155607407
0.3483978472,0.7670283677,0.3441376024,0.8706969031,-0.8391268573,1.8170619868
0.3495882584,0.7669615405,0.3437891742,0.8716548783,-0.8404106500,1.8185671326
0.3507786697,0.7668947133,0.3434407460,0.8726170707,-0.8416934007,1.8200761943
0.3519690810,0.7668278861,0.3430923179,0.8735834964,-0.8429751022,1.8215891886
0.3531594923,0.7667610589,0.3427438897,0.8745541720,-0.8442557476,1.8231061319
0.3543499035,0.7666942318,0.3423954615,0.8755291138,-0.8455353297,1.8246270408
0.3555403148,0.7666274046,0.3420470333,0.8765083382,-0.8468138414,1.8261519319
0.3567307261,0.7665605774,0.3416986051,0.8774918619,-0.8480912756,1.8276808220
0.3579211374,0.7664937502,0.3413501769,0.8784797014,-0.8493676252,1.8292137278
0.3591115486,0.7664269230,0.3410017487,0.8794718733,-0.8506428828,1.8307506661
0.3603019599,0.7663600959,0.3406533206,0.8804683944,-0.8519170414,1.8322916538
0.3614923712,0.7662932687,0.3403048924,0.8814692814,-0.8531900936,1.8338367077
0.3626827824,0.7662264415,0.3399564642,0.8824745512,-0.8544620322,1.8353858450
0.3638731937,0.7661596143,0.3396080360,0.8834842206,-0.8557328499,1.8369390827
0.3650636050,0.7660927871,0.3392596078,0.8844983066,-0.8570025393,1.8384964378
0.3662540163,0.7660259600,0.3389111796,0.8855168261,-0.8582710932,1.8400579275
0.3674444275,0.7659591328,0.3385627514,0.8865397962,-0.8595385041,1.8416235690
0.3686348388,0.7658923056,0.3382143233,0.8875672340,-0.8608047646,1.8431933797
0.3698252501,0.7658254784,0.3378658951,0.8885991567,-0.8620698673,1.8447673767
0.3710156614,0.7657586512,0.3375174669,0.8896355814,-0.8633338048,1.8463455776
0.3722060726,0.7656918241,0.3371690387,0.8906765256,-0.8645965694,1.8479279997
0.3733964839,0.7656249969,0.3368206105,0.8917220064,-0.8658581538,1.8495146606
0.3745868952,0.7655581697,0.3364721823,0.8927720413,-0.8671185504,1.8511055778
0.3757773065,0.7654913425,0.3361237542,0.8938266478,-0.8683777516,1.8527007689
0.3769677177,0.7654245153,0.3357753260,0.8948858433,-0.8696357498,1.8543002517
0.3781581290,0.7653576882,0.3354268978,0.8959496453,-0.8708925374,1.8559040437
0.3793485403,0.7652908610,0.3350784696,0.8970180716,-0.8721481067,1.8575121628
0.3805389516,0.7652240338,0.3347300414,0.8980911397,-0.8734024500,1.8591246268
0.3817293628,0.7651572066,0.3343816132,0.8991688674,-0.8746555596,1.8607414536
0.3829197741,0.7650903794,0.3340331850,0.9002512724,-0.8759074278,1.8623626612
0.3841101854,0.7650235523,0.3336847569,0.9013383726,-0.8771580467,1.8639882674
0.3853005967,0.7649567251,0.3333363287,0.9024301859,-0.8784074087,1.8656182905
0.3864910079,0.7648898979,0.3329879005,0.9035267301,-0.8796555058,1.8672527485
0.3876814192,0.7648230707,0.3326394723,0.9046280233,-0.8809023303,1.8688916594
0.3888718305,0.7647562435,0.3322910441,0.9057340836,-0.8821478741,1.8705350417
0.3900622417,0.7646894164,0.3319426159,0.9068449289,-0.8833921294,1.8721829134
0.3912526530,0.7646225892,0.3315941877,0.9079605776,-0.8846350883,1.8738352929
0.3924430643,0.7645557620,0.3312457596,0.9090810476,-0.8858767427,1.8754921987
0.3936334756,0.7644889348,0.3308973314,0.9102063574,-0.8871170847,1.8771536490
0.3948238868,0.7644221076,0.3305489032,0.9113365252,-0.8883561062,1.8788196623
0.3960142981,0.7643552805,0.3302004750,0.9124715693,-0.8895937991,1.8804902573
0.3972047094,0.7642884533,0.3298520468,0.9136115082,-0.8908301554,1.8821654524
0.3983951207,0.7642216261,0.3295036186,0.9147563602,-0.8920651669,1.8838452662
0.3995855319,0.7641547989,0.3291551904,0.9159061440,-0.8932988255,1.8855297175
0.4007759432,0.7640879718,0.3288067623,0.9170608781,-0.8945311229,1.8872188249
0.4019663545,0.7640211446,0.3284583341,0.9182205810,-0.8957620509,1.8889126073
0.4031567658,0.7639543174,0.3281099059,0.9193852714,-0.8969916014,1.8906110833
0.4043471770,0.7638874902,0.3277614777,0.9205549680,-0.8982197659,1.8923142720
0.4055375883,0.7638206630,0.3274130495,0.9217296895,-0.8994465362,1.8940221921
0.4067279996,0.7637538359,0.3270646213,0.9229094548,-0.9006719040,1.8957348627
0.4079184109,0.7636870087,0.3267161931,0.9240942826,-0.9018958608,1.8974523028
0.4091088221,0.7636201815,0.3263677650,0.9252841919,-0.9031183983,1.8991745313
0.4102992334,0.7635533543,0.3260193368,0.9264792016,-0.9043395080,1.9009015675
0.4114896447,0.7634865271,0.3256709086,0.9276793306,-0.9055591814,1.9026334304
0.4126800559,0.7634197000,0.3253224804,0.9288845980,-0.9067774100,1.9043701392
0.4138704672,0.7633528728,0.3249740522,0.9300950229,-0.9079941854,1.9061117132
0.4150608785,0.7632860456,0.3246256240,0.9313106242,-0.9092094989,1.9078581716
0.4162512898,0.7632192184,0.3242771958,0.9325314213,-0.9104233419,1.9096095337
0.4174417010,0.7631523912,0.3239287677,0.9337574332,-0.9116357058,1.9113658189
0.4186321123,0.7630855641,0.3235803395,0.9349886792,-0.9128465819,1.9131270466
0.4198225236,0.7630187369,0.3232319113,0.9362251787,-0.9140559616,1.9148932363
0.4210129349,0.7629519097,0.3228834831,0.9374669508,-0.9152638360,1.9166644073
0.4222033461,0.7628850825,0.3225350549,0.9387140149,-0.9164701965,1.9184405793
0.4233937574,0.7628182553,0.3221866267,0.9399663905,-0.9176750342,1.9202217717
0.4245841687,0.7627514282,0.3218381985,0.9412240969,-0.9188783403,1.9220080042
0.4257745800,0.7626846010,0.3214897704,0.9424871537,-0.9200801059,1.9237992964
0.4269649912,0.7626177738,0.3211413422,0.9437555802,-0.9212803222,1.9255956680
0.4281554025,0.7625509466,0.3207929140,0.9450293962,-0.9224789802,1.9273971387
0.4293458138,0.7624841194,0.3204444858,0.9463086211,-0.9236760710,1.9292037282
0.4305362251,0.7624172923,0.3200960576,0.9475932746,-0.9248715855,1.9310154563
0.4317266363,0.7623504651,0.3197476294,0.9488833763,-0.9260655147,1.9328323429
0.4329170476,0.7622836379,0.3193992012,0.9501789458,-0.9272578496,1.9346544076
0.4341074589,0.7622168107,0.3190507731,0.9514800030,-0.9284485810,1.9364816705
0.4352978701,0.7621499835,0.3187023449,0.9527865674,-0.9296376999,1.9383141515
0.4364882814,0.7620831564,0.3183539167,0.9540986590,-0.9308251970,1.9401518704
0.4376786927,0.7620163292,0.3180054885,0.9554162974,-0.9320110632,1.9419948472
0.4388691040,0.7619495020,0.3176570603,0.9567395026,-0.9331952891,1.9438431020
0.4400595152,0.7618826748,0.3173086321,0.9580682944,-0.9343778657,1.9456966547
0.4412499265,0.7618158476,0.3169602039,0.9594026926,-0.9355587834,1.9475555254
0.4424403378,0.7617490205,0.3166117758,0.9607427172,-0.9367380331,1.9494197342
0.4436307491,0.7616821933,0.3162633476,0.9620883881,-0.9379156053,1.9512893012
0.4448211603,0.7616153661,0.3159149194,0.9634397253,-0.9390914906,1.9531642464
0.4460115716,0.7615485389,0.3155664912,0.9647967487,-0.9402656796,1.9550445902
0.4472019829,0.7614817117,0.3152180630,0.9661594784,-0.9414381627,1.9569303525
0.4483923942,0.7614148846,0.3148696348,0.9675279344,-0.9426089306,1.9588215536
0.4495828054,0.7613480574,0.3145212066,0.9689021367,-0.9437779736,1.9607182138
0.4507732167,0.7612812302,0.3141727785,0.9702821053,-0.9449452821,1.9626203532
0.4519636280,0.7612144030,0.3138243503,0.9716678604,-0.9461108465,1.9645279921
0.4531540393,0.7611475758,0.3134759221,0.9730594221,-0.9472746572,1.9664411508
0.4543444505,0.7610807487,0.3131274939,0.9744568105,-0.9484367045,1.9683598494
0.4555348618,0.7610139215,0.3127790657,0.9758600457,-0.9495969787,1.9702841084
0.4567252731,0.7609470943,0.3124306375,0.9772691478,-0.9507554699,1.9722139481
0.4579156843,0.7608802671,0.3120822093,0.9786841370,-0.9519121684,1.9741493886
0.4591060956,0.7608134399,0.3117337812,0.9801050334,-0.9530670643,1.9760904505
0.4602965069,0.7607466128,0.3113853530,0.9815318573,-0.9542201478,1.9780371539
0.4614869182,0.7606797856,0.3110369248,0.9829646287,-0.9553714090,1.9799895194
0.4626773294,0.7606129584,0.3106884966,0.9844033680,-0.9565208379,1.9819475671
0.4638677407,0.7605461312,0.3103400684,0.9858480952,-0.9576684246,1.9839113174
0.4650581520,0.7604793040,0.3099916402,0.9872988307,-0.9588141590,1.9858807908
0.4662485633,0.7604124769,0.3096432121,0.9887555944,-0.9599580311,1.9878560076
0.4674389745,0.7603456497,0.3092947839,0.9902184068,-0.9611000307,1.9898369881
0.4686293858,0.7602788225,0.3089463557,0.9916872879,-0.9622401479,1.9918237527
0.4698197971,0.7602119953,0.3085979275,0.9931622580,-0.9633783723,1.9938163218
0.4710102084,0.7601451682,0.3082494993,0.9946433373,-0.9645146938,1.9958147158
0.4722006196,0.7600783410,0.3079010711,0.9961305459,-0.9656491023,1.9978189549
0.4733910309,0.7600115138,0.3075526429,0.9976239040,-0.9667815873,1.9998290595
0.4745814422,0.7599446866,0.3072042148,0.9991234318,-0.9679121386,2.0018450500
0.4757718535,0.7598778594,0.3068557866,1.0006291496,-0.9690407458,2.0038669468
0.4769622647,0.7598110323,0.3065073584,1.0021410773,-0.9701673986,2.0058947700
0.4781526760,0.7597442051,0.3061589302,1.0036592352,-0.9712920866,2.0079285401
0.4793430873,0.7596773779,0.3058105020,1.0051836434,-0.9724147992,2.0099682773
0.4805334986,0.7596105507,0.3054620738,1.0067143220,-0.9735355261,2.0120140019
0.4817239098,0.7595437235,0.3051136456,1.0082512911,-0.9746542566,2.0140657342
0.4829143211,0.7594768964,0.3047652175,1.0097945709,-0.9757709802,2.0161234943
0.4841047324,0.7594100692,0.3044167893,1.0113441812,-0.9768856863,2.0181873026
0.4852951436,0.7593432420,0.3040683611,1.0129001422,-0.9779983643,2.0202571792
0.4864855549,0.7592764148,0.3037199329,1.0144624739,-0.9791090035,2.0223331443
0.4876759662,0.7592095876,0.3033715047,1.0160311962,-0.9802175931,2.0244152180
0.4888663775,0.7591427605,0.3030230765,1.0176063291,-0.9813241224,2.0265034205
0.4900567887,0.7590759333,0.3026746483,1.0191878926,-0.9824285807,2.0285977718
0.4912472000,0.7590091061,0.3023262202,1.0207759064,-0.9835309570,2.0306982920
0.4924376113,0.7589422789,0.3019777920,1.0223703906,-0.9846312406,2.0328050010
0.4936280226,0.7588754517,0.3016293638,1.0239713648,-0.9857294206,2.0349179190
0.4948184338,0.7588086246,0.3012809356,1.0255788488,-0.9868254859,2.0370370658
0.4960088451,0.7587417974,0.3009325074,1.0271928625,-0.9879194257,2.0391624613
0.4971992564,0.7586749702,0.3005840792,1.0288134255,-0.9890112288,2.0412941255
0.4983896677,0.7586081430,0.3002356510,1.0304405574,-0.9901008844,2.0434320780
0.4995800789,0.7585413158,0.2998872229,1.0320742779,-0.9911883812,2.0455763387
0.5007704902,0.7584744887,0.2995387947,1.0337146065,-0.9922737081,2.0477269273
0.5019609015,0.7584076615,0.2991903665,1.0353615627,-0.9933568541,2.0498838635
0.5031513128,0.7583408343,0.2988419383,1.0370151660,-0.9944378079,2.0520471669
0.5043417240,0.7582740071,0.2984935101,1.0386754358,-0.9955165582,2.0542168570
0.5055321353,0.7582071799,0.2981450819,1.0403423913,-0.9965930939,2.0563929534
0.5067225466,0.7581403528,0.2977966537,1.0420160519,-0.9976674035,2.0585754754
0.5079129578,0.7580735256,0.2974482256,1.0436964369,-0.9987394758,2.0607644425
0.5091033691,0.7580066984,0.2970997974,1.0453835652,-0.9998092993,2.0629598740
0.5102937804,0.7579398712,0.2967513692,1.0470774561,-1.0008768627,2.0651617892
0.5114841917,0.7578730440,0.2964029410,1.0487781286,-1.0019421545,2.0673702071
0.5126746029,0.7578062169,0.2960545128,1.0504856015,-1.0030051633,2.0695851470
0.5138650142,0.7577393897,0.2957060846,1.0521998938,-1.0040658774,2.0718066277
0.5150554255,0.7576725625,0.2953576564,1.0539210242,-1.0051242853,2.0740346684
0.5162458368,0.7576057353,0.2950092283,1.0556490114,-1.0061803754,2.0762692878
0.5174362480,0.7575389081,0.2946608001,1.0573838741,-1.0072341361,2.0785105048
0.5186266593,0.7574720810,0.2943123719,1.0591256308,-1.0082855558,2.0807583380
0.5198170706,0.7574052538,0.2939639437,1.0608742999,-1.0093346226,2.0830128061
0.5210074819,0.7573384266,0.2936155155,1.0626298998,-1.0103813250,2.0852739276
0.5221978931,0.7572715994,0.2932670873,1.0643924489,-1.0114256510,2.0875417209
0.5233883044,0.7572047722,0.2929186591,1.0661619651,-1.0124675889,2.0898162043
0.5245787157,0.7571379451,0.2925702310,1.0679384667,-1.0135071268,2.0920973961
0.5257691270,0.7570711179,0.2922218028,1.0697219715,-1.0145442528,2.0943853144
0.5269595382,0.7570042907,0.2918733746,1.0715124975,-1.0155789551,2.0966799772
0.5281499495,0.7569374635,0.2915249464,1.0733100624,-1.0166112217,2.0989814025
0.5293403608,0.7568706363,0.2911765182,1.0751146838,-1.0176410405,2.1012896080
0.5305307720,0.7568038092,0.2908280900,1.0769263793,-1.0186683996,2.1036046115
0.5317211833,0.7567369820,0.2904796618,1.0787451662,-1.0196932868,2.1059264305
0.5329115946,0.7566701548,0.2901312337,1.0805710619,-1.0207156902,2.1082550825
0.5341020059,0.7566033276,0.2897828055,1.0824040836,-1.0217355976,2.1105905848
0.5352924171,0.7565365004,0.2894343773,1.0842442482,-1.0227529967,2.1129329546
0.5364828284,0.7564696733,0.2890859491,1.0860915727,-1.0237678755,2.1152822089
0.5376732397,0.7564028461,0.2887375209,1.0879460738,-1.0247802216,2.1176383648
0.5388636510,0.7563360189,0.2883890927,1.0898077683,-1.0257900229,2.1200014391
0.5400540622,0.7562691917,0.2880406645,1.0916766725,-1.0267972670,2.1223714483
0.5412444735,0.7562023646,0.2876922364,1.0935528029,-1.0278019417,2.1247484090
0.5424348848,0.7561355374,0.2873438082,1.0954361757,-1.0288040344,2.1271323376
0.5436252961,0.7560687102,0.2869953800,1.0973268069,-1.0298035329,2.1295232503
0.5448157073,0.7560018830,0.2866469518,1.0992247125,-1.0308004247,2.1319211632
0.5460061186,0.7559350558,0.2862985236,1.1011299082,-1.0317946974,2.1343260923
0.5471965299,0.7558682287,0.2859500954,1.1030424095,-1.0327863384,2.1367380531
0.5483869412,0.7558014015,0.2856016672,1.1049622320,-1.0337753353,2.1391570615
0.5495773524,0.7557345743,0.2852532391,1.1068893909,-1.0347616755,2.1415831327
0.5507677637,0.7556677471,0.2849048109,1.1088239012,-1.0357453464,2.1440162820
0.5519581750,0.7556009199,0.2845563827,1.1107657780,-1.0367263354,2.1464565246
0.5531485863,0.7555340928,0.2842079545,1.1127150358,-1.0377046298,2.1489038752
0.5543389975,0.7554672656,0.2838595263,1.1146716894,-1.0386802171,2.1513583487
0.5555294088,0.7554004384,0.2835110981,1.1166357530,-1.0396530844,2.1538199595
0.5567198201,0.7553336112,0.2831626700,1.1186072409,-1.0406232190,2.1562887221
0.5579102313,0.7552667840,0.2828142418,1.1205861669,-1.0415906082,2.1587646505
0.5591006426,0.7551999569,0.2824658136,1.1225725450,-1.0425552392,2.1612477588
0.5602910539,0.7551331297,0.2821173854,1.1245663887,-1.0435170991,2.1637380606
0.5614814652,0.7550663025,0.2817689572,1.1265677115,-1.0444761752,2.1662355695
0.5626718764,0.7549994753,0.2814205290,1.1285765263,-1.0454324545,2.1687402988
0.5638622877,0.7549326481,0.2810721008,1.1305928464,-1.0463859241,2.1712522618
0.5650526990,0.7548658210,0.2807236727,1.1326166843,-1.0473365712,2.1737714712
0.5662431103,0.7547989938,0.2803752445,1.1346480526,-1.0482843826,2.1762979398
0.5674335215,0.7547321666,0.2800268163,1.1366869636,-1.0492293456,2.1788316800
0.5686239328,0.7546653394,0.2796783881,1.1387334294,-1.0501714470,2.1813727041
0.5698143441,0.7545985122,0.2793299599,1.1407874618,-1.0511106738,2.1839210241
0.5710047554,0.7545316851,0.2789815317,1.1428490724,-1.0520470129,2.1864766517
0.5721951666,0.7544648579,0.2786331035,1.1449182727,-1.0529804514,2.1890395985
0.5733855779,0.7543980307,0.2782846754,1.1469950736,-1.0539109760,2.1916098757
0.5745759892,0.7543312035,0.2779362472,1.1490794861,-1.0548385736,2.1941874944
0.5757664005,0.7542643763,0.2775878190,1.1511715207,-1.0557632312,2.1967724653
0.5769568117,0.7541975492,0.2772393908,1.1532711879,-1.0566849354,2.1993647989
0.5781472230,0.7541307220,0.2768909626,1.1553784976,-1.0576036731,2.2019645055
0.5793376343,0.7540638948,0.2765425344,1.1574934598,-1.0585194312,2.2045715951
0.5805280455,0.7539970676,0.2761941062,1.1596160840,-1.0594321962,2.2071860774
0.5817184568,0.7539302404,0.2758456781,1.1617463794,-1.0603419551,2.2098079618
0.5829088681,0.7538634133,0.2754972499,1.1638843551,-1.0612486945,2.2124372575
0.5840992794,0.7537965861,0.2751488217,1.1660300196,-1.0621524010,2.2150739732
0.5852896906,0.7537297589,0.2748003935,1.1681833816,-1.0630530615,2.2177181177
0.5864801019,0.7536629317,0.2744519653,1.1703444490,-1.0639506625,2.2203696992
0.5876705132,0.7535961045,0.2741035371,1.1725132297,-1.0648451906,2.2230287257
0.5888609245,0.7535292774,0.2737551089,1.1746897312,-1.0657366326,2.2256952048
0.5900513357,0.7534624502,0.2734066808,1.1768739608,-1.0666249750,2.2283691440
0.5912417470,0.7533956230,0.2730582526,1.1790659253,-1.0675102044,2.2310505502
0.5924321583,0.7533287958,0.2727098244,1.1812656313,-1.0683923075,2.2337394303
0.5936225696,0.7532619686,0.2723613962,1.1834730851,-1.0692712707,2.2364357906
0.5948129808,0.7531951415,0.2720129680,1.1856882926,-1.0701470805,2.2391396373
0.5960033921,0.7531283143,0.2716645398,1.1879112594,-1.0710197237,2.2418509761
0.5971938034,0.7530614871,0.2713161116,1.1901419907,-1.0718891866,2.2445698124
0.5983842147,0.7529946599,0.2709676835,1.1923804916,-1.0727554558,2.2472961513
0.5995746259,0.7529278327,0.2706192553,1.1946267665,-1.0736185178,2.2500299976
0.6007650372,0.7528610056,0.2702708271,1.1968808197,-1.0744783590,2.2527713556
0.6019554485,0.7527941784,0.2699223989,1.1991426551,-1.0753349661,2.2555202295
0.6031458597,0.7527273512,0.2695739707,1.2014122762,-1.0761883253,2.2582766227
0.6043362710,0.7526605240,0.2692255425,1.2036896861,-1.0770384232,2.2610405388
0.6055266823,0.7525936968,0.2688771143,1.2059748877,-1.0778852463,2.2638119806
0.6067170936,0.7525268697,0.2685286862,1.2082678832,-1.0787287810,2.2665909506
0.6079075048,0.7524600425,0.2681802580,1.2105686749,-1.0795690137,2.2693774511
0.6090979161,0.7523932153,0.2678318298,1.2128772642,-1.0804059309,2.2721714839
0.6102883274,0.7523263881,0.2674834016,1.2151936525,-1.0812395190,2.2749730503
0.6114787387,0.7522595610,0.2671349734,1.2175178405,-1.0820697644,2.2777821515
0.6126691499,0.7521927338,0.2667865452,1.2198498289,-1.0828966536,2.2805987880
0.6138595612,0.7521259066,0.2664381170,1.2221896176,-1.0837201729,2.2834229600
0.6150499725,0.7520590794,0.2660896889,1.2245372062,-1.0845403089,2.2862546674
0.6162403838,0.7519922522,0.2657412607,1.2268925941,-1.0853570479,2.2890939095
0.6174307950,0.7519254251,0.2653928325,1.2292557801,-1.0861703764,2.2919406854
0.6186212063,0.7518585979,0.2650444043,1.2316267624,-1.0869802807,2.2947949935
0.6198116176,0.7517917707,0.2646959761,1.2340055392,-1.0877867473,2.2976568321
0.6210020289,0.7517249435,0.2643475479,1.2363921079,-1.0885897627,2.3005261988
0.6221924401,0.7516581163,0.2639991197,1.2387864657,-1.0893893132,2.3034030909
0.6233828514,0.7515912892,0.2636506916,1.2411886092,-1.0901853854,2.3062875051
0.6245732627,0.7515244620,0.2633022634,1.2435985346,-1.0909779656,2.3091794380
0.6269540852,0.7513908076,0.2626054070,1.2484417137,-1.0925525959,2.3149858426
0.6274777429,0.7517247832,0.2632126727,1.2518707379,-1.0930939408,2.3186711529
0.6280014006,0.7520587588,0.2638199384,1.2553082634,-1.0936295574,2.3223649763
0.6285250582,0.7523927344,0.2644272040,1.2587542296,-1.0941594223,2.3260672524
0.6290487159,0.7527267100,0.2650344697,1.2622085751,-1.0946835118,2.3297779195
0.6295723736,0.7530606856,0.2656417354,1.2656712371,-1.0952018028,2.3334969148
0.6300960312,0.7533946611,0.2662490011,1.2691421517,-1.0957142720,2.3372241746
0.6306196889,0.7537286367,0.2668562668,1.2726212539,-1.0962208965,2.3409596338
0.6311433466,0.7540626123,0.2674635324,1.2761084774,-1.0967216533,2.3447032261
0.6316670042,0.7543965879,0.2680707981,1.2796037550,-1.0972165199,2.3484548842
0.6321906619,0.7547305635,0.2686780638,1.2831070182,-1.0977054737,2.3522145397
0.6327143196,0.7550645391,0.2692853295,1.2866181974,-1.0981884923,2.3559821230
0.6332379773,0.7553985147,0.2698925951,1.2901372217,-1.0986655535,2.3597575631
0.6337616349,0.7557324903,0.2704998608,1.2936640193,-1.0991366354,2.3635407883
0.6342852926,0.7560664659,0.2711071265,1.2971985171,-1.0996017160,2.3673317255
0.6348089503,0.7564004414,0.2717143922,1.3007406410,-1.1000607738,2.3711303004
0.6353326079,0.7567344170,0.2723216579,1.3042903156,-1.1005137874,2.3749364378
0.6358562656,0.7570683926,0.2729289235,1.3078474645,-1.1009607353,2.3787500612
0.6363799233,0.7574023682,0.2735361892,1.3114120102,-1.1014015966,2.3825710930
0.6369035809,0.7577363438,0.2741434549,1.3149838739,-1.1018363503,2.3863994546
0.6374272386,0.7580703194,0.2747507206,1.3185629758,-1.1022649758,2.3902350661
0.6379508963,0.7584042950,0.2753579862,1.3221492350,-1.1026874527,2.3940778465
0.6384745540,0.7587382706,0.2759652519,1.3257425695,-1.1031037605,2.3979277140
0.6389982116,0.7590722461,0.2765725176,1.3293428963,-1.1035138794,2.4017845854
0.6395218693,0.7594062217,0.2771797833,1.3329501310,-1.1039177895,2.4056483764
0.6400455270,0.7597401973,0.2777870490,1.3365641885,-1.1043154711,2.4095190018
0.6405691846,0.7600741729,0.2783943146,1.3401849823,-1.1047069049,2.4133963752
0.6410928423,0.7604081485,0.2790015803,1.3438124250,-1.1050920717,2.4172804091
0.6416165000,0.7607421241,0.2796088460,1.3474464281,-1.1054709526,2.4211710151
0.6421401576,0.7610760997,0.2802161117,1.3510869021,-1.1058435288,2.4250681035
0.6426638153,0.7614100753,0.2808233773,1.3547337564,-1.1062097820,2.4289715839
0.6431874730,0.7617440509,0.2814306430,1.3583868993,-1.1065696939,2.4328813645
0.6437111306,0.7620780264,0.2820379087,1.3620462382,-1.1069232464,2.4367973527
0.6442347883,0.7624120020,0.2826451744,1.3657116794,-1.1072704220,2.4407194548
0.6447584460,0.7627459776,0.2832524401,1.3693831283,-1.1076112032,2.4446475762
0.6452821037,0.7630799532,0.2838597057,1.3730604892,-1.1079455726,2.4485816211
0.6458057613,0.7634139288,0.2844669714,1.3767436654,-1.1082735134,2.4525214929
0.6463294190,0.7637479044,0.2850742371,1.3804325593,-1.1085950089,2.4564670939
0.6468530767,0.7640818800,0.2856815028,1.3841270722,-1.1089100426,2.4604183257
0.6473767343,0.7644158556,0.2862887684,1.3878271048,-1.1092185983,2.4643750885
0.6479003920,0.7647498312,0.2868960341,1.3915325565,-1.1095206603,2.4683372820
0.6484240497,0.7650838067,0.2875032998,1.3952433258,-1.1098162128,2.4723048047
0.6489477073,0.7654177823,0.2881105655,1.3989593106,-1.1101052405,2.4762775543
0.6494713650,0.7657517579,0.2887178312,1.4026804076,-1.1103877285,2.4802554277
0.6499950227,0.7660857335,0.2893250968,1.4064065126,-1.1106636618,2.4842383207
0.6505186803,0.7664197091,0.2899323625,1.4101375209,-1.1109330261,2.4882261283
0.6510423380,0.7667536847,0.2905396282,1.4138733265,-1.1111958070,2.4922187449
0.6515659957,0.7670876603,0.2911468939,1.4176138229,-1.1114519909,2.4962160636
0.6520896534,0.7674216359,0.2917541595,1.4213589025,-1.1117015639,2.5002179771
0.6526133110,0.7677556114,0.2923614252,1.4251084572,-1.1119445129,2.5042243771
0.6531369687,0.7680895870,0.2929686909,1.4288623778,-1.1121808249,2.5082351544
0.6536606264,0.7684235626,0.2935759566,1.4326205545,-1.1124104870,2.5122501994
0.6541842840,0.7687575382,0.2941832223,1.4363828767,-1.1126334870,2.5162694013
0.6547079417,0.7690915138,0.2947904879,1.4401492332,-1.1128498128,2.5202926489
0.6552315994,0.7694254894,0.2953977536,1.4439195118,-1.1130594526,2.5243198301
0.6557552570,0.7697594650,0.2960050193,1.4476935999,-1.1132623950,2.5283508322
0.6562789147,0.7700934406,0.2966122850,1.4514713839,-1.1134586287,2.5323855416
0.6568025724,0.7704274162,0.2972195506,1.4552527498,-1.1136481431,2.5364238443
0.6573262301,0.7707613917,0.2978268163,1.4590375829,-1.1138309276,2.5404656256
0.6578498877,0.7710953673,0.2984340820,1.4628257677,-1.1140069720,2.5445107700
0.6583735454,0.7714293429,0.2990413477,1.4666171883,-1.1141762665,2.5485591615
0.6588972031,0.7717633185,0.2996486134,1.4704117280,-1.1143388017,2.5526106836
0.6594208607,0.7720972941,0.3002558790,1.4742092698,-1.1144945682,2.5566652191
0.6599445184,0.7724312697,0.3008631447,1.4780096959,-1.1146435574,2.5607226503
0.6604681761,0.7727652453,0.3014704104,1.4818128881,-1.1147857605,2.5647828590
0.6609918337,0.7730992209,0.3020776761,1.4856187276,-1.1149211696,2.5688457263
0.6615154914,0.7734331965,0.3026849417,1.4894270953,-1.1150497767,2.5729111331
0.6620391491,0.7737671720,0.3032922074,1.4932378714,-1.1151715744,2.5769789597
0.6625628067,0.7741011476,0.3038994731,1.4970509358,-1.1152865554,2.5810490859
0.6630864644,0.7744351232,0.3045067388,1.5008661679,-1.1153947130,2.5851213911
0.6636101221,0.7747690988,0.3051140045,1.5046834467,-1.1154960408,2.5891957543
0.6641337798,0.7751030744,0.3057212701,1.5085026510,-1.1155905325,2.5932720543
0.6646574374,0.7754370500,0.3063285358,1.5123236589,-1.1156781824,2.5973501691
0.6651810951,0.7757710256,0.3069358015,1.5161463484,-1.1157589851,2.6014299769
0.6657047528,0.7761050012,0.3075430672,1.5199705971,-1.1158329356,2.6055113553
0.6662284104,0.7764389767,0.3081503328,1.5237962825,-1.1159000290,2.6095941815
0.6667520681,0.7767729523,0.3087575985,1.5276232815,-1.1159602611,2.6136783326
0.6672757258,0.7771069279,0.3093648642,1.5314514710,-1.1160136277,2.6177636854
0.6677993834,0.7774409035,0.3099721299,1.5352807276,-1.1160601253,2.6218501166
0.6683230411,0.7777748791,0.3105793956,1.5391109277,-1.1160997505,2.6259375025
0.6688466988,0.7781088547,0.3111866612,1.5429419475,-1.1161325004,2.6300257194
0.6693703564,0.7784428303,0.3117939269,1.5467736631,-1.1161583723,2.6341146432
0.6698940141,0.7787768059,0.3124011926,1.5506059503,-1.1161773641,2.6382041500
0.6704176718,0.7791107815,0.3130084583,1.5544386851,-1.1161894738,2.6422941154
0.6709413295,0.7794447570,0.3136157239,1.5582717432,-1.1161946999,2.6463844154
0.6714649871,0.7797787326,0.3142229896,1.5621050001,-1.1161930413,2.6504749255
0.6719886448,0.7801127082,0.3148302553,1.5659383317,-1.1161844971,2.6545655213
0.6725123025,0.7804466838,0.3154375210,1.5697716135,-1.1161690669,2.6586560786
0.6730359601,0.7807806594,0.3160447867,1.5736047211,-1.1161467505,2.6627464728
0.6735596178,0.7811146350,0.3166520523,1.5774375302,-1.1161175483,2.6668365797
0.6740832755,0.7814486106,0.3172593180,1.5812699166,-1.1160814609,2.6709262749
0.6746069331,0.7817825862,0.3178665837,1.5851017559,-1.1160384892,2.6750154344
0.6751305908,0.7821165617,0.3184738494,1.5889329242,-1.1159886346,2.6791039338
0.6756542485,0.7824505373,0.3190811150,1.5927632974,-1.1159318988,2.6831916494
0.6761779062,0.7827845129,0.3196883807,1.5965927517,-1.1158682838,2.6872784572
0.6767015638,0.7831184885,0.3202956464,1.6004211635,-1.1157977920,2.6913642335
0.6772252215,0.7834524641,0.3209029121,1.6042484092,-1.1157204262,2.6954488549
0.6777488792,0.7837864397,0.3215101778,1.6080743657,-1.1156361895,2.6995321982
0.6782725368,0.7841204153,0.3221174434,1.6118989100,-1.1155450854,2.7036141403
0.6787961945,0.7844543909,0.3227247091,1.6157219193,-1.1154471176,2.7076945586
0.6793198522,0.7847883665,0.3233319748,1.6195432711,-1.1153422905,2.7117733304
0.6798435098,0.7851223420,0.3239392405,1.6233628433,-1.1152306084,2.7158503337
0.6803671675,0.7854563176,0.3245465061,1.6271805142,-1.1151120764,2.7199254467
0.6808908252,0.7857902932,0.3251537718,1.6309961621,-1.1149866995,2.7239985479
0.6814144828,0.7861242688,0.3257610375,1.6348096661,-1.1148544834,2.7280695161
0.6819381405,0.7864582444,0.3263683032,1.6386209055,-1.1147154340,2.7321382308
0.6824617982,0.7867922200,0.3269755689,1.6424297600,-1.1145695576,2.7362045715
0.6829854559,0.7871261956,0.3275828345,1.6462361097,-1.1144168608,2.7402684186
0.6835091135,0.7874601712,0.3281901002,1.6500398353,-1.1142573505,2.7443296525
0.6840327712,0.7877941468,0.3287973659,1.6538408179,-1.1140910341,2.7483881545
0.6845564289,0.7881281223,0.3294046316,1.6576389392,-1.1139179191,2.7524438061
0.6850800865,0.7884620979,0.3300118972,1.6614340812,-1.1137380135,2.7564964894
0.6856037442,0.7887960735,0.3306191629,1.6652261267,-1.1135513257,2.7605460872
0.6861274019,0.7891300491,0.3312264286,1.6690149589,-1.1133578642,2.7645924827
0.6866510595,0.7894640247,0.3318336943,1.6728004616,-1.1131576381,2.7686355597
0.6871747172,0.7897980003,0.3324409600,1.6765825194,-1.1129506566,2.7726752026
0.6876983749,0.7901319759,0.3330482256,1.6803610172,-1.1127369294,2.7767112965
0.6882220325,0.7904659515,0.3336554913,1.6841358407,-1.1125164664,2.7807437272
0.6887456902,0.7907999270,0.3342627570,1.6879068764,-1.1122892779,2.7847723809
0.6892693479,0.7911339026,0.3348700227,1.6916740113,-1.1120553746,2.7887971447
0.6897930056,0.7914678782,0.3354772883,1.6954371331,-1.1118147672,2.7928179063
0.6903166632,0.7918018538,0.3360845540,1.6991961303,-1.1115674670,2.7968345543
0.6908403209,0.7921358294,0.3366918197,1.7029508921,-1.1113134857,2.8008469778
0.6913639786,0.7924698050,0.3372990854,1.7067013085,-1.1110528350,2.8048550667
0.6918876362,0.7928037806,0.3379063511,1.7104472701,-1.1107855271,2.8088587118
0.6924112939,0.7931377562,0.3385136167,1.7141886685,-1.1105115744,2.8128578046
0.6929349516,0.7934717318,0.3391208824,1.7179253960,-1.1102309898,2.8168522372
0.6934586092,0.7938057073,0.3397281481,1.7216573457,-1.1099437863,2.8208419030
0.6939822669,0.7941396829,0.3403354138,1.7253844116,-1.1096499773,2.8248266957
0.6945059246,0.7944736585,0.3409426794,1.7291064884,-1.1093495764,2.8288065103
0.6950295823,0.7948076341,0.3415499451,1.7328234718,-1.1090425977,2.8327812424
0.6955532399,0.7951416097,0.3421572108,1.7365352584,-1.1087290553,2.8367507884
0.6960768976,0.7954755853,0.3427644765,1.7402417456,-1.1084089637,2.8407150459
0.6966005553,0.7958095609,0.3433717422,1.7439428318,-1.1080823379,2.8446739131
0.6971242129,0.7961435365,0.3439790078,1.7476384162,-1.1077491928,2.8486272893
0.6976478706,0.7964775121,0.3445862735,1.7513283989,-1.1074095439,2.8525750748
0.6981715283,0.7968114876,0.3451935392,1.7550126812,-1.1070634068,2.8565171706
0.6986951859,0.7971454632,0.3458008049,1.7586911652,-1.1067107974,2.8604534788
0.6992188436,0.7974794388,0.3464080705,1.7623637538,-1.1063517319,2.8643839024
0.6997425013,0.7978134144,0.3470153362,1.7660303512,-1.1059862267,2.8683083456
0.7002661589,0.7981473900,0.3476226019,1.7696908623,-1.1056142985,2.8722267133
0.7007898166,0.7984813656,0.3482298676,1.7733451933,-1.1052359643,2.8761389116
0.7013134743,0.7988153412,0.3488371333,1.7769932511,-1.1048512413,2.8800448475
0.7018371320,0.7991493168,0.3494443989,1.7806349439,-1.1044601470,2.8839444290
0.7023607896,0.7994832923,0.3500516646,1.7842701807,-1.1040626991,2.8878375653
0.7028844473,0.7998172679,0.3506589303,1.7878988717,-1.1036589155,2.8917241666
0.7034081050,0.8001512435,0.3512661960,1.7915209281,-1.1032488144,2.8956041439
0.7039317626,0.8004852191,0.3518734616,1.7951362622,-1.1028324142,2.8994774096
0.7044554203,0.8008191947,0.3524807273,1.7987447872,-1.1024097337,2.9033438770
0.7049790780,0.8011531703,0.3530879930,1.8023464176,-1.1019807917,2.9072034604
0.7055027356,0.8014871459,0.3536952587,1.8059410689,-1.1015456072,2.9110560754
0.7060263933,0.8018211215,0.3543025244,1.8095286576,-1.1011041998,2.9149016385
0.7065500510,0.8021550971,0.3549097900,1.8131091014,-1.1006565888,2.9187400674
0.7070737086,0.8024890726,0.3555170557,1.8166823191,-1.1002027942,2.9225712808
0.7075973663,0.8028230482,0.3561243214,1.8202482305,-1.0997428358,2.9263951986
0.7081210240,0.8031570238,0.3567315871,1.8238067566,-1.0992767338,2.9302117417
0.7086446817,0.8034909994,0.3573388528,1.8273578197,-1.0988045087,2.9340208324
0.7091683393,0.8038249750,0.3579461184,1.8309013428,-1.0983261810,2.9378223937
0.7096919970,0.8041589506,0.3585533841,1.8344372503,-1.0978417715,2.9416163502
0.7102156547,0.8044929262,0.3591606498,1.8379654678,-1.0973513012,2.9454026271
0.7107393123,0.8048269018,0.3597679155,1.8414859218,-1.0968547913,2.9491811512
0.7112629700,0.8051608773,0.3603751811,1.8449985402,-1.0963522631,2.9529518503
0.7117866277,0.8054948529,0.3609824468,1.8485032517,-1.0958437382,2.9567146531
0.7123102853,0.8058288285,0.3615897125,1.8519999865,-1.0953292382,2.9604694898
0.7128339430,0.8061628041,0.3621969782,1.8554886758,-1.0948087851,2.9642162915
0.7133576007,0.8064967797,0.3628042439,1.8589692519,-1.0942824009,2.9679549905
0.7138812584,0.8068307553,0.3634115095,1.8624416482,-1.0937501079,2.9716855204
0.7144049160,0.8071647309,0.3640187752,1.8659057995,-1.0932119284,2.9754078157
0.7149285737,0.8074987065,0.3646260409,1.8693616414,-1.0926678849,2.9791218123
0.7154522314,0.8078326821,0.3652333066,1.8728091110,-1.0921180002,2.9828274470
0.7159758890,0.8081666576,0.3658405722,1.8762481463,-1.0915622971,2.9865246579
0.7164995467,0.8085006332,0.3664478379,1.8796786865,-1.0910007987,2.9902133843
0.7170232044,0.8088346088,0.3670551036,1.8831006720,-1.0904335280,2.9938935666
0.7175468620,0.8091685844,0.3676623693,1.8865140444,-1.0898605083,2.9975651461
0.7180705197,0.8095025600,0.3682696350,1.8899187464,-1.0892817631,3.0012280658
0.7185941774,0.8098365356,0.3688769006,1.8933147217,-1.0886973160,3.0048822692
0.7191178350,0.8101705112,0.3694841663,1.8967019153,-1.0881071905,3.0085277015
0.7196414927,0.8105044868,0.3700914320,1.9000802734,-1.0875114105,3.0121643087
0.7201651504,0.8108384624,0.3706986977,1.9034497431,-1.0869100000,3.0157920380
0.7206888081,0.8111724379,0.3713059633,1.9068102730,-1.0863029830,3.0194108378
0.7212124657,0.8115064135,0.3719132290,1.9101618124,-1.0856903837,3.0230206577
0.7217361234,0.8118403891,0.3725204947,1.9135043121,-1.0850722263,3.0266214483
0.7222597811,0.8121743647,0.3731277604,1.9168377239,-1.0844485352,3.0302131613
0.7227834387,0.8125083403,0.3737350261,1.9201620005,-1.0838193350,3.0337957497
0.7233070964,0.8128423159,0.3743422917,1.9234770961,-1.0831846501,3.0373691675
0.7238307541,0.8131762915,0.3749495574,1.9267829658,-1.0825445054,3.0409333697
0.7243544117,0.8135102671,0.3755568231,1.9300795658,-1.0818989255,3.0444883126
0.7248780694,0.8138442426,0.3761640888,1.9333668535,-1.0812479354,3.0480339537
0.7254017271,0.8141782182,0.3767713544,1.9366447873,-1.0805915600,3.0515702512
0.7259253847,0.8145121938,0.3773786201,1.9399133268,-1.0799298243,3.0550971648
0.7264490424,0.8148461694,0.3779858858,1.9431724327,-1.0792627536,3.0586146550
0.7269727001,0.8151801450,0.3785931515,1.9464220665,-1.0785903729,3.0621226836
0.7274963578,0.8155141206,0.3792004172,1.9496621912,-1.0779127076,3.0656212135
0.7280200154,0.8158480962,0.3798076828,1.9528927706,-1.0772297830,3.0691102083
0.7285436731,0.8161820718,0.3804149485,1.9561137696,-1.0765416245,3.0725896332
0.7290673308,0.8165160474,0.3810222142,1.9593251543,-1.0758482576,3.0760594539
0.7295909884,0.8168500229,0.3816294799,1.9625268916,-1.0751497079,3.0795196377
0.7301146461,0.8171839985,0.3822367455,1.9657189498,-1.0744460009,3.0829701526
0.7306383038,0.8175179741,0.3828440112,1.9689012978,-1.0737371623,3.0864109677
0.7311619614,0.8178519497,0.3834512769,1.9720739059,-1.0730232178,3.0898420532
0.7316856191,0.8181859253,0.3840585426,1.9752367453,-1.0723041931,3.0932633802
0.7322092768,0.8185199009,0.3846658083,1.9783897882,-1.0715801141,3.0966749209
0.7327329345,0.8188538765,0.3852730739,1.9815330077,-1.0708510065,3.1000766486
0.7332565921,0.8191878521,0.3858803396,1.9846663782,-1.0701168964,3.1034685375
0.7337802498,0.8195218276,0.3864876053,1.9877898747,-1.0693778095,3.1068505627
0.7343039075,0.8198558032,0.3870948710,1.9909034736,-1.0686337718,3.1102227005
0.7348275651,0.8201897788,0.3877021366,1.9940071519,-1.0678848093,3.1135849279
0.7353512228,0.8205237544,0.3883094023,1.9971008879,-1.0671309481,3.1169372233
0.7358748805,0.8208577300,0.3889166680,2.0001846606,-1.0663722141,3.1202795655
0.7363985381,0.8211917056,0.3895239337,2.0032584500,-1.0656086334,3.1236119348
0.7369221958,0.8215256812,0.3901311994,2.0063222372,-1.0648402321,3.1269343120
0.7374458535,0.8218596568,0.3907384650,2.0093760041,-1.0640670362,3.1302466790
0.7379695111,0.8221936324,0.3913457307,2.0124197335,-1.0632890720,3.1335490188
0.7384931688,0.8225276079,0.3919529964,2.0154534093,-1.0625063654,3.1368413151
0.7390168265,0.8228615835,0.3925602621,2.0184770160,-1.0617189426,3.1401235526
0.7395404842,0.8231955591,0.3931675277,2.0214905392,-1.0609268298,-3.1397895905
0.7400641418,0.8235295347,0.3937747934,2.0244939655,-1.0601300531,-3.1365275131
0.7405877995,0.8238635103,0.3943820591,2.0274872822,-1.0593286386,-3.1332755353
0.7411114572,0.8241974859,0.3949893248,2.0304704774,-1.0585226124,-3.1300336688
0.7416351148,0.8245314615,0.3955965905,2.0334435402,-1.0577120008,-3.1268019245
0.7421587725,0.8248654371,0.3962038561,2.0364064607,-1.0568968298,-3.1235803125
0.7432060878,0.8255333882,0.3974183875,2.0423018381,-1.0552529141,-3.1171675216
