{
    "time": 2.5469839572906494,
    "initial_pose": [
        -0.13529369772921418,
        -0.434758251336001,
        0.43482545793321076,
        -0.932277561287361,
        -2.4644686096300226,
        -2.231613155320161
    ],
    "best_delta": 111.82863612328904
}