{
    "time": 6.1302289962768555,
    "initial_pose": [
        0.10242942509466046,
        -0.24634739738180467,
        0.27166052071141605,
        1.0545371527305554,
        -0.1982334081863111,
        -0.8237986130743066
    ],
    "best_delta": 101.9491365973124
}