{
    "time": 3.32724666595459,
    "initial_pose": [
        0.2192146222802146,
        -0.3315282601406673,
        0.24011446687407417,
        -2.3944923910932356,
        -0.7900887222099908,
        1.0360476388775608
    ],
    "best_delta": 118.88381580050492
}