{
    "time": 6.144622087478638,
    "initial_pose": [
        0.45418412731452273,
        -0.3829178698797724,
        0.4318586257041197,
        -1.6261395883936929,
        0.5325173060612021,
        -2.5509511420518964
    ],
    "best_delta": 133.158281076233
}