{
    "time": 11.776585340499878,
    "initial_pose": [
        0.4917790982053887,
        -0.5209516375127942,
        0.49015574173261073,
        1.4563192873771902,
        -1.2422118023335889,
        1.2290776223020081
    ],
    "best_delta": 71.9215466676971
}