{
    "time": 2.5361061096191406,
    "initial_pose": [
        0.06711225488402639,
        -0.6282271319911993,
        0.8531939130435142,
        0.02624521979125154,
        2.8704034891689143,
        -2.3964915251092123
    ],
    "best_delta": 249.20631755592373
}