{
    "time": 2.738821029663086,
    "initial_pose": [
        0.4273564776848334,
        -0.7373778141459169,
        0.7308751409466154,
        -1.553479475644504,
        -1.1401761656191354,
        -1.4784521497515197
    ],
    "best_delta": 121.01337684403104
}