{
    "time": 10.111316919326782,
    "initial_pose": [
        0.16198908025377823,
        -0.3341398259964009,
        0.8361865133211648,
        -1.2962267505980507,
        3.0613555512577713,
        -2.157667852572858
    ],
    "best_delta": 134.8481118361193
}