{
    "time": 5.263785123825073,
    "initial_pose": [
        -0.01504292188844758,
        -0.4955376497943248,
        0.3857977463380159,
        -1.3396893254551565,
        -2.135555446917335,
        1.5542299239415749
    ],
    "best_delta": 130.57984015511676
}