{
    "time": 3.2442381381988525,
    "initial_pose": [
        0.016214681743435655,
        -0.8263635741831246,
        0.31040318334726164,
        -1.711089145247342,
        2.195573103656106,
        -1.3853280368667644
    ],
    "best_delta": 78.5630690500722
}