{
    "time": 2.815063953399658,
    "initial_pose": [
        0.3446436737158364,
        -0.1872073831601746,
        0.4071233908193068,
        1.381777863705824,
        -1.231973691695243,
        0.3345940232762851
    ],
    "best_delta": 108.32371409345427
}