{
    "time": 2.596266984939575,
    "initial_pose": [
        -0.11423349175959951,
        -0.5988285953404863,
        0.4115893968684601,
        1.525510692058127,
        -0.8392918642272255,
        0.29277012276639547
    ],
    "best_delta": 172.0622690033495
}