{
    "time": 2.702944040298462,
    "initial_pose": [
        0.20551275027774119,
        -0.4900339083452945,
        0.41160882770558344,
        -3.1210247465051637,
        0.12301136815870399,
        -0.6748612746788685
    ],
    "best_delta": 190.76707630719088
}