{
    "time": 2.197368860244751,
    "initial_pose": [
        0.014024551655871798,
        -0.8378326264398582,
        0.37935862314383334,
        -1.1110021705264885,
        1.2464527237968968,
        0.7715138595431529
    ],
    "best_delta": 304.30456703267976
}