{
    "time": 7.492739915847778,
    "initial_pose": [
        0.39695389304147677,
        -0.698128546568576,
        0.387006709135332,
        -2.4849517114084554,
        -0.5936189020284359,
        0.12511692093043525
    ],
    "best_delta": 200.37011457974168
}