{
    "time": 2.9540560245513916,
    "initial_pose": [
        0.028827400478458776,
        -0.8546526501631208,
        0.7961390485892594,
        -1.2917851039088109,
        2.440894660633138,
        -1.6437795917152669
    ],
    "best_delta": 83.86948723701701
}