{
    "time": 3.914436101913452,
    "initial_pose": [
        -0.1095893695365241,
        -0.06398591535818698,
        0.32749705167257237,
        2.8759743938052122,
        1.8174905661076803,
        1.1815171453177833
    ],
    "best_delta": 112.97145269350109
}