{
    "time": 4.452161073684692,
    "initial_pose": [
        0.10595889328923813,
        -0.5206732434403404,
        0.2950472536461478,
        1.256211583362322,
        0.20892096660918652,
        0.35349160922864464
    ],
    "best_delta": 137.3905911776329
}