{
    "time": 299.82531809806824,
    "initial_pose": [
        0.331981722100842,
        0.29050808610983614,
        0.3544500309499276,
        2.6190427408884562,
        2.376283738289447,
        -0.9550220390755398
    ]
}