{
    "time": 1.629188060760498,
    "initial_pose": [
        0.3116367142319397,
        -0.571033908154944,
        0.25119799543629795,
        0.7439336241529666,
        -2.2855786852614934,
        -0.6122782064734192
    ],
    "best_delta": 119.82365500617938
}