{
    "time": 3.833087921142578,
    "initial_pose": [
        -0.18025435597847772,
        -0.4994009524321831,
        0.3932497582284798,
        -0.6315461165362783,
        3.0895311993954047,
        2.849133329798909
    ],
    "best_delta": 136.08711077113685
}