{
    "time": 4.75139307975769,
    "initial_pose": [
        0.39130728786914715,
        -0.42998044610124464,
        0.49118147648430177,
        2.5934112144483246,
        2.0817080817043534,
        2.178143592182434
    ],
    "best_delta": 156.90687155670705
}