{
    "time": 1.8670251369476318,
    "initial_pose": [
        0.16744157880798405,
        -0.4182621293487141,
        0.6230641939894317,
        3.080871042654212,
        -0.05421011682357426,
        1.3338162336904955
    ],
    "best_delta": 185.57857753230329
}