{
    "time": 6.519870042800903,
    "initial_pose": [
        0.40387311941438386,
        -0.18748413707145073,
        0.8353912830601695,
        2.4757750011267072,
        -0.6954993718097856,
        1.6392729539660063
    ],
    "best_delta": 0.41170531147846146
}