{
    "time": 1.70973801612854,
    "initial_pose": [
        0.48321668629297565,
        -0.4535991148787393,
        0.4650869018652596,
        -0.3378955741817385,
        1.3323339300574797,
        -3.0440887352926986
    ],
    "best_delta": 122.87501548250431
}