{
    "time": 6.42250919342041,
    "initial_pose": [
        0.3875284419208488,
        -0.5766145255427807,
        0.2706433684375905,
        -0.6885920218171363,
        -2.138430826644363,
        -0.19453609699958954
    ],
    "best_delta": 115.3950169799771
}