{
    "time": 3.857908010482788,
    "initial_pose": [
        0.33409621455671046,
        -0.6240720081318379,
        0.4855276621460277,
        2.4851403584412015,
        -2.901863256681217,
        2.1769965404913587
    ],
    "best_delta": 95.22894646602396
}