{
    "time": 3.869533061981201,
    "initial_pose": [
        0.27254610633153875,
        -0.33270898494614476,
        0.41147447486854827,
        -0.9157091674714503,
        1.2489419699914994,
        -2.4620507748925515
    ],
    "best_delta": 114.1136170479589
}