{
    "time": 3.902420997619629,
    "initial_pose": [
        0.24314637176864573,
        -0.4381194561131577,
        0.45860120355234807,
        1.9633313158084382,
        1.7646870194171438,
        2.921279314217877
    ],
    "best_delta": 144.204131576495
}