{
    "time": 15.846331119537354,
    "initial_pose": [
        0.10633314970118823,
        -0.21699529112956384,
        0.3782339558199968,
        -0.5905538687597945,
        -0.8450607271287783,
        -0.5144971582180831
    ],
    "best_delta": 278.4062538729805
}