{
    "time": 3.711329221725464,
    "initial_pose": [
        -0.006099230776071662,
        -0.8635803963724521,
        0.3524351485833097,
        -1.1650968280960485,
        -1.029535505996429,
        2.3238079957282385
    ],
    "best_delta": 111.187846404556
}