{
    "time": 6.4733288288116455,
    "initial_pose": [
        0.19836972210660986,
        -0.7141849412412686,
        0.3478801701645442,
        2.2198300381525895,
        2.3688765226271054,
        1.2317353263445168
    ],
    "best_delta": 129.59774429037773
}