{
    "time": 3.1340219974517822,
    "initial_pose": [
        0.34500195166734404,
        -0.925761803897662,
        0.3131099026886475,
        -1.7225574798799015,
        -1.419204734512424,
        -2.7161994599156216
    ],
    "best_delta": 106.21677831828376
}