{
    "time": 2.51413893699646,
    "initial_pose": [
        0.37192571438489097,
        -0.5334476344025465,
        0.6632157875796687,
        -0.3713461118418529,
        2.496375433998119,
        -2.332443687217459
    ],
    "best_delta": 159.7003794929118
}