{
    "time": 3.8143842220306396,
    "initial_pose": [
        0.09964603823222784,
        -0.42793300239305043,
        0.5867754281347243,
        3.0250392588249606,
        0.911732327308261,
        2.9657673235722712
    ],
    "best_delta": 139.22653020979294
}