{
    "time": 7.9781529903411865,
    "initial_pose": [
        -0.05764028386554709,
        -0.8558059406627597,
        0.3523381214304253,
        2.92520693405628,
        1.4815299811587286,
        1.9161876011808987
    ],
    "best_delta": 224.58106294524265
}