{
    "time": 2.1312010288238525,
    "initial_pose": [
        0.27488841326250035,
        -0.39901969624935574,
        0.20304075285018816,
        2.425074532205788,
        1.3991973888226674,
        1.469502400464027
    ],
    "best_delta": 230.7863899721994
}