{
    "time": 4.910809755325317,
    "initial_pose": [
        0.46618796916151795,
        -0.577450449864029,
        0.39551946902339624,
        -0.6212523781934202,
        0.1504246273011008,
        -1.8918465512493432
    ],
    "best_delta": 151.58656044614742
}