{
    "time": 3.8917181491851807,
    "initial_pose": [
        -0.024867724180827167,
        -0.5897874932383649,
        0.2912502451517742,
        -2.3615692749950186,
        1.2242777303587986,
        0.9537832180288025
    ],
    "best_delta": 234.46003887417282
}