{
    "time": 7.339813947677612,
    "initial_pose": [
        -0.03371416640804348,
        -0.7679330989093273,
        0.39759259936294367,
        2.3637522079971665,
        0.7744234276199756,
        0.40775967986104633
    ],
    "best_delta": 226.30728160323616
}