{
    "time": 4.98469877243042,
    "initial_pose": [
        -0.08988945644055168,
        -0.5852846742044197,
        0.27037194705134493,
        2.067434105421975,
        2.328449392282217,
        -2.324188525316134
    ],
    "best_delta": 146.80789402491516
}