{
    "time": 2.51529598236084,
    "initial_pose": [
        -0.03682131963310975,
        -0.37615335869283284,
        0.25086121144839235,
        1.3908036245058395,
        0.5594151274145568,
        -1.1312163003059048
    ],
    "best_delta": 105.10164583799025
}