{
    "time": 7.186400890350342,
    "initial_pose": [
        0.39534748861023783,
        -0.5922896803711526,
        0.2064945084500898,
        1.8997835955964182,
        2.702848080455561,
        1.3426635350628697
    ],
    "best_delta": 158.45618582752658
}