{
    "time": 5.050005912780762,
    "initial_pose": [
        -0.32392010385867764,
        -0.47204009903525135,
        0.21151783327293802,
        2.3656369997059494,
        -0.8923950630619409,
        0.47317743352870273
    ],
    "best_delta": 291.53900456049644
}