{
    "time": 1.0652039051055908,
    "initial_pose": [
        -0.2917332709302711,
        -0.7476533709641308,
        0.28741972798307475,
        -2.700433512409504,
        -0.3658495585272809,
        1.080908326643462
    ],
    "best_delta": 166.67948402590585
}