{
    "time": 2.923732042312622,
    "initial_pose": [
        -0.00040611,
        -0.88891153,
        0.28538766,
        -2.44495476,
        3.09653978,
        1.92232899
    ],
    "best_delta": 140.2101441164819
}