{
    "time": 3.2564122676849365,
    "initial_pose": [
        0.03232143363311146,
        -0.707743275343942,
        0.2601147868771844,
        -1.120656250044231,
        -2.511901490702475,
        -2.1334297270755473
    ],
    "best_delta": 109.99516165328414
}