{
    "time": 2.40712571144104,
    "initial_pose": [
        0.019351236726745213,
        -0.5732973780189367,
        0.2947496064972063,
        2.2235140053442546,
        0.6051403149685431,
        1.800605391913903
    ],
    "best_delta": 94.06161886819524
}