{
    "time": 2.2009999752044678,
    "initial_pose": [
        0.049198542358380726,
        -0.7437319843582318,
        0.48947674740908076,
        0.3218220482752435,
        1.8612141659639483,
        2.633491551078281
    ],
    "best_delta": 145.68496241685736
}