{
    "time": 9.07371187210083,
    "initial_pose": [
        0.3351380787768097,
        -0.3463850612490419,
        0.28128452694640493,
        1.2078408213937986,
        1.7735086382989413,
        -1.939845308762528
    ],
    "best_delta": 74.49456579598018
}