{
    "time": 9.873430967330933,
    "initial_pose": [
        0.07451033,
        -0.72768253,
        0.47153299,
        0.62004492,
        1.18992992,
        -0.10787722
    ],
    "best_delta": 2.2576627081436214
}