{
    "time": 32.959009647369385,
    "initial_pose": [
        0.4067800043615837,
        -0.26016779070817586,
        0.3974154387153264,
        0.41395757539705735,
        3.051421391425172,
        -1.305554338945017
    ]
}