{
    "time": 3.6900479793548584,
    "initial_pose": [
        0.1644754060856527,
        -0.3651223705267618,
        0.6951374109768691,
        2.4232915208582417,
        -2.3818280887605625,
        0.9628599422127915
    ],
    "best_delta": 156.56854504780793
}