{
    "time": 6.144254922866821,
    "initial_pose": [
        -0.12889351697552887,
        -0.5225785665847775,
        0.25166355083959135,
        2.7019495206528514,
        0.6682867305926298,
        -0.5448031104550658
    ],
    "best_delta": 115.475728569998
}