{
    "time": 2.3127191066741943,
    "initial_pose": [
        -0.019805684976145432,
        -0.8453023872806346,
        0.325501374406981,
        -0.7730540522011425,
        -0.7737043626175821,
        -1.2439779999499343
    ],
    "best_delta": 134.19780053362985
}