{
    "time": 3.854717969894409,
    "initial_pose": [
        0.21457582075466552,
        -0.48192413804738,
        0.2942926707835688,
        -0.9626683056523929,
        2.3888664552973524,
        2.3592057890691818
    ],
    "best_delta": 75.80752883672456
}