{
  "number_of_trajectories": 50,
  "success_rate": 0.15873015873015872,
  "average_time": 4.07037275314331,
  "average_length": 180.72018322539762,
  "best_length": 97.5213621344443,
  "worst_length": 342.3639290875537
}
