{
    "time": 9.200354099273682,
    "initial_pose": [
        0.17245010762313184,
        -0.6306140540260959,
        0.5736020400447716,
        1.531070941646586,
        -2.0330350767854464,
        -0.49734634013432694
    ],
    "best_delta": 97.5213621344443
}