{
    "time": 7.318542718887329,
    "initial_pose": [
        0.2654197159776519,
        -0.2544089812328183,
        0.5266704029641542,
        -2.4156477681003876,
        1.479121492115642,
        -0.4885758551440196
    ],
    "best_delta": 139.69620842581068
}