{
    "time": 26.52784299850464,
    "initial_pose": [
        0.4361901762871565,
        -0.23562234347833022,
        0.2637177467865416,
        -1.9592661442820867,
        2.2580036914205377,
        1.499235100468664
    ],
    "best_delta": 716.1471966968173
}