{
    "time": 3.7676260471343994,
    "initial_pose": [
        0.4132261863414427,
        -0.3360564828137307,
        0.5014347428137538,
        -0.6362690086577849,
        -1.2088627973544732,
        -1.1688231442409507
    ],
    "best_delta": 96.2821701950198
}