{
    "time": 4.212100267410278,
    "initial_pose": [
        -0.21658255179982278,
        -0.2716588532905775,
        0.46843184880224614,
        1.1788312489353654,
        0.41963294197086026,
        -1.203009597146697
    ],
    "best_delta": 103.43709908079147
}