{
    "time": 8.554779767990112,
    "initial_pose": [
        0.44456323331821335,
        -0.36392315754047233,
        0.28241755162885096,
        0.1295218187523915,
        2.7639309237820884,
        -2.4830970148994687
    ],
    "best_delta": 296.21470092231095
}