{
    "time": 3.2416069507598877,
    "initial_pose": [
        -0.0334991025649346,
        -0.6467771499602178,
        0.7439368642764317,
        1.628823605261232,
        1.4740956851166291,
        1.5826051805278685
    ],
    "best_delta": 167.61286324807168
}