{
    "time": 2.047908067703247,
    "initial_pose": [
        -0.25301708364785935,
        -0.9113891373811135,
        0.253262453577825,
        0.1292227584862511,
        1.103403444298099,
        -1.722084164411489
    ],
    "best_delta": 116.54990474418463
}