{
    "time": 7.481765031814575,
    "initial_pose": [
        0.4419548055666922,
        -0.1546068224346554,
        0.2093745811383404,
        -0.7630335412481166,
        -1.497072686587856,
        -1.432844633135998
    ],
    "best_delta": 151.95449986457598
}