{
    "time": 3.316188097000122,
    "initial_pose": [
        0.16025985409441246,
        -0.4208142167949721,
        0.49863064666868345,
        -2.6783034195923436,
        -2.354924388802198,
        0.9101704564420073
    ],
    "best_delta": 147.1147734535848
}