{
    "number_of_trajectories": 1,
    "success_rate": 1.0,
    "average_time": 24.32459282875061,
    "average_length": 640.3887159872467,
    "best_length": 640.3887159872467,
    "worst_length": 640.3887159872467
}