{
    "time": 2.775106191635132,
    "initial_pose": [
        -0.21144561403856554,
        -0.8263198690241986,
        0.3950991773161412,
        2.965136833360605,
        0.5832521538357727,
        0.1703418419774896
    ],
    "best_delta": 200.88106550141126
}