{
    "time": 6.5594727993011475,
    "initial_pose": [
        0.0601341378888286,
        -0.07725089067149127,
        0.5717749622637741,
        -2.6882608665601233,
        0.43505853540133976,
        0.9734896003450327
    ],
    "best_delta": 99.44224295468102
}