{
    "time": 4.516452312469482,
    "initial_pose": [
        0.07822810596319407,
        -0.6515843884785555,
        0.2960609306827347,
        -1.6694056526066838,
        2.7197136211513215,
        -0.5938001593737565
    ],
    "best_delta": 79.2395884318646
}