{
    "time": 3.779191017150879,
    "initial_pose": [
        -0.2042125124165809,
        -0.7545946180434767,
        0.41399454425009075,
        -0.5377426224150879,
        -2.3666655949484445,
        -1.7582853939450462
    ],
    "best_delta": 136.44311472371902
}