{
    "time": 1.415379285812378,
    "initial_pose": [
        0.15047178702538144,
        -0.20827058295214695,
        0.44200812710903514,
        0.7295207758196259,
        -2.480442793704268,
        -0.08117846593627666
    ],
    "best_delta": 119.99872530716857
}