{
    "time": 9.192798376083374,
    "initial_pose": [
        -0.32120978301636993,
        -0.48998580143116444,
        0.5537114947287235,
        2.1591707834697376,
        1.7815955869484357,
        2.6325538939050372
    ],
    "best_delta": 189.467927886833
}