{
    "time": 1.914637804031372,
    "initial_pose": [
        0.024188095429922618,
        -0.8758542499196108,
        0.4566851121455215,
        2.9014655591270873,
        1.1508159868768726,
        1.898901384829626
    ],
    "best_delta": 177.90250226762865
}