{
    "time": 6.026308059692383,
    "initial_pose": [
        0.027945289677196783,
        -0.542865793770422,
        0.2846968296578484,
        0.17932721119026984,
        2.6721796402604765,
        3.0158931833901916
    ],
    "best_delta": 191.14918274989893
}