{
    "time": 101.62329697608948,
    "initial_pose": [
        0.017849116699610423,
        -0.5078868815901167,
        0.3831195310917674,
        1.3789163722241444,
        0.22446526503219372,
        -0.6984265122979448
    ],
    "best_delta": 0.5077082064507861
}