{
    "time": 2.138611078262329,
    "initial_pose": [
        0.38958083775207053,
        -0.5582531870241317,
        0.6137691132060996,
        -0.07393088146170959,
        1.245934091314478,
        -3.002901991883561
    ],
    "best_delta": 123.79845229571293
}