{
    "time": 5.806235313415527,
    "initial_pose": [
        0.4459438227105016,
        -0.10277283177873864,
        0.4144752775869155,
        0.4773175491671325,
        -3.08040589665563,
        -1.695847359967061
    ],
    "best_delta": 123.78932484576315
}