{
    "time": 2.638795852661133,
    "initial_pose": [
        0.11252209803524327,
        -0.282860911617256,
        0.43595884452959066,
        -1.4694534573603821,
        -2.7753194153390384,
        2.5975173557722595
    ],
    "best_delta": 163.76562529787395
}