{
    "time": 9.899232864379883,
    "initial_pose": [
        0.17011939231121054,
        -0.9575368068009323,
        0.22703524639650874,
        1.8122835626487726,
        1.6699567270442661,
        2.6148766476478977
    ],
    "best_delta": 83.23032669895395
}