{
    "time": 2.3756396770477295,
    "initial_pose": [
        -0.2142063989695817,
        -0.7824397244383712,
        0.4259187485990763,
        1.6921655779960396,
        -3.08911165789001,
        2.1878476073307302
    ],
    "best_delta": 100.61782822518872
}