{
    "time": 4.896561861038208,
    "initial_pose": [
        -0.1323427811335285,
        -0.3139386735274461,
        0.6455113026198366,
        2.2784467212778488,
        -0.30988320769809985,
        0.7551549876567579
    ],
    "best_delta": 196.99979740317954
}