{
    "time": 5.4583961963653564,
    "initial_pose": [
        0.17727768320118675,
        -0.6793870365680017,
        0.7007048042957533,
        0.5036069127068603,
        -1.9771387424082845,
        -0.2496900653291502
    ],
    "best_delta": 134.51448773413634
}