{
    "time": 1.7675578594207764,
    "initial_pose": [
        0.467812389288945,
        -0.7825149030362573,
        0.2806507087696044,
        0.18891201587960696,
        0.9559289655274388,
        -0.0994922834886261
    ],
    "best_delta": 139.58545254280125
}