{
    "time": 4.591865062713623,
    "initial_pose": [
        0.01261236169788127,
        -0.6433870374635063,
        0.4173803291160915,
        -0.2510387382056387,
        -1.3491839146636908,
        -0.761034149751036
    ],
    "best_delta": 161.83469517546737
}