{
    "time": 787.0564789772034,
    "initial_pose": [
        0.21187375547903842,
        -0.3950817554874576,
        0.5072515235534881,
        1.597523991297455,
        0.6795059131779648,
        -0.2107399435775181
    ],
    "best_delta": 93.76525361505888
}