{
    "number_of_trajectories": 1,
    "success_rate": 1.0,
    "average_time": 9.882986307144165,
    "average_length": 2.2576627081436214,
    "best_length": 2.2576627081436214,
    "worst_length": 2.2576627081436214
}