{
    "time": 3.721952199935913,
    "initial_pose": [
        0.31866575325841384,
        -0.4418080170514982,
        0.6054700210396065,
        1.1090822537514178,
        -2.1055341871840447,
        0.4534012727634542
    ],
    "best_delta": 103.12103945199605
}