{
    "time": 4.094135999679565,
    "initial_pose": [
        0.2935887167975393,
        -0.45076256826078864,
        0.6061972741510158,
        1.8892808705099737,
        1.6225518005824937,
        1.534168524253316
    ],
    "best_delta": 82.90072935643609
}