{
    "number_of_trajectories": 1,
    "success_rate": 0.3333333333333333,
    "average_time": 6.525708913803101,
    "average_length": 0.41170531147846146,
    "best_length": 0.41170531147846146,
    "worst_length": 0.41170531147846146
}