{
    "number_of_trajectories": 1,
    "success_rate": 1.0,
    "average_time": 48.25371289253235,
    "average_length": 3.2199983013406692,
    "best_length": 3.2199983013406692,
    "worst_length": 3.2199983013406692
}