{
    "time": 8.43828821182251,
    "initial_pose": [
        -0.07619043069413256,
        -0.2796038381552337,
        0.39783864051317297,
        2.1695575695860096,
        0.40332641473907277,
        1.3164699084180844
    ],
    "best_delta": 199.16124121341207
}