{
    "time": 3.30765700340271,
    "initial_pose": [
        0.038442419540688944,
        -0.459765161890464,
        0.5055839935025475,
        -2.5677351533311255,
        -2.6369653226807306,
        -3.1096331438444706
    ],
    "best_delta": 205.3691121556952
}