{
    "time": 2.846940279006958,
    "initial_pose": [
        0.044723261660385205,
        -0.8795493226793674,
        0.507074531366627,
        2.1734470103721777,
        0.6637559630475374,
        1.4568901492669906
    ],
    "best_delta": 71.69571084644602
}